,lap,lap_time,distance,next_corner,speed,throttle,brake
0,29,0.016,2.15625,T1,280.0,1.0,0.0
1,29,0.016,2.15625,T1,281.0,1.0,0.0
2,29,0.05,4.765625,T1,281.0,1.0,0.0
3,29,0.05,4.765625,T1,282.0,1.0,0.0
4,29,0.116,10.0078125,T1,282.0,1.0,0.0
5,29,0.116,10.0078125,T1,283.0,1.0,0.0
6,29,0.166,13.953125,T1,283.0,1.0,0.0
7,29,0.166,13.953125,T1,284.0,1.0,0.0
8,29,0.216,17.90625,T1,284.0,1.0,0.0
9,29,0.216,17.90625,T1,285.0,1.0,0.0
10,29,0.266,21.8671875,T1,285.0,1.0,0.0
11,29,0.266,21.8671875,T1,285.0,1.0,0.0
12,29,0.316,24.515625,T1,285.0,1.0,0.0
13,29,0.316,24.515625,T1,286.0,1.0,0.0
14,29,0.366,29.828125,T1,286.0,1.0,0.0
15,29,0.366,29.828125,T1,287.0,1.0,0.0
16,29,0.416,33.828125,T1,287.0,1.0,0.0
17,29,0.416,33.828125,T1,288.0,1.0,0.0
18,29,0.466,37.8359375,T1,288.0,1.0,0.0
19,29,0.466,37.8359375,T1,288.0,1.0,0.0
20,29,0.516,41.8515625,T1,288.0,1.0,0.0
21,29,0.516,41.8515625,T1,289.0,1.0,0.0
22,29,0.566,44.53125,T1,289.0,1.0,0.0
23,29,0.566,44.53125,T1,289.0,1.0,0.0
24,29,0.616,49.9140625,T1,289.0,1.0,0.0
25,29,0.616,49.9140625,T1,290.0,1.0,0.0
26,29,0.666,53.9609375,T1,290.0,1.0,0.0
27,29,0.666,53.9609375,T1,291.0,1.0,0.0
28,29,0.716,58.015625,T1,291.0,1.0,0.0
29,29,0.716,58.015625,T1,292.0,1.0,0.0
30,29,0.766,62.078125,T1,292.0,1.0,0.0
31,29,0.766,62.078125,T1,292.0,1.0,0.0
32,29,0.816,64.7890625,T1,292.0,1.0,0.0
33,29,0.816,64.7890625,T1,293.0,1.0,0.0
34,29,0.866,70.234375,T1,293.0,1.0,0.0
35,29,0.866,70.234375,T1,294.0,1.0,0.0
36,29,0.916,74.328125,T1,294.0,1.0,0.0
37,29,0.916,74.328125,T1,294.0,1.0,0.0
38,29,0.966,78.4296875,T1,294.0,1.0,0.0
39,29,0.966,78.4296875,T1,295.0,1.0,0.0
40,29,1.016,82.5390625,T1,295.0,1.0,0.0
41,29,1.016,82.5390625,T1,296.0,1.0,0.0
42,29,1.066,86.65625,T1,296.0,1.0,0.0
43,29,1.066,86.65625,T1,296.0,1.0,0.0
44,29,1.116,90.78125,T1,296.0,1.0,0.0
45,29,1.116,90.78125,T1,297.0,1.0,0.0
46,29,1.166,94.9140625,T1,297.0,1.0,0.0
47,29,1.166,94.9140625,T1,297.0,1.0,0.0
48,29,1.216,99.0625,T1,297.0,1.0,0.0
49,29,1.216,99.0625,T1,298.0,1.0,0.0
50,29,1.266,103.21875,T1,298.0,1.0,0.0
51,29,1.266,103.21875,T1,299.0,1.0,0.0
52,29,1.316,105.9921875,T1,299.0,1.0,0.0
53,29,1.316,105.9921875,T1,299.0,1.0,0.0
54,29,1.366,111.546875,T1,299.0,1.0,0.0
55,29,1.366,111.546875,T1,300.0,1.0,0.0
56,29,1.416,115.7265625,T1,300.0,1.0,0.0
57,29,1.416,115.7265625,T1,301.0,1.0,0.0
58,29,1.466,119.9140625,T1,301.0,1.0,0.0
59,29,1.466,119.9140625,T1,301.0,1.0,0.0
60,29,1.516,122.7109375,T1,301.0,1.0,0.0
61,29,1.516,122.7109375,T1,302.0,1.0,0.0
62,29,1.566,128.3125,T1,302.0,1.0,0.0
63,29,1.566,128.3125,T1,302.0,1.0,0.0
64,29,1.616,132.515625,T1,302.0,1.0,0.0
65,29,1.616,132.515625,T1,303.0,1.0,0.0
66,29,1.666,136.734375,T1,303.0,1.0,0.0
67,29,1.666,136.734375,T1,303.0,1.0,0.0
68,29,1.716,140.9609375,T1,303.0,1.0,0.0
69,29,1.716,140.9609375,T1,304.0,1.0,0.0
70,29,1.766,143.78125,T1,304.0,1.0,0.0
71,29,1.766,143.78125,T1,304.0,1.0,0.0
72,29,1.816,149.4375,T1,304.0,1.0,0.0
73,29,1.816,149.4375,T1,305.0,1.0,0.0
74,29,1.866,153.6796875,T1,305.0,1.0,0.0
75,29,1.866,153.6796875,T1,306.0,1.0,0.0
76,29,1.916,157.9375,T1,306.0,1.0,0.0
77,29,1.916,157.9375,T1,306.0,1.0,0.0
78,29,1.966,162.203125,T1,306.0,1.0,0.0
79,29,1.966,162.203125,T1,307.0,1.0,0.0
80,29,2.016,166.46875,T1,307.0,1.0,0.0
81,29,2.016,166.46875,T1,307.0,1.0,0.0
82,29,2.066,170.7421875,T1,307.0,1.0,0.0
83,29,2.066,170.7421875,T1,308.0,1.0,0.0
84,29,2.116,175.03125,T1,308.0,1.0,0.0
85,29,2.116,175.03125,T1,308.0,1.0,0.0
86,29,2.166,179.3203125,T1,308.0,1.0,0.0
87,29,2.166,179.3203125,T1,309.0,1.0,0.0
88,29,2.216,182.1796875,T1,309.0,1.0,0.0
89,29,2.216,182.1796875,T1,309.0,1.0,0.0
90,29,2.266,187.9140625,T1,309.0,1.0,0.0
91,29,2.266,187.9140625,T1,310.0,1.0,0.0
92,29,2.316,192.2265625,T1,310.0,1.0,0.0
93,29,2.316,192.2265625,T1,310.0,1.0,0.0
94,29,2.366,196.5390625,T1,310.0,1.0,0.0
95,29,2.366,196.5390625,T1,310.0,1.0,0.0
96,29,2.416,200.859375,T1,310.0,1.0,0.0
97,29,2.416,200.859375,T1,311.0,1.0,0.0
98,29,2.466,203.7421875,T1,311.0,1.0,0.0
99,29,2.466,203.7421875,T1,311.0,1.0,0.0
100,29,2.516,209.5234375,T1,311.0,1.0,0.0
101,29,2.516,209.5234375,T1,312.0,1.0,0.0
102,29,2.566,213.859375,T1,312.0,1.0,0.0
103,29,2.566,213.859375,T1,312.0,1.0,0.0
104,29,2.616,218.203125,T1,312.0,1.0,0.0
105,29,2.616,218.203125,T1,313.0,1.0,0.0
106,29,2.666,222.5546875,T1,313.0,1.0,0.0
107,29,2.666,222.5546875,T1,313.0,1.0,0.0
108,29,2.716,226.90625,T1,313.0,1.0,0.0
109,29,2.716,226.90625,T1,313.0,1.0,0.0
110,29,2.766,231.265625,T1,313.0,1.0,0.0
111,29,2.766,231.265625,T1,314.0,1.0,0.0
112,29,2.816,235.6328125,T1,314.0,1.0,0.0
113,29,2.816,235.6328125,T1,314.0,1.0,0.0
114,29,2.866,240.0078125,T1,314.0,1.0,0.0
115,29,2.866,240.0078125,T1,314.0,1.0,0.0
116,29,2.916,244.3828125,T1,314.0,1.0,0.0
117,29,2.916,244.3828125,T1,315.0,1.0,0.0
118,29,2.966,248.765625,T1,315.0,1.0,0.0
119,29,2.966,248.765625,T1,315.0,1.0,0.0
120,29,3.016,253.1484375,T1,315.0,1.0,0.0
121,29,3.016,253.1484375,T1,315.0,1.0,0.0
122,29,3.066,257.5390625,T1,315.0,1.0,0.0
123,29,3.066,257.5390625,T1,316.0,1.0,0.0
124,29,3.116,261.9296875,T1,316.0,1.0,0.0
125,29,3.116,261.9296875,T1,316.0,1.0,0.0
126,29,3.166,266.3359375,T1,316.0,1.0,0.0
127,29,3.166,266.3359375,T1,316.0,1.0,0.0
128,29,3.216,270.734375,T1,316.0,1.0,0.0
129,29,3.216,270.734375,T1,317.0,1.0,0.0
130,29,3.266,275.1484375,T1,317.0,1.0,0.0
131,29,3.266,275.1484375,T1,317.0,1.0,0.0
132,29,3.316,279.5625,T1,317.0,1.0,0.0
133,29,3.316,279.5625,T1,317.0,1.0,0.0
134,29,3.366,283.9765625,T1,317.0,1.0,0.0
135,29,3.366,283.9765625,T1,318.0,1.0,0.0
136,29,3.416,288.3984375,T1,318.0,1.0,0.0
137,29,3.416,288.3984375,T1,318.0,1.0,0.0
138,29,3.466,292.8203125,T1,318.0,1.0,0.0
139,29,3.466,292.8203125,T1,318.0,1.0,0.0
140,29,3.516,297.25,T1,318.0,1.0,0.0
141,29,3.516,297.25,T1,318.0,1.0,0.0
142,29,3.566,301.6796875,T1,318.0,1.0,0.0
143,29,3.566,301.6796875,T1,319.0,1.0,0.0
144,29,3.616,306.1171875,T1,319.0,1.0,0.0
145,29,3.616,306.1171875,T1,319.0,1.0,0.0
146,29,3.666,310.5625,T1,319.0,1.0,0.0
147,29,3.666,310.5625,T1,319.0,1.0,0.0
148,29,3.716,315.0078125,T1,319.0,1.0,0.0
149,29,3.716,315.0078125,T1,319.0,1.0,0.0
150,29,3.766,319.453125,T1,319.0,1.0,0.0
151,29,3.766,319.453125,T1,320.0,1.0,0.0
152,29,3.816,323.90625,T1,320.0,1.0,0.0
153,29,3.816,323.90625,T1,320.0,1.0,0.0
154,29,3.866,328.359375,T1,320.0,1.0,0.0
155,29,3.866,328.359375,T1,320.0,1.0,0.0
156,29,3.916,332.8125,T1,320.0,1.0,0.0
157,29,3.916,332.8125,T1,320.0,1.0,0.0
158,29,3.966,337.265625,T1,320.0,1.0,0.0
159,29,3.966,337.265625,T1,319.0,0.38823530077934265,0.4417099058628082
160,29,4.016,341.6640625,T1,319.0,0.38823530077934265,0.4417099058628082
161,29,4.016,341.6640625,T1,313.0,0.0,0.7771731019020081
162,29,4.066,345.9765625,T1,313.0,0.0,0.7771731019020081
163,29,4.066,345.9765625,T1,307.0,0.0,0.8760101795196533
164,29,4.116,350.1953125,T1,307.0,0.0,0.8760101795196533
165,29,4.116,350.1953125,T1,300.0,0.0,0.8922956585884094
166,29,4.166,354.3203125,T1,300.0,0.0,0.8922956585884094
167,29,4.166,354.3203125,T1,293.0,0.0,0.8868459463119507
168,29,4.216,358.3515625,T1,293.0,0.0,0.8868459463119507
169,29,4.216,358.3515625,T1,287.0,0.0,0.8868459463119507
170,29,4.266,362.2890625,T1,287.0,0.0,0.8868459463119507
171,29,4.266,362.2890625,T1,280.0,0.0,0.8868459463119507
172,29,4.316,366.140625,T1,280.0,0.0,0.8868459463119507
173,29,4.316,366.140625,T1,274.0,0.0,0.8868459463119507
174,29,4.366,369.9140625,T1,274.0,0.0,0.8868459463119507
175,29,4.366,369.9140625,T1,268.0,0.0,0.8868459463119507
176,29,4.416,373.59375,T1,268.0,0.0,0.8868459463119507
177,29,4.416,373.59375,T1,262.0,0.0,0.8868459463119507
178,29,4.466,377.1875,T1,262.0,0.0,0.8868459463119507
179,29,4.466,377.1875,T1,255.0,0.0,0.8868459463119507
180,29,4.516,380.6953125,T1,255.0,0.0,0.8868459463119507
181,29,4.516,380.6953125,T1,249.0,0.0,0.8868459463119507
182,29,4.566,384.1171875,T1,249.0,0.0,0.8868459463119507
183,29,4.566,384.1171875,T1,243.0,0.0,0.8868459463119507
184,29,4.616,387.4453125,T1,243.0,0.0,0.8868459463119507
185,29,4.616,387.4453125,T1,237.0,0.0,0.8868459463119507
186,29,4.666,390.703125,T1,237.0,0.0,0.8868459463119507
187,29,4.666,390.703125,T1,231.0,0.0,0.8868459463119507
188,29,4.716,393.875,T1,231.0,0.0,0.8868459463119507
189,29,4.716,393.875,T1,225.0,0.0,0.8868459463119507
190,29,4.766,396.96875,T1,225.0,0.0,0.8868459463119507
191,29,4.766,396.96875,T1,219.0,0.0,0.8868459463119507
192,29,4.816,399.9765625,T1,219.0,0.0,0.8868459463119507
193,29,4.816,399.9765625,T1,213.0,0.0,0.8868459463119507
194,29,4.866,402.8984375,T1,213.0,0.0,0.8868459463119507
195,29,4.866,402.8984375,T1,207.0,0.0,0.8868459463119507
196,29,4.916,405.7421875,T1,207.0,0.0,0.8868459463119507
197,29,4.916,405.7421875,T1,202.0,0.0,0.8868459463119507
198,29,4.966,408.5078125,T1,202.0,0.0,0.8868459463119507
199,29,4.966,408.5078125,T1,197.0,0.0,0.8868459463119507
200,29,5.016,411.203125,T1,197.0,0.0,0.8868459463119507
201,29,5.016,411.203125,T1,191.0,0.0,0.8868459463119507
202,29,5.066,413.8125,T1,191.0,0.0,0.8868459463119507
203,29,5.066,413.8125,T1,185.0,0.0,0.8868459463119507
204,29,5.116,416.3515625,T1,185.0,0.0,0.8868459463119507
205,29,5.116,416.3515625,T1,180.0,0.0,0.8868459463119507
206,29,5.166,418.8125,T1,180.0,0.0,0.8868459463119507
207,29,5.166,418.8125,T1,175.0,0.0,0.8868459463119507
208,29,5.216,421.203125,T1,175.0,0.0,0.8868459463119507
209,29,5.216,421.203125,T1,171.0,0.0,0.8868459463119507
210,29,5.266,423.53125,T1,171.0,0.0,0.8868459463119507
211,29,5.266,423.53125,T1,166.0,0.0,0.6395806074142456
212,29,5.316,425.7890625,T1,166.0,0.0,0.6395806074142456
213,29,5.316,425.7890625,T1,162.0,0.0,0.5405715703964233
214,29,5.366,427.984375,T1,162.0,0.0,0.5405715703964233
215,29,5.366,427.984375,T1,158.0,0.0,0.4044131934642792
216,29,5.416,430.1171875,T1,158.0,0.0,0.4044131934642792
217,29,5.416,430.1171875,T1,155.0,0.0,0.3194164037704468
218,29,5.466,432.203125,T1,155.0,0.0,0.3194164037704468
219,29,5.466,432.203125,T1,152.0,0.0,0.3160000145435333
220,29,5.516,434.2421875,T2,152.0,0.0,0.3160000145435333
221,29,5.516,434.2421875,T2,150.0,0.0,0.3194164037704468
222,29,5.566,436.2421875,T2,150.0,0.0,0.3194164037704468
223,29,5.566,436.2421875,T2,147.0,0.0,0.3194164037704468
224,29,5.616,438.1875,T2,147.0,0.0,0.3194164037704468
225,29,5.616,438.1875,T2,144.0,0.0,0.24624791741371155
226,29,5.666,440.078125,T2,144.0,0.0,0.24624791741371155
227,29,5.666,440.078125,T2,142.0,0.0,0.05302911251783371
228,29,5.716,441.9140625,T2,142.0,0.0,0.05302911251783371
229,29,5.716,441.9140625,T2,140.0,0.0,0.0
230,29,5.766,443.703125,T2,140.0,0.0,0.0
231,29,5.766,443.703125,T2,137.0,0.0,0.0
232,29,5.816,445.4453125,T2,137.0,0.0,0.0
233,29,5.816,445.4453125,T2,136.0,0.20392157137393951,0.0
234,29,5.866,447.140625,T2,136.0,0.20392157137393951,0.0
235,29,5.866,447.140625,T2,135.0,0.3019607961177826,0.0
236,29,5.916,448.9453125,T2,135.0,0.3019607961177826,0.0
237,29,5.916,448.9453125,T2,134.0,0.3450980484485626,0.0
238,29,5.966,450.8984375,T2,134.0,0.3450980484485626,0.0
239,29,5.966,450.8984375,T2,133.0,0.37254902720451355,0.0
240,29,6.016,452.9609375,T2,133.0,0.37254902720451355,0.0
241,29,6.016,452.9609375,T2,131.0,0.41960784792900085,0.0
242,29,6.066,455.1484375,T2,131.0,0.41960784792900085,0.0
243,29,6.066,455.1484375,T2,130.0,0.4274509847164154,0.0
244,29,6.116,457.515625,T2,130.0,0.4274509847164154,0.0
245,29,6.116,457.515625,T2,129.0,0.4588235318660736,0.0
246,29,6.166,460.125,T2,129.0,0.4588235318660736,0.0
247,29,6.166,460.125,T2,129.0,0.4941176474094391,0.0
248,29,6.216,463.0859375,T2,129.0,0.4941176474094391,0.0
249,29,6.216,463.0859375,T2,128.0,0.529411792755127,0.0
250,29,6.266,465.9296875,T2,128.0,0.529411792755127,0.0
251,29,6.266,465.9296875,T2,128.0,0.5647059082984924,0.0
252,29,6.316,468.5,T2,128.0,0.5647059082984924,0.0
253,29,6.316,468.5,T2,127.0,0.5803921818733215,0.0
254,29,6.366,470.8515625,T2,127.0,0.5803921818733215,0.0
255,29,6.366,470.8515625,T2,127.0,0.6078431606292725,0.0
256,29,6.416,472.3359375,T2,127.0,0.6078431606292725,0.0
257,29,6.416,472.3359375,T2,126.0,0.6039215922355652,0.0
258,29,6.466,475.140625,T2,126.0,0.6039215922355652,0.0
259,29,6.466,475.140625,T2,126.0,0.6117647290229797,0.0
260,29,6.516,477.1328125,T2,126.0,0.6117647290229797,0.0
261,29,6.516,477.1328125,T2,126.0,0.6235294342041016,0.0
262,29,6.566,478.765625,T2,126.0,0.6235294342041016,0.0
263,29,6.566,478.765625,T2,126.0,0.6274510025978088,0.0
264,29,6.616,480.40625,T2,126.0,0.6274510025978088,0.0
265,29,6.616,480.40625,T2,126.0,0.6352941393852234,0.0
266,29,6.666,482.0859375,T2,126.0,0.6352941393852234,0.0
267,29,6.666,482.0859375,T2,127.0,0.6392157077789307,0.0
268,29,6.716,483.78125,T2,127.0,0.6392157077789307,0.0
269,29,6.716,483.78125,T2,127.0,0.6392157077789307,0.0
270,29,6.766,485.4921875,T2,127.0,0.6392157077789307,0.0
271,29,6.766,485.4921875,T2,127.0,0.6392157077789307,0.0
272,29,6.816,487.2265625,T2,127.0,0.6392157077789307,0.0
273,29,6.816,487.2265625,T2,127.0,0.6470588445663452,0.0
274,29,6.866,488.390625,T2,127.0,0.6470588445663452,0.0
275,29,6.866,488.390625,T2,128.0,0.6509804129600525,0.0
276,29,6.916,490.7421875,T2,128.0,0.6509804129600525,0.0
277,29,6.916,490.7421875,T2,129.0,0.6509804129600525,0.0
278,29,6.966,492.5234375,T2,129.0,0.6509804129600525,0.0
279,29,6.966,492.5234375,T2,130.0,0.6509804129600525,0.0
280,29,7.016,494.3359375,T2,130.0,0.6509804129600525,0.0
281,29,7.016,494.3359375,T2,131.0,0.6470588445663452,0.0
282,29,7.066,495.5546875,T2,131.0,0.6470588445663452,0.0
283,29,7.066,495.5546875,T2,132.0,0.6470588445663452,0.0
284,29,7.116,498.03125,T2,132.0,0.6470588445663452,0.0
285,29,7.116,498.03125,T2,133.0,0.6549019813537598,0.0
286,29,7.166,499.8984375,T2,133.0,0.6549019813537598,0.0
287,29,7.166,499.8984375,T2,134.0,0.6666666865348816,0.0
288,29,7.216,501.7890625,T2,134.0,0.6666666865348816,0.0
289,29,7.216,501.7890625,T2,135.0,0.7176470756530762,0.0
290,29,7.266,503.6953125,T2,135.0,0.7176470756530762,0.0
291,29,7.266,503.6953125,T2,137.0,0.772549033164978,0.0
292,29,7.316,504.984375,T2,137.0,0.772549033164978,0.0
293,29,7.316,504.984375,T2,138.0,0.8156862854957581,0.0
294,29,7.366,507.5859375,T2,138.0,0.8156862854957581,0.0
295,29,7.366,507.5859375,T2,140.0,1.0,0.0
296,29,7.416,509.578125,T2,140.0,1.0,0.0
297,29,7.416,509.578125,T2,142.0,1.0,0.0
298,29,7.45,510.921875,T2,142.0,1.0,0.0
299,29,7.45,510.921875,T2,144.0,1.0,0.0
300,29,7.516,512.9609375,T2,144.0,1.0,0.0
301,29,7.516,512.9609375,T2,146.0,1.0,0.0
302,29,7.566,515.734375,T2,146.0,1.0,0.0
303,29,7.566,515.734375,T2,149.0,1.0,0.0
304,29,7.616,517.8515625,T2,149.0,1.0,0.0
305,29,7.616,517.8515625,T2,151.0,1.0,0.0
306,29,7.65,519.2734375,T2,151.0,1.0,0.0
307,29,7.65,519.2734375,T2,153.0,1.0,0.0
308,29,7.716,521.4296875,T2,153.0,1.0,0.0
309,29,7.716,521.4296875,T2,155.0,1.0,0.0
310,29,7.766,524.34375,T2,155.0,1.0,0.0
311,29,7.766,524.34375,T2,157.0,1.0,0.0
312,29,7.816,526.5625,T2,157.0,1.0,0.0
313,29,7.816,526.5625,T2,159.0,1.0,0.0
314,29,7.866,528.8125,T2,159.0,1.0,0.0
315,29,7.866,528.8125,T2,161.0,1.0,0.0
316,29,7.916,530.3203125,T2,161.0,1.0,0.0
317,29,7.916,530.3203125,T2,163.0,1.0,0.0
318,29,7.966,533.3984375,T2,163.0,1.0,0.0
319,29,7.966,533.3984375,T2,166.0,1.0,0.0
320,29,8.016,535.734375,T2,166.0,1.0,0.0
321,29,8.016,535.734375,T2,168.0,1.0,0.0
322,29,8.066,538.1015625,T2,168.0,1.0,0.0
323,29,8.066,538.1015625,T2,170.0,1.0,0.0
324,29,8.116,539.6875,T2,170.0,1.0,0.0
325,29,8.116,539.6875,T2,171.0,1.0,0.0
326,29,8.166,542.890625,T2,171.0,1.0,0.0
327,29,8.166,542.890625,T2,174.0,1.0,0.0
328,29,8.216,545.328125,T2,174.0,1.0,0.0
329,29,8.216,545.328125,T2,176.0,1.0,0.0
330,29,8.266,547.796875,T2,176.0,1.0,0.0
331,29,8.266,547.796875,T2,178.0,1.0,0.0
332,29,8.316,549.453125,T2,178.0,1.0,0.0
333,29,8.316,549.453125,T2,179.0,1.0,0.0
334,29,8.366,552.8046875,T2,179.0,1.0,0.0
335,29,8.366,552.8046875,T2,182.0,1.0,0.0
336,29,8.416,555.3515625,T2,182.0,1.0,0.0
337,29,8.416,555.3515625,T2,184.0,1.0,0.0
338,29,8.466,557.0546875,T2,184.0,1.0,0.0
339,29,8.466,557.0546875,T2,185.0,1.0,0.0
340,29,8.516,560.5078125,T2,185.0,1.0,0.0
341,29,8.516,560.5078125,T2,188.0,1.0,0.0
342,29,8.566,563.1328125,T2,188.0,1.0,0.0
343,29,8.566,563.1328125,T2,190.0,1.0,0.0
344,29,8.616,565.7890625,T2,190.0,1.0,0.0
345,29,8.616,565.7890625,T2,191.0,1.0,0.0
346,29,8.666,567.5703125,T2,191.0,1.0,0.0
347,29,8.666,567.5703125,T2,193.0,1.0,0.0
348,29,8.716,571.15625,T2,193.0,1.0,0.0
349,29,8.716,571.15625,T2,195.0,1.0,0.0
350,29,8.766,573.8828125,T2,195.0,1.0,0.0
351,29,8.766,573.8828125,T2,197.0,1.0,0.0
352,29,8.816,575.7109375,T2,197.0,1.0,0.0
353,29,8.816,575.7109375,T2,198.0,1.0,0.0
354,29,8.866,579.40625,T2,198.0,1.0,0.0
355,29,8.866,579.40625,T2,200.0,1.0,0.0
356,29,8.916,582.203125,T2,200.0,1.0,0.0
357,29,8.916,582.203125,T2,202.0,1.0,0.0
358,29,8.966,584.078125,T2,202.0,1.0,0.0
359,29,8.966,584.078125,T2,203.0,1.0,0.0
360,29,9.016,587.8671875,T2,203.0,1.0,0.0
361,29,9.016,587.8671875,T2,205.0,1.0,0.0
362,29,9.066,590.734375,T2,205.0,1.0,0.0
363,29,9.066,590.734375,T2,207.0,1.0,0.0
364,29,9.116,592.6640625,T2,207.0,1.0,0.0
365,29,9.116,592.6640625,T2,208.0,1.0,0.0
366,29,9.166,596.546875,T2,208.0,1.0,0.0
367,29,9.166,596.546875,T2,211.0,1.0,0.0
368,29,9.216,599.4921875,T2,211.0,1.0,0.0
369,29,9.216,599.4921875,T2,212.0,1.0,0.0
370,29,9.266,601.4609375,T2,212.0,1.0,0.0
371,29,9.266,601.4609375,T2,213.0,1.0,0.0
372,29,9.316,605.4453125,T2,213.0,1.0,0.0
373,29,9.316,605.4453125,T2,216.0,1.0,0.0
374,29,9.35,607.4453125,T2,216.0,1.0,0.0
375,29,9.35,607.4453125,T2,217.0,1.0,0.0
376,29,9.416,610.46875,T2,217.0,1.0,0.0
377,29,9.416,610.46875,T2,218.0,1.0,0.0
378,29,9.466,614.5390625,T2,218.0,1.0,0.0
379,29,9.466,614.5390625,T2,220.0,1.0,0.0
380,29,9.5,616.5859375,T2,220.0,1.0,0.0
381,29,9.5,616.5859375,T2,221.0,1.0,0.0
382,29,9.566,620.7109375,T2,221.0,1.0,0.0
383,29,9.566,620.7109375,T2,224.0,1.0,0.0
384,29,9.6,622.7890625,T2,224.0,1.0,0.0
385,29,9.6,622.7890625,T2,225.0,1.0,0.0
386,29,9.666,626.9765625,T2,225.0,1.0,0.0
387,29,9.666,626.9765625,T2,227.0,1.0,0.0
388,29,9.716,630.140625,T2,227.0,1.0,0.0
389,29,9.716,630.140625,T2,228.0,1.0,0.0
390,29,9.766,632.265625,T2,228.0,1.0,0.0
391,29,9.766,632.265625,T2,229.0,1.0,0.0
392,29,9.816,636.53125,T2,229.0,1.0,0.0
393,29,9.816,636.53125,T2,231.0,1.0,0.0
394,29,9.866,639.7578125,T2,231.0,1.0,0.0
395,29,9.866,639.7578125,T2,232.0,1.0,0.0
396,29,9.916,641.921875,T2,232.0,1.0,0.0
397,29,9.916,641.921875,T2,233.0,1.0,0.0
398,29,9.966,646.2734375,T2,233.0,1.0,0.0
399,29,9.966,646.2734375,T2,235.0,1.0,0.0
400,29,10.0,648.4609375,T2,235.0,1.0,0.0
401,29,10.0,648.4609375,T2,236.0,1.0,0.0
402,29,10.05,651.7578125,T2,236.0,1.0,0.0
403,29,10.05,651.7578125,T2,238.0,1.0,0.0
404,29,10.116,655.078125,T2,238.0,1.0,0.0
405,29,10.116,655.078125,T2,239.0,1.0,0.0
406,29,10.166,659.53125,T2,239.0,1.0,0.0
407,29,10.166,659.53125,T2,241.0,1.0,0.0
408,29,10.2,661.765625,T2,241.0,1.0,0.0
409,29,10.2,661.765625,T2,242.0,1.0,0.0
410,29,10.266,666.2734375,T2,242.0,1.0,0.0
411,29,10.266,666.2734375,T2,243.0,1.0,0.0
412,29,10.3,668.53125,T2,243.0,1.0,0.0
413,29,10.3,668.53125,T2,244.0,1.0,0.0
414,29,10.366,673.0859375,T2,244.0,1.0,0.0
415,29,10.366,673.0859375,T2,246.0,1.0,0.0
416,29,10.416,676.515625,T2,246.0,1.0,0.0
417,29,10.416,676.515625,T2,247.0,1.0,0.0
418,29,10.466,678.8125,T2,247.0,1.0,0.0
419,29,10.466,678.8125,T2,248.0,1.0,0.0
420,29,10.516,683.4375,T2,248.0,1.0,0.0
421,29,10.516,683.4375,T2,250.0,1.0,0.0
422,29,10.566,685.7578125,T2,250.0,1.0,0.0
423,29,10.566,685.7578125,T2,250.0,1.0,0.0
424,29,10.6,689.25,T2,250.0,1.0,0.0
425,29,10.6,689.25,T2,251.0,1.0,0.0
426,29,10.666,693.9296875,T2,251.0,1.0,0.0
427,29,10.666,693.9296875,T2,253.0,1.0,0.0
428,29,10.7,696.28125,T2,253.0,1.0,0.0
429,29,10.7,696.28125,T2,254.0,1.0,0.0
430,29,10.766,701.0078125,T2,254.0,1.0,0.0
431,29,10.766,701.0078125,T2,255.0,1.0,0.0
432,29,10.8,703.375,T2,255.0,1.0,0.0
433,29,10.8,703.375,T2,256.0,1.0,0.0
434,29,10.866,708.15625,T2,256.0,1.0,0.0
435,29,10.866,708.15625,T2,257.0,1.0,0.0
436,29,10.9,710.5546875,T2,257.0,1.0,0.0
437,29,10.9,710.5546875,T2,258.0,1.0,0.0
438,29,10.966,715.3671875,T2,258.0,1.0,0.0
439,29,10.966,715.3671875,T2,259.0,1.0,0.0
440,29,11.016,719.0,T2,259.0,1.0,0.0
441,29,11.016,719.0,T2,260.0,1.0,0.0
442,29,11.066,722.640625,T2,260.0,1.0,0.0
443,29,11.066,722.640625,T2,261.0,1.0,0.0
444,29,11.116,726.296875,T2,261.0,1.0,0.0
445,29,11.116,726.296875,T2,263.0,1.0,0.0
446,29,11.166,728.7421875,T2,263.0,1.0,0.0
447,29,11.166,728.7421875,T2,263.0,1.0,0.0
448,29,11.216,733.6484375,T2,263.0,1.0,0.0
449,29,11.216,733.6484375,T2,264.0,1.0,0.0
450,29,11.266,736.109375,T2,264.0,1.0,0.0
451,29,11.266,736.109375,T2,265.0,1.0,0.0
452,29,11.316,741.0546875,T2,265.0,1.0,0.0
453,29,11.316,741.0546875,T2,266.0,1.0,0.0
454,29,11.349,743.53125,T2,266.0,1.0,0.0
455,29,11.349,743.53125,T2,267.0,1.0,0.0
456,29,11.416,748.515625,T2,267.0,1.0,0.0
457,29,11.416,748.515625,T2,268.0,1.0,0.0
458,29,11.466,752.265625,T2,268.0,1.0,0.0
459,29,11.466,752.265625,T2,269.0,1.0,0.0
460,29,11.516,754.765625,T2,269.0,1.0,0.0
461,29,11.516,754.765625,T2,270.0,1.0,0.0
462,29,11.566,759.796875,T2,270.0,1.0,0.0
463,29,11.566,759.796875,T2,271.0,1.0,0.0
464,29,11.599,762.3203125,T2,271.0,1.0,0.0
465,29,11.599,762.3203125,T2,272.0,1.0,0.0
466,29,11.666,766.1171875,T2,272.0,1.0,0.0
467,29,11.666,766.1171875,T2,273.0,1.0,0.0
468,29,11.716,771.1953125,T2,273.0,1.0,0.0
469,29,11.716,771.1953125,T2,274.0,1.0,0.0
470,29,11.766,775.015625,T2,274.0,1.0,0.0
471,29,11.766,775.015625,T2,275.0,1.0,0.0
472,29,11.816,777.5703125,T2,275.0,1.0,0.0
473,29,11.816,777.5703125,T2,275.0,1.0,0.0
474,29,11.866,782.6953125,T2,275.0,1.0,0.0
475,29,11.866,782.6953125,T2,276.0,1.0,0.0
476,29,11.916,786.5546875,T2,276.0,1.0,0.0
477,29,11.916,786.5546875,T2,277.0,1.0,0.0
478,29,11.966,790.4140625,T2,277.0,1.0,0.0
479,29,11.966,790.4140625,T2,278.0,1.0,0.0
480,29,12.016,793.0,T2,278.0,1.0,0.0
481,29,12.016,793.0,T2,278.0,1.0,0.0
482,29,12.066,798.1796875,T2,278.0,1.0,0.0
483,29,12.066,798.1796875,T2,280.0,1.0,0.0
484,29,12.116,802.078125,T2,280.0,1.0,0.0
485,29,12.116,802.078125,T2,280.0,1.0,0.0
486,29,12.166,805.984375,T2,280.0,1.0,0.0
487,29,12.166,805.984375,T2,281.0,1.0,0.0
488,29,12.216,809.90625,T2,281.0,1.0,0.0
489,29,12.216,809.90625,T2,282.0,1.0,0.0
490,29,12.266,812.5234375,T2,282.0,1.0,0.0
491,29,12.266,812.5234375,T2,282.0,1.0,0.0
492,29,12.316,817.7734375,T2,282.0,1.0,0.0
493,29,12.316,817.7734375,T2,283.0,1.0,0.0
494,29,12.366,821.7265625,T2,283.0,1.0,0.0
495,29,12.366,821.7265625,T2,284.0,1.0,0.0
496,29,12.416,825.6875,T2,284.0,1.0,0.0
497,29,12.416,825.6875,T2,285.0,1.0,0.0
498,29,12.466,828.3359375,T2,285.0,1.0,0.0
499,29,12.466,828.3359375,T2,285.0,1.0,0.0
500,29,12.516,832.3125,T2,285.0,1.0,0.0
501,29,12.516,832.3125,T2,286.0,1.0,0.0
502,29,12.566,837.625,T2,286.0,1.0,0.0
503,29,12.566,837.625,T2,287.0,1.0,0.0
504,29,12.616,841.625,T2,287.0,1.0,0.0
505,29,12.616,841.625,T2,287.0,1.0,0.0
506,29,12.666,845.6328125,T2,287.0,1.0,0.0
507,29,12.666,845.6328125,T2,288.0,1.0,0.0
508,29,12.716,849.6484375,T2,288.0,1.0,0.0
509,29,12.716,849.6484375,T2,289.0,1.0,0.0
510,29,12.766,853.671875,T2,289.0,1.0,0.0
511,29,12.766,853.671875,T2,289.0,1.0,0.0
512,29,12.816,856.359375,T2,289.0,1.0,0.0
513,29,12.816,856.359375,T2,290.0,1.0,0.0
514,29,12.866,861.7421875,T2,290.0,1.0,0.0
515,29,12.866,861.7421875,T2,291.0,1.0,0.0
516,29,12.916,865.796875,T2,291.0,1.0,0.0
517,29,12.916,865.796875,T2,291.0,1.0,0.0
518,29,12.966,869.859375,T2,291.0,1.0,0.0
519,29,12.966,869.859375,T2,292.0,1.0,0.0
520,29,13.016,873.921875,T2,292.0,1.0,0.0
521,29,13.016,873.921875,T2,293.0,1.0,0.0
522,29,13.066,878.0,T2,293.0,1.0,0.0
523,29,13.066,878.0,T2,293.0,1.0,0.0
524,29,13.116,882.0859375,T2,293.0,1.0,0.0
525,29,13.116,882.0859375,T2,294.0,1.0,0.0
526,29,13.166,886.1875,T2,294.0,1.0,0.0
527,29,13.166,886.1875,T2,294.0,1.0,0.0
528,29,13.216,890.2890625,T2,294.0,1.0,0.0
529,29,13.216,890.2890625,T2,295.0,1.0,0.0
530,29,13.266,894.3984375,T2,295.0,1.0,0.0
531,29,13.266,894.3984375,T2,295.0,1.0,0.0
532,29,13.316,897.140625,T2,295.0,1.0,0.0
533,29,13.316,897.140625,T2,296.0,1.0,0.0
534,29,13.366,902.6328125,T2,296.0,1.0,0.0
535,29,13.366,902.6328125,T2,297.0,1.0,0.0
536,29,13.416,906.765625,T2,297.0,1.0,0.0
537,29,13.416,906.765625,T2,297.0,1.0,0.0
538,29,13.466,910.90625,T2,297.0,1.0,0.0
539,29,13.466,910.90625,T2,298.0,1.0,0.0
540,29,13.516,915.0546875,T2,298.0,1.0,0.0
541,29,13.516,915.0546875,T2,298.0,1.0,0.0
542,29,13.566,919.203125,T2,298.0,1.0,0.0
543,29,13.566,919.203125,T2,299.0,1.0,0.0
544,29,13.616,923.3671875,T2,299.0,1.0,0.0
545,29,13.616,923.3671875,T2,299.0,1.0,0.0
546,29,13.666,927.5390625,T2,299.0,1.0,0.0
547,29,13.666,927.5390625,T2,300.0,1.0,0.0
548,29,13.716,931.71875,T2,300.0,1.0,0.0
549,29,13.716,931.71875,T2,301.0,1.0,0.0
550,29,13.766,935.90625,T2,301.0,1.0,0.0
551,29,13.766,935.90625,T2,301.0,1.0,0.0
552,29,13.816,940.09375,T2,301.0,1.0,0.0
553,29,13.816,940.09375,T2,302.0,1.0,0.0
554,29,13.866,944.296875,T2,302.0,1.0,0.0
555,29,13.866,944.296875,T2,302.0,1.0,0.0
556,29,13.916,947.1015625,T2,302.0,1.0,0.0
557,29,13.916,947.1015625,T2,302.0,1.0,0.0
558,29,13.966,951.3125,T2,302.0,1.0,0.0
559,29,13.966,951.3125,T2,303.0,1.0,0.0
560,29,14.016,956.9453125,T2,303.0,1.0,0.0
561,29,14.016,956.9453125,T2,304.0,1.0,0.0
562,29,14.066,961.171875,T2,304.0,1.0,0.0
563,29,14.066,961.171875,T2,304.0,1.0,0.0
564,29,14.116,965.40625,T2,304.0,1.0,0.0
565,29,14.116,965.40625,T2,305.0,1.0,0.0
566,29,14.166,969.6484375,T2,305.0,1.0,0.0
567,29,14.166,969.6484375,T2,305.0,1.0,0.0
568,29,14.216,973.8984375,T2,305.0,1.0,0.0
569,29,14.216,973.8984375,T2,306.0,1.0,0.0
570,29,14.266,978.15625,T2,306.0,1.0,0.0
571,29,14.266,978.15625,T2,306.0,1.0,0.0
572,29,14.316,982.421875,T2,306.0,1.0,0.0
573,29,14.316,982.421875,T2,307.0,1.0,0.0
574,29,14.366,986.6875,T2,307.0,1.0,0.0
575,29,14.366,986.6875,T2,307.0,1.0,0.0
576,29,14.416,990.9609375,T2,307.0,1.0,0.0
577,29,14.416,990.9609375,T2,308.0,1.0,0.0
578,29,14.466,995.2421875,T2,308.0,1.0,0.0
579,29,14.466,995.2421875,T2,308.0,1.0,0.0
580,29,14.516,999.53125,T2,308.0,1.0,0.0
581,29,14.516,999.53125,T2,308.0,1.0,0.0
582,29,14.566,1003.8203125,T2,308.0,1.0,0.0
583,29,14.566,1003.8203125,T2,309.0,1.0,0.0
584,29,14.616,1008.1171875,T2,309.0,1.0,0.0
585,29,14.616,1008.1171875,T2,309.0,1.0,0.0
586,29,14.666,1012.4296875,T2,309.0,1.0,0.0
587,29,14.666,1012.4296875,T2,310.0,1.0,0.0
588,29,14.716,1016.75,T2,310.0,1.0,0.0
589,29,14.716,1016.75,T2,310.0,1.0,0.0
590,29,14.766,1021.0703125,T2,310.0,1.0,0.0
591,29,14.766,1021.0703125,T2,310.0,1.0,0.0
592,29,14.816,1025.390625,T2,310.0,1.0,0.0
593,29,14.816,1025.390625,T2,311.0,1.0,0.0
594,29,14.866,1029.71875,T2,311.0,1.0,0.0
595,29,14.866,1029.71875,T2,311.0,1.0,0.0
596,29,14.916,1034.0546875,T2,311.0,1.0,0.0
597,29,14.916,1034.0546875,T2,311.0,1.0,0.0
598,29,14.966,1038.3984375,T2,311.0,1.0,0.0
599,29,14.966,1038.3984375,T2,312.0,1.0,0.0
600,29,15.016,1041.296875,T2,312.0,1.0,0.0
601,29,15.016,1041.296875,T2,312.0,1.0,0.0
602,29,15.066,1047.1015625,T2,312.0,1.0,0.0
603,29,15.066,1047.1015625,T2,312.0,1.0,0.0
604,29,15.116,1051.453125,T2,312.0,1.0,0.0
605,29,15.116,1051.453125,T2,313.0,1.0,0.0
606,29,15.166,1055.8125,T2,313.0,1.0,0.0
607,29,15.166,1055.8125,T2,313.0,1.0,0.0
608,29,15.216,1060.1875,T2,313.0,1.0,0.0
609,29,15.216,1060.1875,T2,313.0,1.0,0.0
610,29,15.266,1064.5546875,T2,313.0,1.0,0.0
611,29,15.266,1064.5546875,T2,313.0,1.0,0.0
612,29,15.316,1068.9375,T2,313.0,1.0,0.0
613,29,15.316,1068.9375,T2,314.0,1.0,0.0
614,29,15.366,1073.3203125,T3,314.0,1.0,0.0
615,29,15.366,1073.3203125,T3,314.0,1.0,0.0
616,29,15.416,1077.703125,T3,314.0,1.0,0.0
617,29,15.416,1077.703125,T3,314.0,1.0,0.0
618,29,15.466,1082.09375,T3,314.0,1.0,0.0
619,29,15.466,1082.09375,T3,314.0,1.0,0.0
620,29,15.516,1086.484375,T3,314.0,1.0,0.0
621,29,15.516,1086.484375,T3,314.0,1.0,0.0
622,29,15.566,1089.4140625,T3,314.0,1.0,0.0
623,29,15.566,1089.4140625,T3,314.0,1.0,0.0
624,29,15.616,1093.8203125,T3,314.0,1.0,0.0
625,29,15.616,1093.8203125,T3,315.0,1.0,0.0
626,29,15.666,1098.21875,T3,315.0,1.0,0.0
627,29,15.666,1098.21875,T3,315.0,1.0,0.0
628,29,15.716,1104.09375,T3,315.0,1.0,0.0
629,29,15.716,1104.09375,T3,315.0,1.0,0.0
630,29,15.766,1108.5,T3,315.0,1.0,0.0
631,29,15.766,1108.5,T3,315.0,1.0,0.0
632,29,15.816,1112.9140625,T3,315.0,1.0,0.0
633,29,15.816,1112.9140625,T3,316.0,1.0,0.0
634,29,15.866,1117.328125,T3,316.0,1.0,0.0
635,29,15.866,1117.328125,T3,316.0,1.0,0.0
636,29,15.916,1121.75,T3,316.0,1.0,0.0
637,29,15.916,1121.75,T3,316.0,1.0,0.0
638,29,15.966,1126.171875,T3,316.0,1.0,0.0
639,29,15.966,1126.171875,T3,316.0,1.0,0.0
640,29,16.016,1130.6015625,T3,316.0,1.0,0.0
641,29,16.016,1130.6015625,T3,316.0,1.0,0.0
642,29,16.066,1135.046875,T3,316.0,1.0,0.0
643,29,16.066,1135.046875,T3,317.0,1.0,0.0
644,29,16.116,1139.4921875,T3,317.0,1.0,0.0
645,29,16.116,1139.4921875,T3,317.0,1.0,0.0
646,29,16.166,1143.9375,T3,317.0,1.0,0.0
647,29,16.166,1143.9375,T3,317.0,1.0,0.0
648,29,16.216,1148.3828125,T3,317.0,1.0,0.0
649,29,16.216,1148.3828125,T3,317.0,1.0,0.0
650,29,16.266,1152.8203125,T3,317.0,1.0,0.0
651,29,16.266,1152.8203125,T3,317.0,1.0,0.0
652,29,16.316,1157.2578125,T3,317.0,1.0,0.0
653,29,16.316,1157.2578125,T3,316.0,1.0,0.0
654,29,16.366,1161.6875,T3,316.0,1.0,0.0
655,29,16.366,1161.6875,T3,317.0,1.0,0.0
656,29,16.433,1166.1171875,T3,317.0,1.0,0.0
657,29,16.433,1166.1171875,T3,317.0,1.0,0.0
658,29,16.466,1170.5625,T3,317.0,1.0,0.0
659,29,16.466,1170.5625,T3,317.0,1.0,0.0
660,29,16.516,1175.0078125,T3,317.0,1.0,0.0
661,29,16.516,1175.0078125,T3,317.0,1.0,0.0
662,29,16.566,1179.4453125,T3,317.0,1.0,0.0
663,29,16.566,1179.4453125,T3,317.0,1.0,0.0
664,29,16.616,1183.8828125,T3,317.0,1.0,0.0
665,29,16.616,1183.8828125,T3,317.0,1.0,0.0
666,29,16.666,1188.3125,T3,317.0,1.0,0.0
667,29,16.666,1188.3125,T3,317.0,1.0,0.0
668,29,16.716,1192.7421875,T3,317.0,1.0,0.0
669,29,16.716,1192.7421875,T3,317.0,1.0,0.0
670,29,16.766,1197.171875,T3,317.0,1.0,0.0
671,29,16.766,1197.171875,T3,317.0,1.0,0.0
672,29,16.816,1201.6015625,T3,317.0,1.0,0.0
673,29,16.816,1201.6015625,T3,317.0,1.0,0.0
674,29,16.859,1206.03125,T3,317.0,1.0,0.0
675,29,16.859,1206.03125,T3,317.0,1.0,0.0
676,29,16.909,1210.4609375,T3,317.0,1.0,0.0
677,29,16.909,1210.4609375,T3,317.0,1.0,0.0
678,29,16.959,1214.8984375,T3,317.0,1.0,0.0
679,29,16.959,1214.8984375,T3,318.0,1.0,0.0
680,29,17.009,1219.34375,T3,318.0,1.0,0.0
681,29,17.009,1219.34375,T3,318.0,1.0,0.0
682,29,17.059,1223.7890625,T3,318.0,1.0,0.0
683,29,17.059,1223.7890625,T3,318.0,1.0,0.0
684,29,17.126,1228.2265625,T3,318.0,1.0,0.0
685,29,17.126,1228.2265625,T3,318.0,1.0,0.0
686,29,17.159,1232.6484375,T3,318.0,1.0,0.0
687,29,17.159,1232.6484375,T3,318.0,1.0,0.0
688,29,17.209,1237.078125,T3,318.0,1.0,0.0
689,29,17.209,1237.078125,T3,318.0,1.0,0.0
690,29,17.259,1241.5078125,T3,318.0,1.0,0.0
691,29,17.259,1241.5078125,T3,319.0,1.0,0.0
692,29,17.309,1245.9375,T3,319.0,1.0,0.0
693,29,17.309,1245.9375,T3,319.0,1.0,0.0
694,29,17.359,1250.3671875,T3,319.0,1.0,0.0
695,29,17.359,1250.3671875,T3,319.0,1.0,0.0
696,29,17.409,1254.8046875,T3,319.0,1.0,0.0
697,29,17.409,1254.8046875,T3,319.0,1.0,0.0
698,29,17.476,1259.2421875,T3,319.0,1.0,0.0
699,29,17.476,1259.2421875,T3,319.0,1.0,0.0029411918949335814
700,29,17.509,1263.6796875,T3,319.0,1.0,0.0029411918949335814
701,29,17.509,1263.6796875,T3,318.0,0.4156862795352936,0.2956922650337219
702,29,17.559,1268.0703125,T3,318.0,0.4156862795352936,0.2956922650337219
703,29,17.559,1268.0703125,T3,314.0,0.0,0.43039485812187195
704,29,17.626,1272.40625,T3,314.0,0.0,0.43039485812187195
705,29,17.626,1272.40625,T3,309.0,0.0,0.5826017260551453
706,29,17.659,1276.671875,T3,309.0,0.0,0.5826017260551453
707,29,17.659,1276.671875,T3,304.0,0.0,0.6217565536499023
708,29,17.709,1280.8671875,T3,304.0,0.0,0.6217565536499023
709,29,17.709,1280.8671875,T3,299.0,0.0,0.6668204069137573
710,29,17.759,1284.9765625,T3,299.0,0.0,0.6668204069137573
711,29,17.759,1284.9765625,T3,293.0,0.0,0.6993877291679382
712,29,17.809,1289.015625,T3,293.0,0.0,0.6993877291679382
713,29,17.809,1289.015625,T3,287.0,0.0,0.7231857180595398
714,29,17.859,1292.9765625,T3,287.0,0.0,0.7231857180595398
715,29,17.859,1292.9765625,T3,282.0,0.0,0.7872371673583984
716,29,17.909,1296.859375,T3,282.0,0.0,0.7872371673583984
717,29,17.909,1296.859375,T3,276.0,0.0,0.8282821178436279
718,29,17.959,1300.65625,T3,276.0,0.0,0.8282821178436279
719,29,17.959,1300.65625,T3,270.0,0.0,0.833503007888794
720,29,18.009,1304.3671875,T3,270.0,0.0,0.833503007888794
721,29,18.009,1304.3671875,T3,264.0,0.0,0.8282821178436279
722,29,18.059,1307.9921875,T3,264.0,0.0,0.8282821178436279
723,29,18.059,1307.9921875,T3,258.0,0.0,0.8282821178436279
724,29,18.109,1311.5390625,T3,258.0,0.0,0.8282821178436279
725,29,18.109,1311.5390625,T3,252.0,0.0,0.8282821178436279
726,29,18.159,1313.8515625,T3,252.0,0.0,0.8282821178436279
727,29,18.159,1313.8515625,T3,248.0,0.0,0.8282821178436279
728,29,18.209,1318.3828125,T3,248.0,0.0,0.8282821178436279
729,29,18.209,1318.3828125,T3,241.0,0.0,0.8282821178436279
730,29,18.259,1321.6953125,T3,241.0,0.0,0.8282821178436279
731,29,18.259,1321.6953125,T3,235.0,0.0,0.8282821178436279
732,29,18.309,1324.921875,T3,235.0,0.0,0.8282821178436279
733,29,18.309,1324.921875,T3,229.0,0.0,0.8282821178436279
734,29,18.359,1327.0234375,T3,229.0,0.0,0.8282821178436279
735,29,18.359,1327.0234375,T3,225.0,0.0,0.8282821178436279
736,29,18.409,1330.1171875,T3,225.0,0.0,0.8282821178436279
737,29,18.409,1330.1171875,T3,219.0,0.0,0.8282821178436279
738,29,18.459,1334.125,T3,219.0,0.0,0.8282821178436279
739,29,18.459,1334.125,T3,213.0,0.0,0.8282821178436279
740,29,18.509,1337.046875,T3,213.0,0.0,0.8282821178436279
741,29,18.509,1337.046875,T3,207.0,0.0,0.8282821178436279
742,29,18.559,1339.890625,T3,207.0,0.0,0.8282821178436279
743,29,18.559,1339.890625,T3,202.0,0.0,0.8282821178436279
744,29,18.609,1342.6484375,T3,202.0,0.0,0.8282821178436279
745,29,18.609,1342.6484375,T3,196.0,0.0,0.8282821178436279
746,29,18.659,1345.34375,T3,196.0,0.0,0.8282821178436279
747,29,18.659,1345.34375,T3,190.0,0.0,0.8282821178436279
748,29,18.709,1347.953125,T3,190.0,0.0,0.8282821178436279
749,29,18.709,1347.953125,T3,185.0,0.0,0.833503007888794
750,29,18.759,1350.4921875,T3,185.0,0.0,0.833503007888794
751,29,18.759,1350.4921875,T3,181.0,0.0,0.8387441635131836
752,29,18.809,1352.96875,T3,181.0,0.0,0.8387441635131836
753,29,18.809,1352.96875,T3,175.0,0.0,0.8387441635131836
754,29,18.859,1355.3671875,T3,175.0,0.0,0.8387441635131836
755,29,18.859,1355.3671875,T3,170.0,0.0,0.8387441635131836
756,29,18.909,1357.6953125,T3,170.0,0.0,0.8387441635131836
757,29,18.909,1357.6953125,T3,165.0,0.0,0.833503007888794
758,29,18.959,1359.9453125,T3,165.0,0.0,0.833503007888794
759,29,18.959,1359.9453125,T3,159.0,0.0,0.833503007888794
760,29,19.009,1362.125,T3,159.0,0.0,0.833503007888794
761,29,19.009,1362.125,T3,154.0,0.0,0.8387441635131836
762,29,19.059,1364.234375,T3,154.0,0.0,0.8387441635131836
763,29,19.059,1364.234375,T3,150.0,0.0,0.844005823135376
764,29,19.109,1366.28125,T3,150.0,0.0,0.844005823135376
765,29,19.109,1366.28125,T3,145.0,0.0,0.844005823135376
766,29,19.159,1368.2578125,T3,145.0,0.0,0.844005823135376
767,29,19.159,1368.2578125,T3,140.0,0.0,0.8492880463600159
768,29,19.209,1370.171875,T3,140.0,0.0,0.8492880463600159
769,29,19.209,1370.171875,T3,136.0,0.0,0.8545907735824585
770,29,19.259,1372.0234375,T3,136.0,0.0,0.8545907735824585
771,29,19.259,1372.0234375,T3,131.0,0.0,0.8706239461898804
772,29,19.309,1373.8125,T3,131.0,0.0,0.8706239461898804
773,29,19.309,1373.8125,T3,127.0,0.0,0.8977667093276978
774,29,19.359,1375.5390625,T4,127.0,0.0,0.8977667093276978
775,29,19.359,1375.5390625,T4,122.0,0.0,0.914309024810791
776,29,19.409,1377.2109375,T4,122.0,0.0,0.914309024810791
777,29,19.409,1377.2109375,T4,118.0,0.0,0.9310466051101685
778,29,19.459,1378.8125,T4,118.0,0.0,0.9310466051101685
779,29,19.459,1378.8125,T4,114.0,0.0,0.9366697072982788
780,29,19.509,1380.359375,T4,114.0,0.0,0.9366697072982788
781,29,19.509,1380.359375,T4,110.0,0.0,0.9479820728302002
782,29,19.559,1381.8359375,T4,110.0,0.0,0.9479820728302002
783,29,19.559,1381.8359375,T4,106.0,0.0,0.9536716341972351
784,29,19.609,1383.2578125,T4,106.0,0.0,0.9536716341972351
785,29,19.609,1383.2578125,T4,102.0,0.0,0.9536716341972351
786,29,19.659,1384.625,T4,102.0,0.0,0.9536716341972351
787,29,19.659,1384.625,T4,98.0,0.0,0.9536716341972351
788,29,19.709,1385.9296875,T4,98.0,0.0,0.9536716341972351
789,29,19.709,1385.9296875,T4,94.0,0.0,0.9479820728302002
790,29,19.759,1387.1796875,T4,94.0,0.0,0.9479820728302002
791,29,19.759,1387.1796875,T4,90.0,0.0,0.9479820728302002
792,29,19.809,1388.3828125,T4,90.0,0.0,0.9479820728302002
793,29,19.809,1388.3828125,T4,86.0,0.0,0.9479820728302002
794,29,19.859,1389.5390625,T4,86.0,0.0,0.9479820728302002
795,29,19.859,1389.5390625,T4,83.0,0.0,0.40074822306632996
796,29,19.909,1390.65625,T4,83.0,0.0,0.40074822306632996
797,29,19.909,1390.65625,T4,80.0,0.0,0.10958724468946457
798,29,19.959,1391.7578125,T4,80.0,0.0,0.10958724468946457
799,29,19.959,1391.7578125,T4,79.0,0.0,0.055985771119594574
800,29,20.009,1392.8046875,T4,79.0,0.0,0.055985771119594574
801,29,20.009,1392.8046875,T4,77.0,0.0,0.0
802,29,20.059,1393.8203125,T4,77.0,0.0,0.0
803,29,20.059,1393.8203125,T4,76.0,0.0,0.0
804,29,20.109,1394.8046875,T4,76.0,0.0,0.0
805,29,20.109,1394.8046875,T4,75.0,0.0,0.0
806,29,20.159,1395.7734375,T4,75.0,0.0,0.0
807,29,20.159,1395.7734375,T4,75.0,0.0,0.0
808,29,20.209,1396.7265625,T4,75.0,0.0,0.0
809,29,20.209,1396.7265625,T4,73.0,0.0,0.0
810,29,20.259,1397.671875,T4,73.0,0.0,0.0
811,29,20.259,1397.671875,T4,72.0,0.0,0.0
812,29,20.309,1398.6171875,T4,72.0,0.0,0.0
813,29,20.309,1398.6171875,T4,71.0,0.0,0.0
814,29,20.359,1399.5703125,T4,71.0,0.0,0.0
815,29,20.359,1399.5703125,T4,70.0,0.0,0.0
816,29,20.409,1400.5390625,T4,70.0,0.0,0.0
817,29,20.409,1400.5390625,T4,69.0,0.0,0.0
818,29,20.459,1401.5234375,T4,69.0,0.0,0.0
819,29,20.459,1401.5234375,T4,68.0,0.0,0.0
820,29,20.509,1402.5390625,T4,68.0,0.0,0.0
821,29,20.509,1402.5390625,T4,66.0,0.0,0.0
822,29,20.559,1403.59375,T4,66.0,0.0,0.0
823,29,20.559,1403.59375,T4,65.0,0.0,0.0
824,29,20.609,1404.7265625,T4,65.0,0.0,0.0
825,29,20.609,1404.7265625,T4,64.0,0.0,0.0
826,29,20.659,1405.9140625,T4,64.0,0.0,0.0
827,29,20.659,1405.9140625,T4,62.0,0.0,0.0
828,29,20.709,1406.9609375,T4,62.0,0.0,0.0
829,29,20.709,1406.9609375,T4,61.0,0.0,0.0
830,29,20.759,1407.90625,T4,61.0,0.0,0.0
831,29,20.759,1407.90625,T4,60.0,0.0,0.0
832,29,20.809,1408.7734375,T4,60.0,0.0,0.0
833,29,20.809,1408.7734375,T4,59.0,0.0,0.0
834,29,20.859,1409.5625,T4,59.0,0.0,0.0
835,29,20.859,1409.5625,T4,57.0,0.0,0.0
836,29,20.909,1410.3046875,T4,57.0,0.0,0.0
837,29,20.909,1410.3046875,T4,56.0,0.007843137718737125,0.0
838,29,20.959,1411.0078125,T4,56.0,0.007843137718737125,0.0
839,29,20.959,1411.0078125,T4,55.0,0.05098039284348488,0.0
840,29,21.009,1411.6640625,T4,55.0,0.05098039284348488,0.0
841,29,21.009,1411.6640625,T4,54.0,0.10588235408067703,0.0
842,29,21.059,1412.3046875,T4,54.0,0.10588235408067703,0.0
843,29,21.059,1412.3046875,T4,53.0,0.14901961386203766,0.0
844,29,21.109,1412.921875,T4,53.0,0.14901961386203766,0.0
845,29,21.109,1412.921875,T4,53.0,0.1725490242242813,0.0
846,29,21.159,1413.328125,T4,53.0,0.1725490242242813,0.0
847,29,21.159,1413.328125,T4,53.0,0.19607843458652496,0.0
848,29,21.209,1414.1328125,T4,53.0,0.19607843458652496,0.0
849,29,21.209,1414.1328125,T4,52.0,0.20000000298023224,0.0
850,29,21.259,1414.734375,T4,52.0,0.20000000298023224,0.0
851,29,21.259,1414.734375,T4,52.0,0.2078431397676468,0.0
852,29,21.309,1415.34375,T4,52.0,0.2078431397676468,0.0
853,29,21.309,1415.34375,T4,52.0,0.24313725531101227,0.0
854,29,21.359,1415.9609375,T4,52.0,0.24313725531101227,0.0
855,29,21.359,1415.9609375,T4,52.0,0.2823529541492462,0.0
856,29,21.409,1416.6015625,T4,52.0,0.2823529541492462,0.0
857,29,21.409,1416.6015625,T4,53.0,0.34117648005485535,0.0
858,29,21.459,1417.2890625,T4,53.0,0.34117648005485535,0.0
859,29,21.459,1417.2890625,T4,55.0,0.4156862795352936,0.0
860,29,21.509,1418.0078125,T4,55.0,0.4156862795352936,0.0
861,29,21.509,1418.0078125,T4,56.0,0.46666666865348816,0.0
862,29,21.559,1418.7734375,T4,56.0,0.46666666865348816,0.0
863,29,21.559,1418.7734375,T4,57.0,0.5372549295425415,0.0
864,29,21.609,1419.5859375,T4,57.0,0.5372549295425415,0.0
865,29,21.609,1419.5859375,T4,58.0,0.5803921818733215,0.0
866,29,21.659,1420.4453125,T4,58.0,0.5803921818733215,0.0
867,29,21.659,1420.4453125,T4,60.0,0.6235294342041016,0.0
868,29,21.709,1421.2734375,T4,60.0,0.6235294342041016,0.0
869,29,21.709,1421.2734375,T4,61.0,0.7019608020782471,0.0
870,29,21.759,1422.1171875,T4,61.0,0.7019608020782471,0.0
871,29,21.759,1422.1171875,T4,63.0,0.7843137383460999,0.0
872,29,21.809,1422.9921875,T4,63.0,0.7843137383460999,0.0
873,29,21.809,1422.9921875,T4,65.0,0.8666666746139526,0.0
874,29,21.859,1423.890625,T4,65.0,0.8666666746139526,0.0
875,29,21.859,1423.890625,T4,67.0,0.8823529481887817,0.0
876,29,21.909,1424.828125,T4,67.0,0.8823529481887817,0.0
877,29,21.909,1424.828125,T4,69.0,0.8941176533699036,0.0
878,29,21.959,1425.7890625,T4,69.0,0.8941176533699036,0.0
879,29,21.959,1425.7890625,T4,72.0,0.9137254953384399,0.0
880,29,22.009,1426.7890625,T4,72.0,0.9137254953384399,0.0
881,29,22.009,1426.7890625,T4,74.0,0.9137254953384399,0.0
882,29,22.059,1427.8203125,T4,74.0,0.9137254953384399,0.0
883,29,22.059,1427.8203125,T4,76.0,0.9137254953384399,0.0
884,29,22.109,1428.8828125,T4,76.0,0.9137254953384399,0.0
885,29,22.109,1428.8828125,T4,79.0,0.9137254953384399,0.0
886,29,22.159,1429.9765625,T4,79.0,0.9137254953384399,0.0
887,29,22.159,1429.9765625,T4,81.0,0.9058823585510254,0.0
888,29,22.209,1431.09375,T4,81.0,0.9058823585510254,0.0
889,29,22.209,1431.09375,T4,83.0,0.9058823585510254,0.0
890,29,22.259,1432.2578125,T4,83.0,0.9058823585510254,0.0
891,29,22.259,1432.2578125,T4,85.0,0.9058823585510254,0.0
892,29,22.309,1433.453125,T4,85.0,0.9058823585510254,0.0
893,29,22.309,1433.453125,T4,87.0,0.9058823585510254,0.0
894,29,22.359,1434.671875,T4,87.0,0.9058823585510254,0.0
895,29,22.359,1434.671875,T4,89.0,0.9058823585510254,0.0
896,29,22.409,1435.921875,T4,89.0,0.9058823585510254,0.0
897,29,22.409,1435.921875,T4,91.0,0.9058823585510254,0.0
898,29,22.459,1437.203125,T4,91.0,0.9058823585510254,0.0
899,29,22.459,1437.203125,T4,93.0,0.9058823585510254,0.0
900,29,22.509,1438.5,T4,93.0,0.9058823585510254,0.0
901,29,22.509,1438.5,T4,94.0,0.9058823585510254,0.0
902,29,22.559,1439.8203125,T4,94.0,0.9058823585510254,0.0
903,29,22.559,1439.8203125,T4,96.0,0.9058823585510254,0.0
904,29,22.609,1441.1484375,T4,96.0,0.9058823585510254,0.0
905,29,22.609,1441.1484375,T4,97.0,0.8666666746139526,0.0
906,29,22.659,1442.5078125,T4,97.0,0.8666666746139526,0.0
907,29,22.659,1442.5078125,T4,98.0,0.7764706015586853,0.0
908,29,22.709,1443.875,T4,98.0,0.7764706015586853,0.0
909,29,22.709,1443.875,T4,100.0,0.7647058963775635,0.0
910,29,22.759,1445.2734375,T4,100.0,0.7647058963775635,0.0
911,29,22.759,1445.2734375,T4,102.0,0.7647058963775635,0.0
912,29,22.809,1446.6953125,T4,102.0,0.7647058963775635,0.0
913,29,22.809,1446.6953125,T4,104.0,0.7686274647712708,0.0
914,29,22.859,1448.1484375,T4,104.0,0.7686274647712708,0.0
915,29,22.859,1448.1484375,T4,106.0,0.7686274647712708,0.0
916,29,22.909,1449.625,T4,106.0,0.7686274647712708,0.0
917,29,22.909,1449.625,T4,108.0,0.7686274647712708,0.0
918,29,22.959,1451.1328125,T4,108.0,0.7686274647712708,0.0
919,29,22.959,1451.1328125,T4,110.0,0.7686274647712708,0.0
920,29,23.009,1452.65625,T4,110.0,0.7686274647712708,0.0
921,29,23.009,1452.65625,T4,111.0,0.7686274647712708,0.0
922,29,23.059,1454.203125,T4,111.0,0.7686274647712708,0.0
923,29,23.059,1454.203125,T4,112.0,0.7686274647712708,0.0
924,29,23.109,1455.75,T4,112.0,0.7686274647712708,0.0
925,29,23.109,1455.75,T4,112.0,0.7686274647712708,0.0
926,29,23.159,1457.3125,T4,112.0,0.7686274647712708,0.0
927,29,23.159,1457.3125,T4,113.0,0.7686274647712708,0.0
928,29,23.209,1458.875,T4,113.0,0.7686274647712708,0.0
929,29,23.209,1458.875,T4,113.0,0.7686274647712708,0.0
930,29,23.259,1460.4453125,T4,113.0,0.7686274647712708,0.0
931,29,23.259,1460.4453125,T4,113.0,0.7686274647712708,0.0
932,29,23.309,1462.0234375,T4,113.0,0.7686274647712708,0.0
933,29,23.309,1462.0234375,T4,114.0,0.800000011920929,0.0
934,29,23.359,1463.609375,T4,114.0,0.800000011920929,0.0
935,29,23.359,1463.609375,T4,115.0,0.8196078538894653,0.0
936,29,23.409,1465.2265625,T4,115.0,0.8196078538894653,0.0
937,29,23.409,1465.2265625,T4,118.0,0.8392156958580017,0.0
938,29,23.459,1466.8828125,T4,118.0,0.8392156958580017,0.0
939,29,23.459,1466.8828125,T4,121.0,0.886274516582489,0.0
940,29,23.509,1468.578125,T4,121.0,0.886274516582489,0.0
941,29,23.509,1468.578125,T4,123.0,1.0,0.0
942,29,23.576,1470.3046875,T4,123.0,1.0,0.0
943,29,23.576,1470.3046875,T4,126.0,1.0,0.0
944,29,23.609,1472.0703125,T4,126.0,1.0,0.0
945,29,23.609,1472.0703125,T4,128.0,1.0,0.0
946,29,23.659,1473.8671875,T4,128.0,1.0,0.0
947,29,23.659,1473.8671875,T4,131.0,1.0,0.0
948,29,23.709,1475.703125,T4,131.0,1.0,0.0
949,29,23.709,1475.703125,T4,133.0,1.0,0.0
950,29,23.759,1477.5703125,T4,133.0,1.0,0.0
951,29,23.759,1477.5703125,T4,135.0,1.0,0.0
952,29,23.809,1479.46875,T4,135.0,1.0,0.0
953,29,23.809,1479.46875,T4,138.0,1.0,0.0
954,29,23.859,1481.3984375,T4,138.0,1.0,0.0
955,29,23.859,1481.3984375,T4,140.0,1.0,0.0
956,29,23.909,1483.3671875,T4,140.0,1.0,0.0
957,29,23.909,1483.3671875,T4,143.0,1.0,0.0
958,29,23.959,1485.375,T4,143.0,1.0,0.0
959,29,23.959,1485.375,T4,146.0,1.0,0.0
960,29,24.009,1487.4140625,T4,146.0,1.0,0.0
961,29,24.009,1487.4140625,T4,148.0,1.0,0.0
962,29,24.059,1489.4921875,T4,148.0,1.0,0.0
963,29,24.059,1489.4921875,T4,150.0,1.0,0.0
964,29,24.109,1491.59375,T4,150.0,1.0,0.0
965,29,24.109,1491.59375,T4,152.0,1.0,0.0
966,29,24.159,1493.7265625,T4,152.0,1.0,0.0
967,29,24.159,1493.7265625,T4,154.0,1.0,0.0
968,29,24.209,1495.890625,T4,154.0,1.0,0.0
969,29,24.209,1495.890625,T4,157.0,1.0,0.0
970,29,24.276,1498.09375,T4,157.0,1.0,0.0
971,29,24.276,1498.09375,T4,159.0,1.0,0.0
972,29,24.309,1500.3203125,T4,159.0,1.0,0.0
973,29,24.309,1500.3203125,T4,161.0,1.0,0.0
974,29,24.359,1502.578125,T4,161.0,1.0,0.0
975,29,24.359,1502.578125,T4,163.0,1.0,0.0
976,29,24.409,1504.859375,T4,163.0,1.0,0.0
977,29,24.409,1504.859375,T4,165.0,1.0,0.0
978,29,24.459,1507.1796875,T4,165.0,1.0,0.0
979,29,24.459,1507.1796875,T4,167.0,1.0,0.0
980,29,24.509,1509.5234375,T4,167.0,1.0,0.0
981,29,24.509,1509.5234375,T4,169.0,1.0,0.0
982,29,24.559,1511.8984375,T4,169.0,1.0,0.0
983,29,24.559,1511.8984375,T4,172.0,1.0,0.0
984,29,24.609,1514.296875,T4,172.0,1.0,0.0
985,29,24.609,1514.296875,T4,174.0,1.0,0.0
986,29,24.659,1516.7265625,T4,174.0,1.0,0.0
987,29,24.659,1516.7265625,T4,176.0,1.0,0.0
988,29,24.709,1519.1875,T4,176.0,1.0,0.0
989,29,24.709,1519.1875,T4,178.0,1.0,0.0
990,29,24.759,1521.6640625,T4,178.0,1.0,0.0
991,29,24.759,1521.6640625,T4,180.0,1.0,0.0
992,29,24.809,1524.1796875,T4,180.0,1.0,0.0
993,29,24.809,1524.1796875,T4,182.0,1.0,0.0
994,29,24.859,1526.7109375,T4,182.0,1.0,0.0
995,29,24.859,1526.7109375,T4,183.0,1.0,0.0
996,29,24.909,1529.2734375,T4,183.0,1.0,0.0
997,29,24.909,1529.2734375,T4,185.0,1.0,0.0
998,29,24.959,1531.859375,T4,185.0,1.0,0.0
999,29,24.959,1531.859375,T4,187.0,1.0,0.0
1000,29,25.009,1534.46875,T4,187.0,1.0,0.0
1001,29,25.009,1534.46875,T4,189.0,1.0,0.0
1002,29,25.059,1537.1015625,T4,189.0,1.0,0.0
1003,29,25.059,1537.1015625,T4,191.0,1.0,0.0
1004,29,25.109,1539.765625,T4,191.0,1.0,0.0
1005,29,25.109,1539.765625,T4,193.0,1.0,0.0
1006,29,25.159,1542.453125,T4,193.0,1.0,0.0
1007,29,25.159,1542.453125,T4,194.0,1.0,0.0
1008,29,25.209,1545.15625,T4,194.0,1.0,0.0
1009,29,25.209,1545.15625,T4,196.0,1.0,0.0
1010,29,25.259,1547.890625,T4,196.0,1.0,0.0
1011,29,25.259,1547.890625,T4,198.0,1.0,0.0
1012,29,25.309,1550.6484375,T4,198.0,1.0,0.0
1013,29,25.309,1550.6484375,T4,199.0,1.0,0.0
1014,29,25.359,1553.421875,T4,199.0,1.0,0.0
1015,29,25.359,1553.421875,T4,201.0,1.0,0.0
1016,29,25.409,1556.234375,T4,201.0,1.0,0.0
1017,29,25.409,1556.234375,T4,203.0,1.0,0.0
1018,29,25.459,1559.0703125,T4,203.0,1.0,0.0
1019,29,25.459,1559.0703125,T4,205.0,1.0,0.0
1020,29,25.509,1561.9296875,T4,205.0,1.0,0.0
1021,29,25.509,1561.9296875,T4,207.0,1.0,0.0
1022,29,25.559,1564.8125,T4,207.0,1.0,0.0
1023,29,25.559,1564.8125,T4,208.0,1.0,0.0
1024,29,25.609,1567.7109375,T4,208.0,1.0,0.0
1025,29,25.609,1567.7109375,T4,210.0,1.0,0.0
1026,29,25.659,1570.640625,T4,210.0,1.0,0.0
1027,29,25.659,1570.640625,T4,211.0,1.0,0.0
1028,29,25.709,1573.5859375,T4,211.0,1.0,0.0
1029,29,25.709,1573.5859375,T4,213.0,1.0,0.0
1030,29,25.759,1576.5546875,T4,213.0,1.0,0.0
1031,29,25.759,1576.5546875,T4,215.0,1.0,0.0
1032,29,25.809,1579.546875,T4,215.0,1.0,0.0
1033,29,25.809,1579.546875,T4,216.0,1.0,0.0
1034,29,25.859,1582.5625,T4,216.0,1.0,0.0
1035,29,25.859,1582.5625,T4,218.0,1.0,0.0
1036,29,25.909,1585.59375,T4,218.0,1.0,0.0
1037,29,25.909,1585.59375,T4,219.0,1.0,0.0
1038,29,25.959,1588.6484375,T4,219.0,1.0,0.0
1039,29,25.959,1588.6484375,T4,221.0,1.0,0.0
1040,29,26.009,1591.734375,T4,221.0,1.0,0.0
1041,29,26.009,1591.734375,T4,223.0,1.0,0.0
1042,29,26.059,1594.8359375,T4,223.0,1.0,0.0
1043,29,26.059,1594.8359375,T4,224.0,1.0,0.0
1044,29,26.109,1597.953125,T4,224.0,1.0,0.0
1045,29,26.109,1597.953125,T4,226.0,1.0,0.0
1046,29,26.159,1601.09375,T4,226.0,1.0,0.0
1047,29,26.159,1601.09375,T4,227.0,1.0,0.0
1048,29,26.209,1604.265625,T4,227.0,1.0,0.0
1049,29,26.209,1604.265625,T4,229.0,1.0,0.0
1050,29,26.259,1607.453125,T4,229.0,1.0,0.0
1051,29,26.259,1607.453125,T4,231.0,1.0,0.0
1052,29,26.309,1610.6640625,T4,231.0,1.0,0.0
1053,29,26.309,1610.6640625,T4,232.0,1.0,0.0
1054,29,26.359,1613.8984375,T4,232.0,1.0,0.0
1055,29,26.359,1613.8984375,T4,234.0,1.0,0.0
1056,29,26.409,1617.15625,T4,234.0,1.0,0.0
1057,29,26.409,1617.15625,T4,235.0,1.0,0.0
1058,29,26.459,1620.4296875,T4,235.0,1.0,0.0
1059,29,26.459,1620.4296875,T4,236.0,1.0,0.0
1060,29,26.509,1623.7265625,T4,236.0,1.0,0.0
1061,29,26.509,1623.7265625,T4,238.0,1.0,0.0
1062,29,26.559,1627.03125,T4,238.0,1.0,0.0
1063,29,26.559,1627.03125,T4,239.0,1.0,0.0
1064,29,26.609,1630.3671875,T4,239.0,1.0,0.0
1065,29,26.609,1630.3671875,T4,241.0,1.0,0.0
1066,29,26.659,1633.7109375,T4,241.0,1.0,0.0
1067,29,26.659,1633.7109375,T4,242.0,1.0,0.0
1068,29,26.709,1637.0859375,T4,242.0,1.0,0.0
1069,29,26.709,1637.0859375,T4,243.0,1.0,0.0
1070,29,26.759,1640.46875,T4,243.0,1.0,0.0
1071,29,26.759,1640.46875,T4,245.0,1.0,0.0
1072,29,26.809,1643.8828125,T4,245.0,1.0,0.0
1073,29,26.809,1643.8828125,T4,246.0,1.0,0.0
1074,29,26.859,1647.3046875,T4,246.0,1.0,0.0
1075,29,26.859,1647.3046875,T4,247.0,1.0,0.0
1076,29,26.909,1650.75,T4,247.0,1.0,0.0
1077,29,26.909,1650.75,T4,249.0,1.0,0.0
1078,29,26.959,1654.21875,T4,249.0,1.0,0.0
1079,29,26.959,1654.21875,T4,250.0,1.0,0.0
1080,29,27.009,1657.6953125,T4,250.0,1.0,0.0
1081,29,27.009,1657.6953125,T4,251.0,1.0,0.0
1082,29,27.059,1661.203125,T4,251.0,1.0,0.0
1083,29,27.059,1661.203125,T4,253.0,1.0,0.0
1084,29,27.109,1664.71875,T4,253.0,1.0,0.0
1085,29,27.109,1664.71875,T4,254.0,1.0,0.0
1086,29,27.159,1668.25,T4,254.0,1.0,0.0
1087,29,27.159,1668.25,T4,255.0,1.0,0.0
1088,29,27.209,1671.8046875,T4,255.0,1.0,0.0
1089,29,27.209,1671.8046875,T4,256.0,1.0,0.0
1090,29,27.259,1675.375,T4,256.0,1.0,0.0
1091,29,27.259,1675.375,T4,257.0,1.0,0.0
1092,29,27.309,1678.9609375,T4,257.0,1.0,0.0
1093,29,27.309,1678.9609375,T4,259.0,1.0,0.0
1094,29,27.359,1682.5625,T4,259.0,1.0,0.0
1095,29,27.359,1682.5625,T4,260.0,1.0,0.0
1096,29,27.409,1686.1875,T4,260.0,1.0,0.0
1097,29,27.409,1686.1875,T4,261.0,1.0,0.0
1098,29,27.459,1689.8203125,T4,261.0,1.0,0.0
1099,29,27.459,1689.8203125,T4,262.0,1.0,0.0
1100,29,27.509,1693.46875,T4,262.0,1.0,0.0
1101,29,27.509,1693.46875,T4,263.0,1.0,0.0
1102,29,27.559,1697.125,T4,263.0,1.0,0.0
1103,29,27.559,1697.125,T4,264.0,1.0,0.0
1104,29,27.609,1699.578125,T4,264.0,1.0,0.0
1105,29,27.609,1699.578125,T4,265.0,1.0,0.0
1106,29,27.659,1704.5,T4,265.0,1.0,0.0
1107,29,27.659,1704.5,T4,266.0,1.0,0.0
1108,29,27.709,1708.203125,T4,266.0,1.0,0.0
1109,29,27.709,1708.203125,T4,267.0,1.0,0.0
1110,29,27.759,1711.921875,T4,267.0,1.0,0.0
1111,29,27.759,1711.921875,T4,268.0,1.0,0.0
1112,29,27.809,1715.6484375,T4,268.0,1.0,0.0
1113,29,27.809,1715.6484375,T4,269.0,1.0,0.0
1114,29,27.859,1719.3984375,T4,269.0,1.0,0.0
1115,29,27.859,1719.3984375,T4,270.0,1.0,0.0
1116,29,27.909,1723.15625,T4,270.0,1.0,0.0
1117,29,27.909,1723.15625,T4,271.0,1.0,0.0
1118,29,27.959,1726.9375,T4,271.0,1.0,0.0
1119,29,27.959,1726.9375,T4,272.0,1.0,0.0
1120,29,28.009,1730.7265625,T4,272.0,1.0,0.0
1121,29,28.009,1730.7265625,T4,273.0,1.0,0.0
1122,29,28.059,1734.53125,T4,273.0,1.0,0.0
1123,29,28.059,1734.53125,T4,274.0,1.0,0.0
1124,29,28.109,1738.34375,T4,274.0,1.0,0.0
1125,29,28.109,1738.34375,T4,275.0,1.0,0.0
1126,29,28.159,1742.1796875,T4,275.0,1.0,0.0
1127,29,28.159,1742.1796875,T4,276.0,1.0,0.0
1128,29,28.209,1746.0234375,T4,276.0,1.0,0.0
1129,29,28.209,1746.0234375,T4,277.0,1.0,0.0
1130,29,28.259,1749.8828125,T4,277.0,1.0,0.0
1131,29,28.259,1749.8828125,T4,278.0,1.0,0.0
1132,29,28.309,1753.7578125,T4,278.0,1.0,0.0
1133,29,28.309,1753.7578125,T4,279.0,1.0,0.0
1134,29,28.359,1757.640625,T4,279.0,1.0,0.0
1135,29,28.359,1757.640625,T4,279.0,1.0,0.0
1136,29,28.409,1761.53125,T4,279.0,1.0,0.0
1137,29,28.409,1761.53125,T4,280.0,1.0,0.0
1138,29,28.459,1765.4375,T4,280.0,1.0,0.0
1139,29,28.459,1765.4375,T4,281.0,1.0,0.0
1140,29,28.509,1769.3515625,T4,281.0,1.0,0.0
1141,29,28.509,1769.3515625,T4,282.0,1.0,0.0
1142,29,28.559,1773.28125,T4,282.0,1.0,0.0
1143,29,28.559,1773.28125,T4,283.0,1.0,0.0
1144,29,28.609,1777.21875,T4,283.0,1.0,0.0
1145,29,28.609,1777.21875,T4,284.0,1.0,0.0
1146,29,28.659,1781.1640625,T4,284.0,1.0,0.0
1147,29,28.659,1781.1640625,T4,284.0,1.0,0.0
1148,29,28.709,1785.125,T4,284.0,1.0,0.0
1149,29,28.709,1785.125,T4,285.0,1.0,0.0
1150,29,28.759,1789.1015625,T4,285.0,1.0,0.0
1151,29,28.759,1789.1015625,T4,286.0,1.0,0.0
1152,29,28.809,1793.0859375,T4,286.0,1.0,0.0
1153,29,28.809,1793.0859375,T4,287.0,1.0,0.0
1154,29,28.859,1797.078125,T4,287.0,1.0,0.0
1155,29,28.859,1797.078125,T4,288.0,1.0,0.0
1156,29,28.909,1801.078125,T4,288.0,1.0,0.0
1157,29,28.909,1801.078125,T4,288.0,1.0,0.0
1158,29,28.959,1805.09375,T4,288.0,1.0,0.0
1159,29,28.959,1805.09375,T4,289.0,1.0,0.0
1160,29,29.009,1809.125,T4,289.0,1.0,0.0
1161,29,29.009,1809.125,T4,290.0,1.0,0.0
1162,29,29.059,1813.15625,T4,290.0,1.0,0.0
1163,29,29.059,1813.15625,T4,291.0,1.0,0.0
1164,29,29.109,1817.203125,T4,291.0,1.0,0.0
1165,29,29.109,1817.203125,T4,291.0,1.0,0.0
1166,29,29.159,1821.2578125,T4,291.0,1.0,0.0
1167,29,29.159,1821.2578125,T4,292.0,1.0,0.0
1168,29,29.209,1825.328125,T4,292.0,1.0,0.0
1169,29,29.209,1825.328125,T4,293.0,1.0,0.0
1170,29,29.259,1829.40625,T4,293.0,1.0,0.0
1171,29,29.259,1829.40625,T4,293.0,1.0,0.0
1172,29,29.309,1833.4921875,T4,293.0,1.0,0.0
1173,29,29.309,1833.4921875,T4,294.0,1.0,0.0
1174,29,29.359,1837.5859375,T4,294.0,1.0,0.0
1175,29,29.359,1837.5859375,T4,295.0,1.0,0.0
1176,29,29.409,1841.6875,T4,295.0,1.0,0.0
1177,29,29.409,1841.6875,T4,295.0,1.0,0.0
1178,29,29.459,1845.796875,T4,295.0,1.0,0.0
1179,29,29.459,1845.796875,T4,296.0,1.0,0.0
1180,29,29.509,1849.921875,T4,296.0,1.0,0.0
1181,29,29.509,1849.921875,T4,297.0,1.0,0.0
1182,29,29.559,1854.0546875,T4,297.0,1.0,0.0
1183,29,29.559,1854.0546875,T4,297.0,1.0,0.0
1184,29,29.609,1858.1953125,T4,297.0,1.0,0.0
1185,29,29.609,1858.1953125,T4,298.0,1.0,0.0
1186,29,29.659,1862.34375,T4,298.0,1.0,0.0
1187,29,29.659,1862.34375,T4,299.0,1.0,0.0
1188,29,29.709,1866.5,T4,299.0,1.0,0.0
1189,29,29.709,1866.5,T4,299.0,1.0,0.0
1190,29,29.759,1870.671875,T4,299.0,1.0,0.0
1191,29,29.759,1870.671875,T4,300.0,1.0,0.0
1192,29,29.809,1874.84375,T4,300.0,1.0,0.0
1193,29,29.809,1874.84375,T4,300.0,1.0,0.0
1194,29,29.859,1879.0234375,T4,300.0,1.0,0.0
1195,29,29.859,1879.0234375,T4,301.0,1.0,0.0
1196,29,29.909,1883.2109375,T4,301.0,1.0,0.0
1197,29,29.909,1883.2109375,T4,301.0,1.0,0.0
1198,29,29.959,1887.40625,T4,301.0,1.0,0.0
1199,29,29.959,1887.40625,T4,302.0,1.0,0.0
1200,29,30.009,1891.609375,T4,302.0,1.0,0.0
1201,29,30.009,1891.609375,T4,303.0,1.0,0.0
1202,29,30.059,1894.4140625,T4,303.0,1.0,0.0
1203,29,30.059,1894.4140625,T4,303.0,1.0,0.0
1204,29,30.109,1900.0234375,T4,303.0,1.0,0.0
1205,29,30.109,1900.0234375,T4,304.0,1.0,0.0
1206,29,30.159,1904.2421875,T4,304.0,1.0,0.0
1207,29,30.159,1904.2421875,T4,304.0,1.0,0.0
1208,29,30.209,1908.4765625,T4,304.0,1.0,0.0
1209,29,30.209,1908.4765625,T4,305.0,1.0,0.0
1210,29,30.259,1912.71875,T4,305.0,1.0,0.0
1211,29,30.259,1912.71875,T4,305.0,1.0,0.0
1212,29,30.309,1916.96875,T4,305.0,1.0,0.0
1213,29,30.309,1916.96875,T4,306.0,1.0,0.0
1214,29,30.359,1921.234375,T4,306.0,1.0,0.0
1215,29,30.359,1921.234375,T4,307.0,1.0,0.0
1216,29,30.409,1925.5078125,T4,307.0,1.0,0.0
1217,29,30.409,1925.5078125,T4,307.0,1.0,0.0
1218,29,30.459,1929.7890625,T4,307.0,1.0,0.0
1219,29,30.459,1929.7890625,T4,308.0,1.0,0.0
1220,29,30.509,1934.078125,T4,308.0,1.0,0.0
1221,29,30.509,1934.078125,T4,308.0,1.0,0.0
1222,29,30.559,1938.3828125,T4,308.0,1.0,0.0
1223,29,30.559,1938.3828125,T4,309.0,1.0,0.0
1224,29,30.609,1942.6875,T4,309.0,1.0,0.0
1225,29,30.609,1942.6875,T4,309.0,1.0,0.0
1226,29,30.659,1947.0078125,T4,309.0,1.0,0.0
1227,29,30.659,1947.0078125,T4,310.0,1.0,0.0
1228,29,30.709,1951.3359375,T4,310.0,1.0,0.0
1229,29,30.709,1951.3359375,T4,310.0,1.0,0.0
1230,29,30.759,1955.671875,T4,310.0,1.0,0.0
1231,29,30.759,1955.671875,T4,311.0,1.0,0.0
1232,29,30.809,1960.015625,T4,311.0,1.0,0.0
1233,29,30.809,1960.015625,T4,311.0,1.0,0.0
1234,29,30.859,1964.375,T4,311.0,1.0,0.0
1235,29,30.859,1964.375,T4,312.0,1.0,0.0
1236,29,30.909,1968.734375,T4,312.0,1.0,0.0
1237,29,30.909,1968.734375,T4,312.0,1.0,0.0
1238,29,30.959,1973.109375,T4,312.0,1.0,0.0
1239,29,30.959,1973.109375,T4,313.0,1.0,0.0
1240,29,31.009,1976.03125,T4,313.0,1.0,0.0
1241,29,31.009,1976.03125,T4,313.0,1.0,0.0
1242,29,31.059,1981.8828125,T4,313.0,1.0,0.0
1243,29,31.059,1981.8828125,T4,314.0,1.0,0.0
1244,29,31.109,1986.2734375,T4,314.0,1.0,0.0
1245,29,31.109,1986.2734375,T4,314.0,1.0,0.0
1246,29,31.159,1990.671875,T4,314.0,1.0,0.0
1247,29,31.159,1990.671875,T4,315.0,1.0,0.0
1248,29,31.209,1995.078125,T4,315.0,1.0,0.0
1249,29,31.209,1995.078125,T4,315.0,1.0,0.0
1250,29,31.259,1999.484375,T4,315.0,1.0,0.0
1251,29,31.259,1999.484375,T4,315.0,1.0,0.0
1252,29,31.309,2003.8984375,T4,315.0,1.0,0.0
1253,29,31.309,2003.8984375,T4,316.0,1.0,0.0
1254,29,31.359,2008.3203125,T4,316.0,1.0,0.0
1255,29,31.359,2008.3203125,T4,316.0,1.0,0.0
1256,29,31.409,2012.7421875,T4,316.0,1.0,0.0
1257,29,31.409,2012.7421875,T4,317.0,1.0,0.0
1258,29,31.459,2017.1796875,T4,317.0,1.0,0.0
1259,29,31.459,2017.1796875,T4,317.0,1.0,0.0
1260,29,31.509,2021.6171875,T4,317.0,1.0,0.0
1261,29,31.509,2021.6171875,T4,318.0,1.0,0.0
1262,29,31.559,2026.0546875,T4,318.0,1.0,0.0
1263,29,31.559,2026.0546875,T4,318.0,1.0,0.0
1264,29,31.609,2030.5078125,T4,318.0,1.0,0.0
1265,29,31.609,2030.5078125,T4,318.0,1.0,0.0
1266,29,31.659,2034.9609375,T4,318.0,1.0,0.0
1267,29,31.659,2034.9609375,T4,319.0,1.0,0.0
1268,29,31.709,2039.421875,T4,319.0,1.0,0.0
1269,29,31.709,2039.421875,T4,319.0,1.0,0.0
1270,29,31.759,2043.8828125,T4,319.0,1.0,0.0
1271,29,31.759,2043.8828125,T4,320.0,1.0,0.0
1272,29,31.809,2048.3359375,T4,320.0,1.0,0.0
1273,29,31.809,2048.3359375,T4,320.0,1.0,0.0
1274,29,31.859,2052.7890625,T4,320.0,1.0,0.0
1275,29,31.859,2052.7890625,T4,320.0,1.0,0.0
1276,29,31.909,2057.2578125,T4,320.0,1.0,0.0
1277,29,31.909,2057.2578125,T4,321.0,1.0,0.0
1278,29,31.959,2061.71875,T4,321.0,1.0,0.0
1279,29,31.959,2061.71875,T4,321.0,0.7607843279838562,0.11560025066137314
1280,29,32.009,2066.15625,T4,321.0,0.7607843279838562,0.11560025066137314
1281,29,32.009,2066.15625,T4,316.0,0.0,0.8977667093276978
1282,29,32.059,2070.5078125,T4,316.0,0.0,0.8977667093276978
1283,29,32.059,2070.5078125,T4,309.0,0.0,1.0
1284,29,32.109,2074.75,T4,309.0,0.0,1.0
1285,29,32.109,2074.75,T4,302.0,0.0,1.0
1286,29,32.159,2078.890625,T4,302.0,0.0,1.0
1287,29,32.159,2078.890625,T4,294.0,0.0,1.0
1288,29,32.209,2082.9375,T4,294.0,0.0,1.0
1289,29,32.209,2082.9375,T4,287.0,0.0,1.0
1290,29,32.259,2085.5859375,T4,287.0,0.0,1.0
1291,29,32.259,2085.5859375,T4,283.0,0.0,1.0
1292,29,32.309,2089.46875,T4,283.0,0.0,1.0
1293,29,32.309,2089.46875,T4,276.0,0.0,1.0
1294,29,32.359,2093.25,T4,276.0,0.0,1.0
1295,29,32.359,2093.25,T4,269.0,0.0,1.0
1296,29,32.409,2098.171875,T4,269.0,0.0,1.0
1297,29,32.409,2098.171875,T4,261.0,0.0,1.0
1298,29,32.459,2101.75,T4,261.0,0.0,1.0
1299,29,32.459,2101.75,T4,254.0,0.0,1.0
1300,29,32.509,2105.234375,T4,254.0,0.0,1.0
1301,29,32.509,2105.234375,T4,247.0,0.0,1.0
1302,29,32.559,2108.625,T4,247.0,0.0,1.0
1303,29,32.559,2108.625,T4,240.0,0.0,1.0
1304,29,32.609,2111.9296875,T4,240.0,0.0,1.0
1305,29,32.609,2111.9296875,T4,234.0,0.0,1.0
1306,29,32.659,2115.140625,T4,234.0,0.0,1.0
1307,29,32.659,2115.140625,T4,228.0,0.0,1.0
1308,29,32.709,2118.265625,T4,228.0,0.0,1.0
1309,29,32.709,2118.265625,T4,222.0,0.0,1.0
1310,29,32.759,2121.3125,T4,222.0,0.0,1.0
1311,29,32.759,2121.3125,T4,216.0,0.0,1.0
1312,29,32.809,2123.296875,T4,216.0,0.0,1.0
1313,29,32.809,2123.296875,T4,212.0,0.0,1.0
1314,29,32.859,2126.203125,T4,212.0,0.0,1.0
1315,29,32.859,2126.203125,T4,206.0,0.0,1.0
1316,29,32.909,2129.9375,T4,206.0,0.0,1.0
1317,29,32.909,2129.9375,T4,197.0,0.0,0.8922956585884094
1318,29,32.959,2132.6484375,T4,197.0,0.0,0.8922956585884094
1319,29,32.959,2132.6484375,T4,192.0,0.0,0.6622377634048462
1320,29,33.009,2135.296875,T4,192.0,0.0,0.6622377634048462
1321,29,33.009,2135.296875,T4,188.0,0.0,0.5364506244659424
1322,29,33.059,2137.890625,T4,188.0,0.0,0.5364506244659424
1323,29,33.059,2137.890625,T4,185.0,0.0,0.5364506244659424
1324,29,33.109,2140.4375,T4,185.0,0.0,0.5364506244659424
1325,29,33.109,2140.4375,T4,181.0,0.0,0.7183897495269775
1326,29,33.159,2142.921875,T4,181.0,0.0,0.7183897495269775
1327,29,33.159,2142.921875,T4,176.0,0.0,0.8492880463600159
1328,29,33.209,2145.3359375,T4,176.0,0.0,0.8492880463600159
1329,29,33.209,2145.3359375,T4,172.0,0.0,0.8492880463600159
1330,29,33.259,2147.6953125,T4,172.0,0.0,0.8492880463600159
1331,29,33.259,2147.6953125,T4,167.0,0.0,0.844005823135376
1332,29,33.309,2149.2265625,T4,167.0,0.0,0.844005823135376
1333,29,33.309,2149.2265625,T4,164.0,0.0,0.844005823135376
1334,29,33.359,2152.203125,T4,164.0,0.0,0.844005823135376
1335,29,33.359,2152.203125,T4,157.0,0.0,0.7183897495269775
1336,29,33.409,2154.3671875,T4,157.0,0.0,0.7183897495269775
1337,29,33.409,2154.3671875,T4,154.0,0.0,0.4417099058628082
1338,29,33.459,2156.4921875,T4,154.0,0.0,0.4417099058628082
1339,29,33.459,2156.4921875,T4,151.0,0.0,0.4080897271633148
1340,29,33.509,2158.5703125,T4,151.0,0.0,0.4080897271633148
1341,29,33.509,2158.5703125,T4,148.0,0.0,0.36826542019844055
1342,29,33.559,2160.625,T4,148.0,0.0,0.36826542019844055
1343,29,33.559,2160.625,T4,146.0,0.0,0.2889934480190277
1344,29,33.609,2162.6484375,T4,146.0,0.0,0.2889934480190277
1345,29,33.609,2162.6484375,T4,144.0,0.0,0.27900877594947815
1346,29,33.659,2163.984375,T4,144.0,0.0,0.27900877594947815
1347,29,33.659,2163.984375,T4,143.0,0.0,0.2723936438560486
1348,29,33.709,2165.9765625,T4,143.0,0.0,0.2723936438560486
1349,29,33.709,2165.9765625,T4,142.0,0.0,0.24948954582214355
1350,29,33.759,2167.9453125,T4,142.0,0.0,0.24948954582214355
1351,29,33.759,2167.9453125,T4,141.0,0.0,0.22057116031646729
1352,29,33.809,2170.53125,T4,141.0,0.0,0.22057116031646729
1353,29,33.809,2170.53125,T4,138.0,0.0,0.1859462559223175
1354,29,33.859,2172.4453125,T4,138.0,0.0,0.1859462559223175
1355,29,33.859,2172.4453125,T4,137.0,0.0,0.10059259831905365
1356,29,33.909,2174.3359375,T4,137.0,0.0,0.10059259831905365
1357,29,33.909,2174.3359375,T4,136.0,0.0,0.02059340663254261
1358,29,33.959,2176.2109375,T4,136.0,0.0,0.02059340663254261
1359,29,33.959,2176.2109375,T4,135.0,0.0,0.0
1360,29,34.009,2178.0703125,T4,135.0,0.0,0.0
1361,29,34.009,2178.0703125,T4,135.0,0.0,0.0
1362,29,34.059,2179.9296875,T4,135.0,0.0,0.0
1363,29,34.059,2179.9296875,T4,136.0,0.0,0.0
1364,29,34.109,2181.1640625,T4,136.0,0.0,0.0
1365,29,34.109,2181.1640625,T4,135.0,0.0,0.0
1366,29,34.159,2182.9921875,T4,135.0,0.0,0.0
1367,29,34.159,2182.9921875,T4,135.0,0.0,0.0
1368,29,34.209,2185.375,T5,135.0,0.0,0.0
1369,29,34.209,2185.375,T5,134.0,0.0,0.0
1370,29,34.259,2187.1640625,T5,134.0,0.0,0.0
1371,29,34.259,2187.1640625,T5,134.0,0.0,0.0
1372,29,34.309,2188.9453125,T5,134.0,0.0,0.0
1373,29,34.309,2188.9453125,T5,133.0,0.0,0.0
1374,29,34.359,2190.734375,T5,133.0,0.0,0.0
1375,29,34.359,2190.734375,T5,132.0,0.0,0.0
1376,29,34.409,2191.921875,T5,132.0,0.0,0.0
1377,29,34.409,2191.921875,T5,132.0,0.0,0.0
1378,29,34.459,2194.3046875,T5,132.0,0.0,0.0
1379,29,34.459,2194.3046875,T5,131.0,0.0,0.0
1380,29,34.509,2196.09375,T5,131.0,0.0,0.0
1381,29,34.509,2196.09375,T5,130.0,0.0,0.0
1382,29,34.559,2197.8828125,T5,130.0,0.0,0.0
1383,29,34.559,2197.8828125,T5,129.0,0.0,0.0
1384,29,34.609,2199.6796875,T5,129.0,0.0,0.0
1385,29,34.609,2199.6796875,T5,128.0,0.0,0.0
1386,29,34.659,2201.484375,T5,128.0,0.0,0.0
1387,29,34.659,2201.484375,T5,127.0,0.0,0.0
1388,29,34.709,2203.40625,T5,127.0,0.0,0.0
1389,29,34.709,2203.40625,T5,126.0,0.0,0.0
1390,29,34.759,2205.296875,T5,126.0,0.0,0.0
1391,29,34.759,2205.296875,T5,125.0,0.0,0.0
1392,29,34.809,2207.140625,T5,125.0,0.0,0.0
1393,29,34.809,2207.140625,T5,123.0,0.0,0.0
1394,29,34.859,2208.3515625,T5,123.0,0.0,0.0
1395,29,34.859,2208.3515625,T5,123.0,0.0,0.0
1396,29,34.909,2210.734375,T5,123.0,0.0,0.0
1397,29,34.909,2210.734375,T5,121.0,0.0,0.0
1398,29,34.959,2212.5,T5,121.0,0.0,0.0
1399,29,34.959,2212.5,T5,120.0,0.0,0.0
1400,29,35.009,2214.265625,T5,120.0,0.0,0.0
1401,29,35.009,2214.265625,T5,118.0,0.0,0.0
1402,29,35.042,2215.4453125,T5,118.0,0.0,0.0
1403,29,35.042,2215.4453125,T5,118.0,0.0,0.0
1404,29,35.109,2217.828125,T5,118.0,0.0,0.0
1405,29,35.109,2217.828125,T5,117.0,0.0,0.0
1406,29,35.159,2219.65625,T5,117.0,0.0,0.0
1407,29,35.159,2219.65625,T5,116.0,0.0,0.0
1408,29,35.209,2221.5,T5,116.0,0.0,0.0
1409,29,35.209,2221.5,T5,115.0,0.0,0.0
1410,29,35.259,2223.265625,T5,115.0,0.0,0.0
1411,29,35.259,2223.265625,T5,114.0,0.0,0.0
1412,29,35.309,2224.9765625,T5,114.0,0.0,0.0
1413,29,35.309,2224.9765625,T5,113.0,0.0,0.0
1414,29,35.359,2226.625,T5,113.0,0.0,0.0
1415,29,35.359,2226.625,T5,111.0,0.0,0.0
1416,29,35.409,2228.234375,T5,111.0,0.0,0.0
1417,29,35.409,2228.234375,T5,110.0,0.0,0.0
1418,29,35.459,2229.8046875,T5,110.0,0.0,0.0
1419,29,35.459,2229.8046875,T5,109.0,0.0,0.0
1420,29,35.509,2231.3515625,T5,109.0,0.0,0.0
1421,29,35.509,2231.3515625,T5,107.0,0.0,0.0
1422,29,35.559,2232.8671875,T5,107.0,0.0,0.0
1423,29,35.559,2232.8671875,T5,106.0,0.0,0.0
1424,29,35.609,2234.375,T5,106.0,0.0,0.0
1425,29,35.609,2234.375,T5,105.0,0.0,0.0
1426,29,35.659,2235.8828125,T5,105.0,0.0,0.0
1427,29,35.659,2235.8828125,T5,104.0,0.0,0.0
1428,29,35.709,2237.3984375,T5,104.0,0.0,0.0
1429,29,35.709,2237.3984375,T5,103.0,0.0,0.0
1430,29,35.759,2238.921875,T5,103.0,0.0,0.0
1431,29,35.759,2238.921875,T5,102.0,0.07450980693101883,0.0
1432,29,35.809,2240.4375,T5,102.0,0.07450980693101883,0.0
1433,29,35.809,2240.4375,T5,101.0,0.1882352977991104,0.0
1434,29,35.859,2241.8828125,T5,101.0,0.1882352977991104,0.0
1435,29,35.859,2241.8828125,T5,101.0,0.24705882370471954,0.0
1436,29,35.909,2243.2890625,T5,101.0,0.24705882370471954,0.0
1437,29,35.909,2243.2890625,T5,101.0,0.3176470696926117,0.0
1438,29,35.959,2244.6640625,T5,101.0,0.3176470696926117,0.0
1439,29,35.959,2244.6640625,T5,101.0,0.40784314274787903,0.0
1440,29,36.009,2246.015625,T5,101.0,0.40784314274787903,0.0
1441,29,36.009,2246.015625,T5,101.0,0.43921568989753723,0.0
1442,29,36.059,2247.359375,T5,101.0,0.43921568989753723,0.0
1443,29,36.059,2247.359375,T5,102.0,0.4627451002597809,0.0
1444,29,36.109,2248.6875,T5,102.0,0.4627451002597809,0.0
1445,29,36.109,2248.6875,T5,102.0,0.48235294222831726,0.0
1446,29,36.159,2250.0078125,T5,102.0,0.48235294222831726,0.0
1447,29,36.159,2250.0078125,T5,102.0,0.48235294222831726,0.0
1448,29,36.209,2251.328125,T5,102.0,0.48235294222831726,0.0
1449,29,36.209,2251.328125,T5,103.0,0.48235294222831726,0.0
1450,29,36.276,2252.6484375,T5,103.0,0.48235294222831726,0.0
1451,29,36.276,2252.6484375,T5,103.0,0.48627451062202454,0.0
1452,29,36.309,2253.984375,T5,103.0,0.48627451062202454,0.0
1453,29,36.309,2253.984375,T5,104.0,0.501960813999176,0.0
1454,29,36.359,2255.328125,T5,104.0,0.501960813999176,0.0
1455,29,36.359,2255.328125,T5,105.0,0.5137255191802979,0.0
1456,29,36.409,2256.6875,T5,105.0,0.5137255191802979,0.0
1457,29,36.409,2256.6875,T5,105.0,0.529411792755127,0.0
1458,29,36.459,2258.0703125,T5,105.0,0.529411792755127,0.0
1459,29,36.459,2258.0703125,T5,106.0,0.545098066329956,0.0
1460,29,36.509,2259.5,T5,106.0,0.545098066329956,0.0
1461,29,36.509,2259.5,T5,107.0,0.5568627715110779,0.0
1462,29,36.559,2260.96875,T5,107.0,0.5568627715110779,0.0
1463,29,36.559,2260.96875,T5,108.0,0.5921568870544434,0.0
1464,29,36.609,2262.4453125,T5,108.0,0.5921568870544434,0.0
1465,29,36.609,2262.4453125,T5,110.0,0.6509804129600525,0.0
1466,29,36.659,2263.9375,T5,110.0,0.6509804129600525,0.0
1467,29,36.659,2263.9375,T5,111.0,0.7490196228027344,0.0
1468,29,36.709,2265.4453125,T5,111.0,0.7490196228027344,0.0
1469,29,36.709,2265.4453125,T5,112.0,0.8235294222831726,0.0
1470,29,36.776,2266.9609375,T5,112.0,0.8235294222831726,0.0
1471,29,36.776,2266.9609375,T5,113.0,0.8549019694328308,0.0
1472,29,36.809,2268.4921875,T5,113.0,0.8549019694328308,0.0
1473,29,36.809,2268.4921875,T5,113.0,0.8941176533699036,0.0
1474,29,36.859,2270.0234375,T5,113.0,0.8941176533699036,0.0
1475,29,36.859,2270.0234375,T5,113.0,0.9333333373069763,0.0
1476,29,36.909,2271.5625,T5,113.0,0.9333333373069763,0.0
1477,29,36.909,2271.5625,T5,113.0,0.9450980424880981,0.0
1478,29,36.959,2273.1015625,T5,113.0,0.9450980424880981,0.0
1479,29,36.959,2273.1015625,T5,113.0,0.9450980424880981,0.0
1480,29,37.009,2274.6484375,T5,113.0,0.9450980424880981,0.0
1481,29,37.009,2274.6484375,T5,113.0,0.9372549057006836,0.0
1482,29,37.059,2276.203125,T5,113.0,0.9372549057006836,0.0
1483,29,37.059,2276.203125,T5,114.0,0.9372549057006836,0.0
1484,29,37.109,2277.75,T5,114.0,0.9372549057006836,0.0
1485,29,37.109,2277.75,T5,113.0,0.9372549057006836,0.0
1486,29,37.159,2279.3046875,T5,113.0,0.9372549057006836,0.0
1487,29,37.159,2279.3046875,T5,114.0,0.9137254953384399,0.0
1488,29,37.209,2280.859375,T5,114.0,0.9137254953384399,0.0
1489,29,37.209,2280.859375,T5,114.0,0.9137254953384399,0.0
1490,29,37.259,2282.4140625,T5,114.0,0.9137254953384399,0.0
1491,29,37.259,2282.4140625,T5,113.0,0.9176470637321472,0.0
1492,29,37.309,2283.96875,T5,113.0,0.9176470637321472,0.0
1493,29,37.309,2283.96875,T5,113.0,0.9176470637321472,0.0
1494,29,37.359,2285.515625,T5,113.0,0.9176470637321472,0.0
1495,29,37.359,2285.515625,T5,113.0,0.9176470637321472,0.0
1496,29,37.426,2287.0703125,T5,113.0,0.9176470637321472,0.0
1497,29,37.426,2287.0703125,T5,113.0,0.9176470637321472,0.0
1498,29,37.459,2288.6171875,T5,113.0,0.9176470637321472,0.0
1499,29,37.459,2288.6171875,T5,113.0,0.9176470637321472,0.0
1500,29,37.509,2290.1640625,T5,113.0,0.9176470637321472,0.0
1501,29,37.509,2290.1640625,T5,113.0,0.9529411792755127,0.0
1502,29,37.559,2291.71875,T5,113.0,0.9529411792755127,0.0
1503,29,37.559,2291.71875,T5,113.0,1.0,0.0
1504,29,37.609,2293.2734375,T5,113.0,1.0,0.0
1505,29,37.609,2293.2734375,T5,113.0,1.0,0.0
1506,29,37.659,2294.8125,T5,113.0,1.0,0.0
1507,29,37.659,2294.8125,T5,114.0,1.0,0.0
1508,29,37.709,2296.359375,T5,114.0,1.0,0.0
1509,29,37.709,2296.359375,T5,114.0,1.0,0.0
1510,29,37.759,2297.90625,T5,114.0,1.0,0.0
1511,29,37.759,2297.90625,T5,114.0,1.0,0.0
1512,29,37.809,2299.453125,T5,114.0,1.0,0.0
1513,29,37.809,2299.453125,T5,115.0,1.0,0.0
1514,29,37.859,2301.03125,T5,115.0,1.0,0.0
1515,29,37.859,2301.03125,T5,118.0,1.0,0.0
1516,29,37.909,2302.65625,T5,118.0,1.0,0.0
1517,29,37.909,2302.65625,T5,121.0,1.0,0.0
1518,29,37.959,2304.3125,T5,121.0,1.0,0.0
1519,29,37.959,2304.3125,T5,124.0,1.0,0.0
1520,29,38.026,2306.0078125,T5,124.0,1.0,0.0
1521,29,38.026,2306.0078125,T5,126.0,1.0,0.0
1522,29,38.059,2307.734375,T5,126.0,1.0,0.0
1523,29,38.059,2307.734375,T5,129.0,1.0,0.0
1524,29,38.109,2309.4921875,T5,129.0,1.0,0.0
1525,29,38.109,2309.4921875,T5,131.0,1.0,0.0
1526,29,38.159,2311.28125,T5,131.0,1.0,0.0
1527,29,38.159,2311.28125,T5,133.0,1.0,0.0
1528,29,38.209,2313.1015625,T5,133.0,1.0,0.0
1529,29,38.209,2313.1015625,T5,136.0,1.0,0.0
1530,29,38.259,2314.9609375,T5,136.0,1.0,0.0
1531,29,38.259,2314.9609375,T5,138.0,1.0,0.0
1532,29,38.309,2316.8515625,T5,138.0,1.0,0.0
1533,29,38.309,2316.8515625,T5,141.0,1.0,0.0
1534,29,38.359,2318.765625,T5,141.0,1.0,0.0
1535,29,38.359,2318.765625,T5,143.0,1.0,0.0
1536,29,38.409,2320.7109375,T5,143.0,1.0,0.0
1537,29,38.409,2320.7109375,T5,145.0,1.0,0.0
1538,29,38.459,2322.6875,T5,145.0,1.0,0.0
1539,29,38.459,2322.6875,T5,146.0,1.0,0.0
1540,29,38.526,2324.6796875,T5,146.0,1.0,0.0
1541,29,38.526,2324.6796875,T5,148.0,1.0,0.0
1542,29,38.559,2326.7109375,T5,148.0,1.0,0.0
1543,29,38.559,2326.7109375,T5,151.0,1.0,0.0
1544,29,38.609,2328.7890625,T5,151.0,1.0,0.0
1545,29,38.609,2328.7890625,T5,153.0,1.0,0.0
1546,29,38.659,2330.8984375,T5,153.0,1.0,0.0
1547,29,38.659,2330.8984375,T5,155.0,1.0,0.0
1548,29,38.709,2333.0390625,T5,155.0,1.0,0.0
1549,29,38.709,2333.0390625,T5,157.0,1.0,0.0
1550,29,38.759,2335.21875,T5,157.0,1.0,0.0
1551,29,38.759,2335.21875,T5,160.0,1.0,0.0
1552,29,38.809,2337.4296875,T5,160.0,1.0,0.0
1553,29,38.809,2337.4296875,T5,162.0,1.0,0.0
1554,29,38.859,2339.6796875,T5,162.0,1.0,0.0
1555,29,38.859,2339.6796875,T5,164.0,1.0,0.0
1556,29,38.909,2341.953125,T5,164.0,1.0,0.0
1557,29,38.909,2341.953125,T5,166.0,1.0,0.0
1558,29,38.959,2344.25,T5,166.0,1.0,0.0
1559,29,38.959,2344.25,T5,167.0,1.0,0.0
1560,29,39.009,2346.5625,T5,167.0,1.0,0.0
1561,29,39.009,2346.5625,T5,169.0,1.0,0.0
1562,29,39.059,2348.8984375,T5,169.0,1.0,0.0
1563,29,39.059,2348.8984375,T5,171.0,1.0,0.0
1564,29,39.109,2351.2578125,T5,171.0,1.0,0.0
1565,29,39.109,2351.2578125,T5,173.0,1.0,0.0
1566,29,39.159,2353.640625,T5,173.0,1.0,0.0
1567,29,39.159,2353.640625,T5,175.0,1.0,0.0
1568,29,39.209,2356.0546875,T5,175.0,1.0,0.0
1569,29,39.209,2356.0546875,T5,177.0,1.0,0.0
1570,29,39.259,2358.4921875,T5,177.0,1.0,0.0
1571,29,39.259,2358.4921875,T5,179.0,1.0,0.0
1572,29,39.309,2360.9609375,T5,179.0,1.0,0.0
1573,29,39.309,2360.9609375,T5,181.0,1.0,0.0
1574,29,39.359,2363.4453125,T5,181.0,1.0,0.0
1575,29,39.359,2363.4453125,T5,183.0,1.0,0.0
1576,29,39.409,2365.1171875,T5,183.0,1.0,0.0
1577,29,39.409,2365.1171875,T5,184.0,1.0,0.0
1578,29,39.459,2368.5,T5,184.0,1.0,0.0
1579,29,39.459,2368.5,T5,186.0,1.0,0.0
1580,29,39.509,2371.0625,T5,186.0,1.0,0.0
1581,29,39.509,2371.0625,T5,188.0,1.0,0.0
1582,29,39.559,2373.65625,T5,188.0,1.0,0.0
1583,29,39.559,2373.65625,T5,189.0,1.0,0.0
1584,29,39.609,2376.28125,T6,189.0,1.0,0.0
1585,29,39.609,2376.28125,T6,191.0,1.0,0.0
1586,29,39.659,2378.9375,T6,191.0,1.0,0.0
1587,29,39.659,2378.9375,T6,193.0,1.0,0.0
1588,29,39.709,2381.6328125,T6,193.0,1.0,0.0
1589,29,39.709,2381.6328125,T6,195.0,1.0,0.0
1590,29,39.759,2384.359375,T6,195.0,1.0,0.0
1591,29,39.759,2384.359375,T6,196.0,1.0,0.0
1592,29,39.809,2387.1171875,T6,196.0,1.0,0.0
1593,29,39.809,2387.1171875,T6,198.0,1.0,0.0
1594,29,39.859,2389.890625,T6,198.0,1.0,0.0
1595,29,39.859,2389.890625,T6,200.0,1.0,0.0
1596,29,39.909,2392.6875,T6,200.0,1.0,0.0
1597,29,39.909,2392.6875,T6,201.0,1.0,0.0
1598,29,39.959,2395.4921875,T6,201.0,1.0,0.0
1599,29,39.959,2395.4921875,T6,202.0,1.0,0.0
1600,29,40.009,2398.3125,T6,202.0,1.0,0.0
1601,29,40.009,2398.3125,T6,204.0,1.0,0.0
1602,29,40.059,2401.15625,T6,204.0,1.0,0.0
1603,29,40.059,2401.15625,T6,205.0,1.0,0.0
1604,29,40.109,2404.015625,T6,205.0,1.0,0.0
1605,29,40.109,2404.015625,T6,207.0,1.0,0.0
1606,29,40.159,2406.9140625,T6,207.0,1.0,0.0
1607,29,40.159,2406.9140625,T6,209.0,1.0,0.0
1608,29,40.209,2409.828125,T6,209.0,1.0,0.0
1609,29,40.209,2409.828125,T6,210.0,1.0,0.0
1610,29,40.259,2412.7734375,T6,210.0,1.0,0.0
1611,29,40.259,2412.7734375,T6,212.0,1.0,0.0
1612,29,40.309,2415.734375,T6,212.0,1.0,0.0
1613,29,40.309,2415.734375,T6,213.0,1.0,0.0
1614,29,40.359,2418.7265625,T6,213.0,1.0,0.0
1615,29,40.359,2418.7265625,T6,215.0,1.0,0.0
1616,29,40.409,2421.75,T6,215.0,1.0,0.0
1617,29,40.409,2421.75,T6,216.0,1.0,0.0
1618,29,40.459,2424.796875,T6,216.0,1.0,0.0
1619,29,40.459,2424.796875,T6,218.0,1.0,0.0
1620,29,40.509,2427.875,T6,218.0,1.0,0.0
1621,29,40.509,2427.875,T6,219.0,1.0,0.0
1622,29,40.559,2430.9765625,T6,219.0,1.0,0.0
1623,29,40.559,2430.9765625,T6,220.0,1.0,0.0
1624,29,40.609,2434.0859375,T6,220.0,1.0,0.0
1625,29,40.609,2434.0859375,T6,222.0,1.0,0.0
1626,29,40.659,2437.203125,T6,222.0,1.0,0.0
1627,29,40.659,2437.203125,T6,223.0,1.0,0.0
1628,29,40.709,2440.3359375,T6,223.0,1.0,0.0
1629,29,40.709,2440.3359375,T6,224.0,1.0,0.0
1630,29,40.759,2443.484375,T6,224.0,1.0,0.0
1631,29,40.759,2443.484375,T6,226.0,1.0,0.0
1632,29,40.809,2446.640625,T6,226.0,1.0,0.0
1633,29,40.809,2446.640625,T6,227.0,1.0,0.0
1634,29,40.859,2449.8203125,T6,227.0,1.0,0.0
1635,29,40.859,2449.8203125,T6,228.0,1.0,0.0
1636,29,40.909,2453.0078125,T6,228.0,1.0,0.0
1637,29,40.909,2453.0078125,T6,229.0,1.0,0.0
1638,29,40.959,2456.21875,T6,229.0,1.0,0.0
1639,29,40.959,2456.21875,T6,230.0,1.0,0.0
1640,29,41.009,2459.4453125,T6,230.0,1.0,0.0
1641,29,41.009,2459.4453125,T6,231.0,1.0,0.0
1642,29,41.059,2462.6875,T6,231.0,1.0,0.0
1643,29,41.059,2462.6875,T6,233.0,1.0,0.0
1644,29,41.109,2465.953125,T6,233.0,1.0,0.0
1645,29,41.109,2465.953125,T6,233.0,1.0,0.0
1646,29,41.159,2469.234375,T6,233.0,1.0,0.0
1647,29,41.159,2469.234375,T6,234.0,1.0,0.0
1648,29,41.209,2472.5390625,T6,234.0,1.0,0.0
1649,29,41.209,2472.5390625,T6,235.0,1.0,0.0
1650,29,41.259,2475.84375,T6,235.0,1.0,0.0
1651,29,41.259,2475.84375,T6,235.0,1.0,0.0
1652,29,41.309,2479.140625,T6,235.0,1.0,0.0
1653,29,41.309,2479.140625,T6,236.0,1.0,0.0
1654,29,41.359,2482.4453125,T6,236.0,1.0,0.0
1655,29,41.359,2482.4453125,T6,237.0,1.0,0.0
1656,29,41.409,2485.7578125,T6,237.0,1.0,0.0
1657,29,41.409,2485.7578125,T6,238.0,1.0,0.0
1658,29,41.459,2489.078125,T6,238.0,1.0,0.0
1659,29,41.459,2489.078125,T6,238.0,1.0,0.0
1660,29,41.509,2492.40625,T6,238.0,1.0,0.0
1661,29,41.509,2492.40625,T6,239.0,1.0,0.0
1662,29,41.559,2495.7578125,T6,239.0,1.0,0.0
1663,29,41.559,2495.7578125,T6,241.0,1.0,0.0
1664,29,41.609,2499.1171875,T6,241.0,1.0,0.0
1665,29,41.609,2499.1171875,T6,242.0,1.0,0.0
1666,29,41.659,2502.5078125,T6,242.0,1.0,0.0
1667,29,41.659,2502.5078125,T6,243.0,1.0,0.0
1668,29,41.709,2505.90625,T6,243.0,1.0,0.0
1669,29,41.709,2505.90625,T6,244.0,1.0,0.0
1670,29,41.759,2508.1875,T6,244.0,1.0,0.0
1671,29,41.759,2508.1875,T6,245.0,1.0,0.0
1672,29,41.809,2512.7734375,T6,245.0,1.0,0.0
1673,29,41.809,2512.7734375,T6,246.0,1.0,0.0
1674,29,41.859,2516.234375,T6,246.0,1.0,0.0
1675,29,41.859,2516.234375,T6,247.0,1.0,0.0
1676,29,41.909,2519.6796875,T6,247.0,1.0,0.0
1677,29,41.909,2519.6796875,T6,248.0,1.0,0.0
1678,29,41.959,2523.140625,T6,248.0,1.0,0.0
1679,29,41.959,2523.140625,T6,249.0,1.0,0.0
1680,29,42.009,2526.6171875,T6,249.0,1.0,0.0
1681,29,42.009,2526.6171875,T6,250.0,1.0,0.0
1682,29,42.059,2530.109375,T6,250.0,1.0,0.0
1683,29,42.059,2530.109375,T6,251.0,1.0,0.0
1684,29,42.109,2533.6171875,T6,251.0,1.0,0.0
1685,29,42.109,2533.6171875,T6,252.0,1.0,0.0
1686,29,42.159,2537.140625,T6,252.0,1.0,0.0
1687,29,42.159,2537.140625,T6,253.0,1.0,0.0
1688,29,42.209,2540.671875,T6,253.0,1.0,0.0
1689,29,42.209,2540.671875,T6,254.0,1.0,0.0
1690,29,42.259,2544.21875,T6,254.0,1.0,0.0
1691,29,42.259,2544.21875,T6,255.0,1.0,0.0
1692,29,42.309,2547.78125,T6,255.0,1.0,0.0
1693,29,42.309,2547.78125,T6,256.0,1.0,0.0
1694,29,42.359,2551.3515625,T6,256.0,1.0,0.0
1695,29,42.359,2551.3515625,T6,257.0,1.0,0.0
1696,29,42.409,2554.9375,T6,257.0,1.0,0.0
1697,29,42.409,2554.9375,T6,258.0,1.0,0.0
1698,29,42.459,2558.5390625,T6,258.0,1.0,0.0
1699,29,42.459,2558.5390625,T6,259.0,1.0,0.0
1700,29,42.509,2562.1484375,T6,259.0,1.0,0.0
1701,29,42.509,2562.1484375,T6,260.0,1.0,0.0
1702,29,42.559,2565.7734375,T6,260.0,1.0,0.0
1703,29,42.559,2565.7734375,T6,261.0,1.0,0.0
1704,29,42.609,2569.40625,T6,261.0,1.0,0.0
1705,29,42.609,2569.40625,T6,262.0,1.0,0.0
1706,29,42.659,2573.0546875,T6,262.0,1.0,0.0
1707,29,42.659,2573.0546875,T6,263.0,1.0,0.0
1708,29,42.709,2575.4921875,T6,263.0,1.0,0.0
1709,29,42.709,2575.4921875,T6,263.0,1.0,0.0
1710,29,42.759,2580.3828125,T6,263.0,1.0,0.0
1711,29,42.759,2580.3828125,T6,264.0,1.0,0.0
1712,29,42.809,2584.0625,T6,264.0,1.0,0.0
1713,29,42.809,2584.0625,T6,265.0,1.0,0.0
1714,29,42.859,2587.7578125,T6,265.0,1.0,0.0
1715,29,42.859,2587.7578125,T6,266.0,1.0,0.0
1716,29,42.909,2591.4609375,T6,266.0,1.0,0.0
1717,29,42.909,2591.4609375,T6,267.0,1.0,0.0
1718,29,42.959,2595.171875,T6,267.0,1.0,0.0
1719,29,42.959,2595.171875,T6,268.0,1.0,0.0
1720,29,43.009,2598.8984375,T6,268.0,1.0,0.0
1721,29,43.009,2598.8984375,T6,268.0,1.0,0.0
1722,29,43.059,2602.6328125,T6,268.0,1.0,0.0
1723,29,43.059,2602.6328125,T6,269.0,1.0,0.0
1724,29,43.109,2605.1328125,T6,269.0,1.0,0.0
1725,29,43.109,2605.1328125,T6,270.0,1.0,0.0
1726,29,43.159,2608.890625,T6,270.0,1.0,0.0
1727,29,43.159,2608.890625,T6,270.0,1.0,0.0
1728,29,43.209,2612.65625,T6,270.0,1.0,0.0
1729,29,43.209,2612.65625,T6,271.0,1.0,0.0
1730,29,43.259,2616.4296875,T6,271.0,1.0,0.0
1731,29,43.259,2616.4296875,T6,272.0,1.0,0.0
1732,29,43.309,2621.4765625,T6,272.0,1.0,0.0
1733,29,43.309,2621.4765625,T6,272.0,0.5607843399047852,0.0
1734,29,43.359,2625.2578125,T6,272.0,0.5607843399047852,0.0
1735,29,43.359,2625.2578125,T6,271.0,0.0,0.0
1736,29,43.409,2629.0234375,T6,271.0,0.0,0.0
1737,29,43.409,2629.0234375,T6,270.0,0.0,0.0
1738,29,43.459,2632.7734375,T6,270.0,0.0,0.0
1739,29,43.459,2632.7734375,T6,269.0,0.0,0.02059340663254261
1740,29,43.509,2636.5,T6,269.0,0.0,0.02059340663254261
1741,29,43.509,2636.5,T6,267.0,0.0,0.2889934480190277
1742,29,43.559,2640.1875,T6,267.0,0.0,0.2889934480190277
1743,29,43.559,2640.1875,T6,263.0,0.0,0.43039485812187195
1744,29,43.609,2643.8125,T6,263.0,0.0,0.43039485812187195
1745,29,43.609,2643.8125,T6,259.0,0.0,0.5572026968002319
1746,29,43.659,2647.375,T6,259.0,0.0,0.5572026968002319
1747,29,43.659,2647.375,T6,254.0,0.0,0.5783301591873169
1748,29,43.709,2650.8671875,T6,254.0,0.0,0.5783301591873169
1749,29,43.709,2650.8671875,T6,250.0,0.0,0.5868887901306152
1750,29,43.759,2654.265625,T6,250.0,0.0,0.5868887901306152
1751,29,43.759,2654.265625,T6,245.0,0.0,0.5955100655555725
1752,29,43.809,2657.5703125,T6,245.0,0.0,0.5955100655555725
1753,29,43.809,2657.5703125,T6,240.0,0.0,0.5955100655555725
1754,29,43.859,2660.8125,T6,240.0,0.0,0.5955100655555725
1755,29,43.859,2660.8125,T6,235.0,0.0,0.5911915302276611
1756,29,43.909,2662.9375,T6,235.0,0.0,0.5911915302276611
1757,29,43.909,2662.9375,T6,231.0,0.0,0.5911915302276611
1758,29,43.959,2666.0703125,T6,231.0,0.0,0.5911915302276611
1759,29,43.959,2666.0703125,T6,226.0,0.0,0.5911915302276611
1760,29,44.009,2669.1484375,T6,226.0,0.0,0.5911915302276611
1761,29,44.009,2669.1484375,T6,222.0,0.0,0.5572026968002319
1762,29,44.059,2673.203125,T6,222.0,0.0,0.5572026968002319
1763,29,44.059,2673.203125,T6,217.0,0.0,0.44931507110595703
1764,29,44.109,2675.2109375,T6,217.0,0.0,0.44931507110595703
1765,29,44.109,2675.2109375,T6,214.0,0.0,0.4191889762878418
1766,29,44.159,2678.1875,T6,214.0,0.0,0.4191889762878418
1767,29,44.159,2678.1875,T6,210.0,0.0,0.38982129096984863
1768,29,44.209,2682.109375,T6,210.0,0.0,0.38982129096984863
1769,29,44.209,2682.109375,T6,205.0,0.0,0.35410773754119873
1770,29,44.259,2685.046875,T6,205.0,0.0,0.35410773754119873
1771,29,44.259,2685.046875,T6,201.0,0.0,0.3194164037704468
1772,29,44.309,2687.9296875,T6,201.0,0.0,0.3194164037704468
1773,29,44.309,2687.9296875,T6,197.0,0.0,0.3194164037704468
1774,29,44.359,2690.7265625,T6,197.0,0.0,0.3194164037704468
1775,29,44.359,2690.7265625,T6,194.0,0.0,0.3194164037704468
1776,29,44.409,2693.4765625,T6,194.0,0.0,0.3194164037704468
1777,29,44.409,2693.4765625,T6,192.0,0.0,0.3194164037704468
1778,29,44.459,2696.1640625,T6,192.0,0.0,0.3194164037704468
1779,29,44.459,2696.1640625,T6,189.0,0.0,0.3194164037704468
1780,29,44.509,2698.8046875,T6,189.0,0.0,0.3194164037704468
1781,29,44.509,2698.8046875,T6,185.0,0.0,0.3194164037704468
1782,29,44.559,2701.3828125,T6,185.0,0.0,0.3194164037704468
1783,29,44.559,2701.3828125,T6,181.0,0.0,0.3194164037704468
1784,29,44.609,2703.921875,T6,181.0,0.0,0.3194164037704468
1785,29,44.609,2703.921875,T6,178.0,0.0,0.30919480323791504
1786,29,44.659,2706.4296875,T6,178.0,0.0,0.30919480323791504
1787,29,44.659,2706.4296875,T6,176.0,0.0,0.2625311017036438
1788,29,44.709,2708.921875,T7,176.0,0.0,0.2625311017036438
1789,29,44.709,2708.921875,T7,173.0,0.0,0.21105383336544037
1790,29,44.759,2711.390625,T7,173.0,0.0,0.21105383336544037
1791,29,44.759,2711.390625,T7,170.0,0.0,0.16735367476940155
1792,29,44.809,2713.84375,T7,170.0,0.0,0.16735367476940155
1793,29,44.809,2713.84375,T7,168.0,0.0,0.09461170434951782
1794,29,44.859,2716.2734375,T7,168.0,0.0,0.09461170434951782
1795,29,44.859,2716.2734375,T7,166.0,0.0,0.014707768335938454
1796,29,44.909,2718.65625,T7,166.0,0.0,0.014707768335938454
1797,29,44.909,2718.65625,T7,164.0,0.0,0.0
1798,29,44.976,2720.9921875,T7,164.0,0.0,0.0
1799,29,44.976,2720.9921875,T7,163.0,0.0,0.0
1800,29,45.009,2723.296875,T7,163.0,0.0,0.0
1801,29,45.009,2723.296875,T7,161.0,0.0,0.0
1802,29,45.059,2725.5703125,T7,161.0,0.0,0.0
1803,29,45.059,2725.5703125,T7,159.0,0.019607843831181526,0.0
1804,29,45.109,2727.8125,T7,159.0,0.019607843831181526,0.0
1805,29,45.109,2727.8125,T7,158.0,0.2862745225429535,0.0
1806,29,45.159,2730.0390625,T7,158.0,0.2862745225429535,0.0
1807,29,45.159,2730.0390625,T7,157.0,0.3764705955982208,0.0
1808,29,45.209,2732.265625,T7,157.0,0.3764705955982208,0.0
1809,29,45.209,2732.265625,T7,157.0,0.41960784792900085,0.0
1810,29,45.259,2734.484375,T7,157.0,0.41960784792900085,0.0
1811,29,45.259,2734.484375,T7,156.0,0.4431372582912445,0.0
1812,29,45.309,2736.7109375,T7,156.0,0.4431372582912445,0.0
1813,29,45.309,2736.7109375,T7,156.0,0.45490196347236633,0.0
1814,29,45.359,2738.9453125,T7,156.0,0.45490196347236633,0.0
1815,29,45.359,2738.9453125,T7,155.0,0.4588235318660736,0.0
1816,29,45.409,2741.1953125,T7,155.0,0.4588235318660736,0.0
1817,29,45.409,2741.1953125,T7,155.0,0.5411764979362488,0.0
1818,29,45.459,2743.4609375,T7,155.0,0.5411764979362488,0.0
1819,29,45.459,2743.4609375,T7,155.0,0.5843137502670288,0.0
1820,29,45.509,2745.734375,T7,155.0,0.5843137502670288,0.0
1821,29,45.509,2745.734375,T7,155.0,0.6117647290229797,0.0
1822,29,45.559,2747.9921875,T7,155.0,0.6117647290229797,0.0
1823,29,45.559,2747.9921875,T7,156.0,0.6666666865348816,0.0
1824,29,45.609,2750.2421875,T7,156.0,0.6666666865348816,0.0
1825,29,45.609,2750.2421875,T7,156.0,0.7058823704719543,0.0
1826,29,45.659,2752.5,T7,156.0,0.7058823704719543,0.0
1827,29,45.659,2752.5,T7,157.0,0.7333333492279053,0.0
1828,29,45.709,2754.7578125,T7,157.0,0.7333333492279053,0.0
1829,29,45.709,2754.7578125,T7,158.0,0.7568627595901489,0.0
1830,29,45.759,2757.03125,T7,158.0,0.7568627595901489,0.0
1831,29,45.759,2757.03125,T7,159.0,0.7647058963775635,0.0
1832,29,45.809,2759.3203125,T7,159.0,0.7647058963775635,0.0
1833,29,45.809,2759.3203125,T7,159.0,0.7960784435272217,0.0
1834,29,45.859,2761.6171875,T7,159.0,0.7960784435272217,0.0
1835,29,45.859,2761.6171875,T7,160.0,0.8039215803146362,0.0
1836,29,45.909,2763.9453125,T7,160.0,0.8039215803146362,0.0
1837,29,45.909,2763.9453125,T7,161.0,0.8196078538894653,0.0
1838,29,45.959,2766.296875,T7,161.0,0.8196078538894653,0.0
1839,29,45.959,2766.296875,T7,162.0,0.8313725590705872,0.0
1840,29,46.009,2768.671875,T7,162.0,0.8313725590705872,0.0
1841,29,46.009,2768.671875,T7,163.0,0.8392156958580017,0.0
1842,29,46.059,2771.0859375,T7,163.0,0.8392156958580017,0.0
1843,29,46.059,2771.0859375,T7,164.0,0.8509804010391235,0.0
1844,29,46.109,2773.5546875,T7,164.0,0.8509804010391235,0.0
1845,29,46.109,2773.5546875,T7,165.0,0.8549019694328308,0.0
1846,29,46.159,2776.03125,T7,165.0,0.8549019694328308,0.0
1847,29,46.159,2776.03125,T7,166.0,0.8549019694328308,0.0
1848,29,46.209,2778.5078125,T7,166.0,0.8549019694328308,0.0
1849,29,46.209,2778.5078125,T7,167.0,0.8666666746139526,0.0
1850,29,46.259,2780.9921875,T7,167.0,0.8666666746139526,0.0
1851,29,46.259,2780.9921875,T7,169.0,0.8941176533699036,0.0
1852,29,46.309,2783.484375,T7,169.0,0.8941176533699036,0.0
1853,29,46.309,2783.484375,T7,170.0,0.9607843160629272,0.0
1854,29,46.359,2785.984375,T7,170.0,0.9607843160629272,0.0
1855,29,46.359,2785.984375,T7,172.0,1.0,0.0
1856,29,46.409,2788.515625,T7,172.0,1.0,0.0
1857,29,46.409,2788.515625,T7,173.0,1.0,0.0
1858,29,46.459,2791.0703125,T7,173.0,1.0,0.0
1859,29,46.459,2791.0703125,T7,175.0,1.0,0.0
1860,29,46.509,2793.65625,T7,175.0,1.0,0.0
1861,29,46.509,2793.65625,T7,177.0,1.0,0.0
1862,29,46.559,2796.28125,T7,177.0,1.0,0.0
1863,29,46.559,2796.28125,T7,178.0,1.0,0.0
1864,29,46.609,2798.953125,T7,178.0,1.0,0.0
1865,29,46.609,2798.953125,T7,180.0,1.0,0.0
1866,29,46.659,2801.6640625,T7,180.0,1.0,0.0
1867,29,46.659,2801.6640625,T7,181.0,1.0,0.0
1868,29,46.709,2804.3984375,T7,181.0,1.0,0.0
1869,29,46.709,2804.3984375,T7,183.0,1.0,0.0
1870,29,46.759,2807.1171875,T7,183.0,1.0,0.0
1871,29,46.759,2807.1171875,T7,185.0,1.0,0.0
1872,29,46.809,2809.84375,T7,185.0,1.0,0.0
1873,29,46.809,2809.84375,T7,187.0,1.0,0.0
1874,29,46.859,2812.5703125,T7,187.0,1.0,0.0
1875,29,46.859,2812.5703125,T7,188.0,1.0,0.0
1876,29,46.909,2815.296875,T7,188.0,1.0,0.0
1877,29,46.909,2815.296875,T7,190.0,1.0,0.0
1878,29,46.959,2818.03125,T7,190.0,1.0,0.0
1879,29,46.959,2818.03125,T7,191.0,1.0,0.0
1880,29,47.009,2820.765625,T7,191.0,1.0,0.0
1881,29,47.009,2820.765625,T7,193.0,1.0,0.0
1882,29,47.059,2823.5234375,T7,193.0,1.0,0.0
1883,29,47.059,2823.5234375,T7,194.0,1.0,0.0
1884,29,47.109,2826.296875,T7,194.0,1.0,0.0
1885,29,47.109,2826.296875,T7,196.0,1.0,0.0
1886,29,47.159,2829.09375,T7,196.0,1.0,0.0
1887,29,47.159,2829.09375,T7,198.0,1.0,0.0
1888,29,47.209,2831.921875,T7,198.0,1.0,0.0
1889,29,47.209,2831.921875,T7,199.0,1.0,0.0
1890,29,47.259,2834.671875,T7,199.0,1.0,0.0
1891,29,47.259,2834.671875,T7,200.0,1.0,0.0
1892,29,47.309,2837.4296875,T7,200.0,1.0,0.0
1893,29,47.309,2837.4296875,T7,202.0,1.0,0.0
1894,29,47.359,2840.2109375,T7,202.0,1.0,0.0
1895,29,47.359,2840.2109375,T7,203.0,1.0,0.0
1896,29,47.409,2843.0078125,T7,203.0,1.0,0.0
1897,29,47.409,2843.0078125,T7,204.0,1.0,0.0
1898,29,47.459,2845.8125,T7,204.0,1.0,0.0
1899,29,47.459,2845.8125,T7,205.0,1.0,0.0
1900,29,47.509,2848.640625,T7,205.0,1.0,0.0
1901,29,47.509,2848.640625,T7,206.0,1.0,0.0
1902,29,47.559,2851.4765625,T7,206.0,1.0,0.0
1903,29,47.559,2851.4765625,T7,207.0,1.0,0.0
1904,29,47.609,2854.328125,T7,207.0,1.0,0.0
1905,29,47.609,2854.328125,T7,207.0,1.0,0.0
1906,29,47.659,2857.203125,T7,207.0,1.0,0.0
1907,29,47.659,2857.203125,T7,209.0,1.0,0.0
1908,29,47.709,2860.1015625,T7,209.0,1.0,0.0
1909,29,47.709,2860.1015625,T7,210.0,1.0,0.0
1910,29,47.759,2863.015625,T7,210.0,1.0,0.0
1911,29,47.759,2863.015625,T7,212.0,1.0,0.0
1912,29,47.809,2865.96875,T7,212.0,1.0,0.0
1913,29,47.809,2865.96875,T7,214.0,1.0,0.0
1914,29,47.859,2868.953125,T7,214.0,1.0,0.0
1915,29,47.859,2868.953125,T7,215.0,1.0,0.0
1916,29,47.909,2871.9609375,T7,215.0,1.0,0.0
1917,29,47.909,2871.9609375,T7,217.0,1.0,0.0
1918,29,47.959,2874.9921875,T7,217.0,1.0,0.0
1919,29,47.959,2874.9921875,T7,219.0,1.0,0.0
1920,29,48.009,2878.046875,T7,219.0,1.0,0.0
1921,29,48.009,2878.046875,T7,220.0,1.0,0.0
1922,29,48.059,2880.09375,T7,220.0,1.0,0.0
1923,29,48.059,2880.09375,T7,221.0,1.0,0.0
1924,29,48.109,2884.2109375,T7,221.0,1.0,0.0
1925,29,48.109,2884.2109375,T7,223.0,1.0,0.0
1926,29,48.159,2887.328125,T7,223.0,1.0,0.0
1927,29,48.159,2887.328125,T7,225.0,1.0,0.0
1928,29,48.209,2890.4609375,T7,225.0,1.0,0.0
1929,29,48.209,2890.4609375,T7,226.0,1.0,0.0
1930,29,48.259,2893.6171875,T7,226.0,1.0,0.0
1931,29,48.259,2893.6171875,T7,228.0,1.0,0.0
1932,29,48.309,2896.7890625,T7,228.0,1.0,0.0
1933,29,48.309,2896.7890625,T7,229.0,1.0,0.0
1934,29,48.359,2899.9921875,T7,229.0,1.0,0.0
1935,29,48.359,2899.9921875,T7,230.0,1.0,0.0
1936,29,48.409,2903.203125,T7,230.0,1.0,0.0
1937,29,48.409,2903.203125,T7,232.0,1.0,0.0
1938,29,48.459,2906.4453125,T7,232.0,1.0,0.0
1939,29,48.459,2906.4453125,T7,233.0,1.0,0.0
1940,29,48.509,2909.6953125,T7,233.0,1.0,0.0
1941,29,48.509,2909.6953125,T7,235.0,1.0,0.0
1942,29,48.559,2912.96875,T7,235.0,1.0,0.0
1943,29,48.559,2912.96875,T7,236.0,1.0,0.0
1944,29,48.609,2916.265625,T7,236.0,1.0,0.0
1945,29,48.609,2916.265625,T7,237.0,1.0,0.0
1946,29,48.659,2919.578125,T7,237.0,1.0,0.0
1947,29,48.659,2919.578125,T7,239.0,1.0,0.0
1948,29,48.709,2922.90625,T7,239.0,1.0,0.0
1949,29,48.709,2922.90625,T7,240.0,1.0,0.0
1950,29,48.759,2926.2578125,T7,240.0,1.0,0.0
1951,29,48.759,2926.2578125,T7,242.0,1.0,0.0
1952,29,48.809,2929.6328125,T7,242.0,1.0,0.0
1953,29,48.809,2929.6328125,T7,243.0,1.0,0.0
1954,29,48.859,2933.015625,T7,243.0,1.0,0.0
1955,29,48.859,2933.015625,T7,244.0,1.0,0.0
1956,29,48.911,2936.421875,T7,244.0,1.0,0.0
1957,29,48.911,2936.421875,T7,245.0,1.0,0.0
1958,29,48.961,2939.8515625,T7,245.0,1.0,0.0
1959,29,48.961,2939.8515625,T7,247.0,1.0,0.0
1960,29,49.011,2943.2890625,T7,247.0,1.0,0.0
1961,29,49.011,2943.2890625,T7,248.0,1.0,0.0
1962,29,49.061,2946.75,T7,248.0,1.0,0.0
1963,29,49.061,2946.75,T7,249.0,1.0,0.0
1964,29,49.111,2950.2265625,T7,249.0,1.0,0.0
1965,29,49.111,2950.2265625,T7,250.0,1.0,0.0
1966,29,49.161,2952.546875,T7,250.0,1.0,0.0
1967,29,49.161,2952.546875,T7,251.0,1.0,0.0
1968,29,49.211,2957.203125,T7,251.0,1.0,0.0
1969,29,49.211,2957.203125,T7,250.0,0.13333334028720856,0.055985771119594574
1970,29,49.261,2960.6796875,T7,250.0,0.13333334028720856,0.055985771119594574
1971,29,49.261,2960.6796875,T7,248.0,0.0,0.1276693344116211
1972,29,49.311,2964.109375,T7,248.0,0.0,0.1276693344116211
1973,29,49.311,2964.109375,T7,246.0,0.0,0.16427317261695862
1974,29,49.361,2967.5,T7,246.0,0.0,0.16427317261695862
1975,29,49.361,2967.5,T7,243.0,0.0,0.19845229387283325
1976,29,49.411,2970.8203125,T7,243.0,0.0,0.19845229387283325
1977,29,49.411,2970.8203125,T7,240.0,0.0,0.2142198085784912
1978,29,49.461,2974.0390625,T7,240.0,0.0,0.2142198085784912
1979,29,49.461,2974.0390625,T7,237.0,0.0,0.2365666776895523
1980,29,49.511,2977.203125,T7,237.0,0.0,0.2365666776895523
1981,29,49.511,2977.203125,T7,233.0,0.0,0.28232866525650024
1982,29,49.561,2980.328125,T7,233.0,0.0,0.28232866525650024
1983,29,49.561,2980.328125,T7,229.0,0.0,0.2889934480190277
1984,29,49.611,2983.3984375,T7,229.0,0.0,0.2889934480190277
1985,29,49.611,2983.3984375,T7,225.0,0.0,0.2956922650337219
1986,29,49.661,2986.4296875,T7,225.0,0.0,0.2956922650337219
1987,29,49.661,2986.4296875,T7,221.0,0.0,0.2956922650337219
1988,29,49.711,2989.421875,T7,221.0,0.0,0.2956922650337219
1989,29,49.711,2989.421875,T7,217.0,0.0,0.1704392433166504
1990,29,49.761,2992.390625,T7,217.0,0.0,0.1704392433166504
1991,29,49.761,2992.390625,T7,215.0,0.0,0.0
1992,29,49.811,2995.34375,T7,215.0,0.0,0.0
1993,29,49.811,2995.34375,T7,213.0,0.0,0.0
1994,29,49.861,2998.3046875,T7,213.0,0.0,0.0
1995,29,49.861,2998.3046875,T7,212.0,0.0,0.0
1996,29,49.911,3001.3203125,T7,212.0,0.0,0.0
1997,29,49.911,3001.3203125,T7,211.0,0.0,0.0
1998,29,49.961,3004.375,T7,211.0,0.0,0.0
1999,29,49.961,3004.375,T7,210.0,0.0,0.0
2000,29,50.011,3007.4140625,T7,210.0,0.0,0.0
2001,29,50.011,3007.4140625,T7,209.0,0.0,0.08566183596849442
2002,29,50.061,3010.4375,T7,209.0,0.0,0.08566183596849442
2003,29,50.061,3010.4375,T7,205.0,0.0,0.7821953892707825
2004,29,50.111,3013.390625,T7,205.0,0.0,0.7821953892707825
2005,29,50.111,3013.390625,T7,200.0,0.0,0.8760101795196533
2006,29,50.161,3016.2734375,T7,200.0,0.0,0.8760101795196533
2007,29,50.161,3016.2734375,T7,195.0,0.0,0.4044131934642792
2008,29,50.211,3019.1328125,T8,195.0,0.0,0.4044131934642792
2009,29,50.211,3019.1328125,T8,194.0,0.0,0.0
2010,29,50.261,3022.0078125,T8,194.0,0.0,0.0
2011,29,50.261,3022.0078125,T8,194.0,0.0,0.0
2012,29,50.311,3024.890625,T8,194.0,0.0,0.0
2013,29,50.311,3024.890625,T8,193.0,0.0,0.0
2014,29,50.361,3026.8203125,T8,193.0,0.0,0.0
2015,29,50.361,3026.8203125,T8,192.0,0.0,0.0
2016,29,50.411,3030.6953125,T8,192.0,0.0,0.0
2017,29,50.411,3030.6953125,T8,190.0,0.0,0.0
2018,29,50.461,3033.5703125,T8,190.0,0.0,0.0
2019,29,50.461,3033.5703125,T8,188.0,0.0,0.0
2020,29,50.511,3036.390625,T8,188.0,0.0,0.0
2021,29,50.511,3036.390625,T8,187.0,0.0,0.0
2022,29,50.561,3039.1640625,T8,187.0,0.0,0.0
2023,29,50.561,3039.1640625,T8,186.0,0.0,0.0
2024,29,50.611,3041.9140625,T8,186.0,0.0,0.0
2025,29,50.611,3041.9140625,T8,185.0,0.0,0.0
2026,29,50.661,3044.640625,T8,185.0,0.0,0.0
2027,29,50.661,3044.640625,T8,184.0,0.0,0.0
2028,29,50.711,3047.3359375,T8,184.0,0.0,0.0
2029,29,50.711,3047.3359375,T8,182.0,0.0,0.0
2030,29,50.761,3050.0078125,T8,182.0,0.0,0.0
2031,29,50.761,3050.0078125,T8,180.0,0.0,0.0
2032,29,50.811,3052.6640625,T8,180.0,0.0,0.0
2033,29,50.811,3052.6640625,T8,179.0,0.0,0.0
2034,29,50.861,3055.3125,T8,179.0,0.0,0.0
2035,29,50.861,3055.3125,T8,177.0,0.007843137718737125,0.0
2036,29,50.911,3057.9609375,T8,177.0,0.007843137718737125,0.0
2037,29,50.911,3057.9609375,T8,176.0,0.250980406999588,0.0
2038,29,50.961,3060.609375,T8,176.0,0.250980406999588,0.0
2039,29,50.961,3060.609375,T8,175.0,0.3137255012989044,0.0
2040,29,51.011,3063.2265625,T8,175.0,0.3137255012989044,0.0
2041,29,51.011,3063.2265625,T8,174.0,0.364705890417099,0.0
2042,29,51.061,3065.8046875,T8,174.0,0.364705890417099,0.0
2043,29,51.061,3065.8046875,T8,173.0,0.3960784375667572,0.0
2044,29,51.111,3068.3515625,T8,173.0,0.3960784375667572,0.0
2045,29,51.111,3068.3515625,T8,172.0,0.4313725531101227,0.0
2046,29,51.161,3070.8671875,T8,172.0,0.4313725531101227,0.0
2047,29,51.161,3070.8671875,T8,171.0,0.5490196347236633,0.0
2048,29,51.211,3073.375,T8,171.0,0.5490196347236633,0.0
2049,29,51.211,3073.375,T8,171.0,0.6352941393852234,0.0
2050,29,51.261,3075.8671875,T8,171.0,0.6352941393852234,0.0
2051,29,51.261,3075.8671875,T8,170.0,0.6627451181411743,0.0
2052,29,51.311,3078.3671875,T8,170.0,0.6627451181411743,0.0
2053,29,51.311,3078.3671875,T8,170.0,0.7176470756530762,0.0
2054,29,51.361,3080.0390625,T8,170.0,0.7176470756530762,0.0
2055,29,51.361,3080.0390625,T8,171.0,0.7411764860153198,0.0
2056,29,51.411,3083.3984375,T8,171.0,0.7411764860153198,0.0
2057,29,51.411,3083.3984375,T8,171.0,0.800000011920929,0.0
2058,29,51.461,3085.953125,T8,171.0,0.800000011920929,0.0
2059,29,51.461,3085.953125,T8,171.0,0.8470588326454163,0.0
2060,29,51.511,3088.5390625,T8,171.0,0.8470588326454163,0.0
2061,29,51.511,3088.5390625,T8,172.0,0.9529411792755127,0.0
2062,29,51.561,3091.140625,T8,172.0,0.9529411792755127,0.0
2063,29,51.561,3091.140625,T8,174.0,1.0,0.0
2064,29,51.611,3093.7421875,T8,174.0,1.0,0.0
2065,29,51.611,3093.7421875,T8,175.0,1.0,0.0
2066,29,51.661,3096.34375,T8,175.0,1.0,0.0
2067,29,51.661,3096.34375,T8,177.0,1.0,0.0
2068,29,51.711,3098.0859375,T8,177.0,1.0,0.0
2069,29,51.711,3098.0859375,T8,178.0,1.0,0.0
2070,29,51.761,3101.5625,T8,178.0,1.0,0.0
2071,29,51.761,3101.5625,T8,180.0,1.0,0.0
2072,29,51.811,3104.1875,T8,180.0,1.0,0.0
2073,29,51.811,3104.1875,T8,182.0,1.0,0.0
2074,29,51.861,3106.828125,T8,182.0,1.0,0.0
2075,29,51.861,3106.828125,T8,183.0,1.0,0.0
2076,29,51.911,3109.484375,T8,183.0,1.0,0.0
2077,29,51.911,3109.484375,T8,184.0,1.0,0.0
2078,29,51.961,3112.15625,T8,184.0,1.0,0.0
2079,29,51.961,3112.15625,T8,185.0,1.0,0.0
2080,29,52.011,3114.8671875,T8,185.0,1.0,0.0
2081,29,52.011,3114.8671875,T8,186.0,1.0,0.0
2082,29,52.061,3117.609375,T8,186.0,1.0,0.0
2083,29,52.061,3117.609375,T8,188.0,1.0,0.0
2084,29,52.111,3120.328125,T8,188.0,1.0,0.0
2085,29,52.111,3120.328125,T8,189.0,1.0,0.0
2086,29,52.161,3123.03125,T8,189.0,1.0,0.0
2087,29,52.161,3123.03125,T8,190.0,1.0,0.0
2088,29,52.211,3125.734375,T8,190.0,1.0,0.0
2089,29,52.211,3125.734375,T8,192.0,1.0,0.0
2090,29,52.261,3128.4375,T8,192.0,1.0,0.0
2091,29,52.261,3128.4375,T8,193.0,1.0,0.0
2092,29,52.311,3131.140625,T8,193.0,1.0,0.0
2093,29,52.311,3131.140625,T8,194.0,1.0,0.0
2094,29,52.361,3133.8515625,T8,194.0,1.0,0.0
2095,29,52.361,3133.8515625,T8,196.0,1.0,0.0
2096,29,52.411,3136.5625,T8,196.0,1.0,0.0
2097,29,52.411,3136.5625,T8,197.0,1.0,0.0
2098,29,52.461,3139.2890625,T8,197.0,1.0,0.0
2099,29,52.461,3139.2890625,T8,199.0,1.0,0.0
2100,29,52.511,3142.0390625,T8,199.0,1.0,0.0
2101,29,52.511,3142.0390625,T8,201.0,1.0,0.0
2102,29,52.561,3144.796875,T8,201.0,1.0,0.0
2103,29,52.561,3144.796875,T8,202.0,1.0,0.0
2104,29,52.611,3147.5703125,T8,202.0,1.0,0.0
2105,29,52.611,3147.5703125,T8,204.0,1.0,0.0
2106,29,52.661,3150.4140625,T8,204.0,1.0,0.0
2107,29,52.661,3150.4140625,T8,206.0,1.0,0.0
2108,29,52.711,3153.296875,T8,206.0,1.0,0.0
2109,29,52.711,3153.296875,T8,207.0,1.0,0.0
2110,29,52.761,3155.2421875,T8,207.0,1.0,0.0
2111,29,52.761,3155.2421875,T8,208.0,1.0,0.0
2112,29,52.811,3159.1640625,T8,208.0,1.0,0.0
2113,29,52.811,3159.1640625,T8,210.0,1.0,0.0
2114,29,52.861,3162.1484375,T8,210.0,1.0,0.0
2115,29,52.861,3162.1484375,T8,212.0,1.0,0.0
2116,29,52.911,3165.15625,T8,212.0,1.0,0.0
2117,29,52.911,3165.15625,T8,213.0,1.0,0.0
2118,29,52.961,3168.203125,T8,213.0,1.0,0.0
2119,29,52.961,3168.203125,T8,215.0,1.0,0.0
2120,29,53.011,3171.2734375,T8,215.0,1.0,0.0
2121,29,53.011,3171.2734375,T8,216.0,1.0,0.0
2122,29,53.061,3174.3671875,T8,216.0,1.0,0.0
2123,29,53.061,3174.3671875,T8,218.0,1.0,0.0
2124,29,53.111,3177.5,T8,218.0,1.0,0.0
2125,29,53.111,3177.5,T8,219.0,1.0,0.0
2126,29,53.161,3180.6484375,T8,219.0,1.0,0.0
2127,29,53.161,3180.6484375,T8,221.0,1.0,0.0
2128,29,53.211,3183.8046875,T8,221.0,1.0,0.0
2129,29,53.211,3183.8046875,T8,222.0,1.0,0.0
2130,29,53.261,3186.9765625,T8,222.0,1.0,0.0
2131,29,53.261,3186.9765625,T8,223.0,1.0,0.0
2132,29,53.311,3190.1640625,T8,223.0,1.0,0.0
2133,29,53.311,3190.1640625,T8,224.0,1.0,0.0
2134,29,53.361,3193.3671875,T8,224.0,1.0,0.0
2135,29,53.361,3193.3671875,T8,226.0,1.0,0.0
2136,29,53.411,3196.5859375,T8,226.0,1.0,0.0
2137,29,53.411,3196.5859375,T8,227.0,1.0,0.0
2138,29,53.461,3199.8203125,T8,227.0,1.0,0.0
2139,29,53.461,3199.8203125,T8,227.0,1.0,0.0
2140,29,53.511,3203.0703125,T8,227.0,1.0,0.0
2141,29,53.511,3203.0703125,T8,228.0,1.0,0.0
2142,29,53.561,3206.3359375,T8,228.0,1.0,0.0
2143,29,53.561,3206.3359375,T8,229.0,1.0,0.0
2144,29,53.611,3209.6171875,T8,229.0,1.0,0.0
2145,29,53.611,3209.6171875,T8,230.0,1.0,0.0
2146,29,53.661,3211.8125,T8,230.0,1.0,0.0
2147,29,53.661,3211.8125,T8,231.0,1.0,0.0
2148,29,53.711,3216.1953125,T8,231.0,1.0,0.0
2149,29,53.711,3216.1953125,T8,232.0,1.0,0.0
2150,29,53.761,3219.5,T8,232.0,1.0,0.0
2151,29,53.761,3219.5,T8,233.0,1.0,0.0
2152,29,53.811,3222.8203125,T8,233.0,1.0,0.0
2153,29,53.811,3222.8203125,T8,234.0,1.0,0.0
2154,29,53.861,3226.1484375,T8,234.0,1.0,0.0
2155,29,53.861,3226.1484375,T8,235.0,1.0,0.0
2156,29,53.911,3229.5,T9,235.0,1.0,0.0
2157,29,53.911,3229.5,T9,235.0,1.0,0.0
2158,29,53.961,3232.8671875,T9,235.0,1.0,0.0
2159,29,53.961,3232.8671875,T9,236.0,1.0,0.0
2160,29,54.011,3235.125,T9,236.0,1.0,0.0
2161,29,54.011,3235.125,T9,237.0,1.0,0.0
2162,29,54.061,3239.671875,T9,237.0,1.0,0.0
2163,29,54.061,3239.671875,T9,238.0,1.0,0.0
2164,29,54.111,3243.0859375,T9,238.0,1.0,0.0
2165,29,54.111,3243.0859375,T9,239.0,1.0,0.0
2166,29,54.161,3246.5,T9,239.0,1.0,0.0
2167,29,54.161,3246.5,T9,240.0,1.0,0.0
2168,29,54.211,3249.921875,T9,240.0,1.0,0.0
2169,29,54.211,3249.921875,T9,241.0,1.0,0.0
2170,29,54.261,3253.359375,T9,241.0,1.0,0.0
2171,29,54.261,3253.359375,T9,242.0,1.0,0.0
2172,29,54.311,3256.8125,T9,242.0,1.0,0.0
2173,29,54.311,3256.8125,T9,244.0,1.0,0.0
2174,29,54.361,3260.28125,T9,244.0,1.0,0.0
2175,29,54.361,3260.28125,T9,245.0,1.0,0.0
2176,29,54.411,3262.609375,T9,245.0,1.0,0.0
2177,29,54.411,3262.609375,T9,246.0,1.0,0.0
2178,29,54.461,3267.2734375,T9,246.0,1.0,0.0
2179,29,54.461,3267.2734375,T9,247.0,1.0,0.0
2180,29,54.511,3270.78125,T9,247.0,1.0,0.0
2181,29,54.511,3270.78125,T9,248.0,1.0,0.0
2182,29,54.561,3274.28125,T9,248.0,1.0,0.0
2183,29,54.561,3274.28125,T9,249.0,1.0,0.0
2184,29,54.611,3277.7890625,T9,249.0,1.0,0.0
2185,29,54.611,3277.7890625,T9,250.0,1.0,0.0
2186,29,54.661,3281.296875,T9,250.0,1.0,0.0
2187,29,54.661,3281.296875,T9,251.0,1.0,0.0
2188,29,54.711,3284.8125,T9,251.0,1.0,0.0
2189,29,54.711,3284.8125,T9,252.0,1.0,0.0
2190,29,54.761,3287.1640625,T9,252.0,1.0,0.0
2191,29,54.761,3287.1640625,T9,252.0,1.0,0.0
2192,29,54.811,3291.8671875,T9,252.0,1.0,0.0
2193,29,54.811,3291.8671875,T9,253.0,1.0,0.0
2194,29,54.861,3295.40625,T9,253.0,1.0,0.0
2195,29,54.861,3295.40625,T9,254.0,1.0,0.0
2196,29,54.911,3298.9609375,T9,254.0,1.0,0.0
2197,29,54.911,3298.9609375,T9,254.0,1.0,0.0
2198,29,54.961,3302.4921875,T9,254.0,1.0,0.0
2199,29,54.961,3302.4921875,T9,254.0,1.0,0.0
2200,29,54.994,3304.8515625,T9,254.0,1.0,0.0
2201,29,54.994,3304.8515625,T9,254.0,1.0,0.0
2202,29,55.061,3308.3671875,T9,254.0,1.0,0.0
2203,29,55.061,3308.3671875,T9,254.0,1.0,0.0
2204,29,55.111,3313.0703125,T9,254.0,1.0,0.0
2205,29,55.111,3313.0703125,T9,254.0,1.0,0.0
2206,29,55.161,3316.59375,T9,254.0,1.0,0.0
2207,29,55.161,3316.59375,T9,255.0,1.0,0.0
2208,29,55.211,3320.125,T9,255.0,1.0,0.0
2209,29,55.211,3320.125,T9,255.0,1.0,0.0
2210,29,55.261,3323.6640625,T9,255.0,1.0,0.0
2211,29,55.261,3323.6640625,T9,256.0,1.0,0.0
2212,29,55.311,3327.2109375,T9,256.0,1.0,0.0
2213,29,55.311,3327.2109375,T9,257.0,1.0,0.0
2214,29,55.361,3330.7890625,T9,257.0,1.0,0.0
2215,29,55.361,3330.7890625,T9,258.0,1.0,0.0
2216,29,55.411,3334.375,T9,258.0,1.0,0.0
2217,29,55.411,3334.375,T9,258.0,1.0,0.0
2218,29,55.461,3337.9765625,T9,258.0,1.0,0.0
2219,29,55.461,3337.9765625,T9,259.0,1.0,0.0
2220,29,55.511,3341.5859375,T9,259.0,1.0,0.0
2221,29,55.511,3341.5859375,T9,260.0,1.0,0.0
2222,29,55.561,3344.0,T9,260.0,1.0,0.0
2223,29,55.561,3344.0,T9,261.0,1.0,0.0
2224,29,55.611,3348.84375,T9,261.0,1.0,0.0
2225,29,55.611,3348.84375,T9,262.0,1.0,0.0
2226,29,55.661,3352.4921875,T9,262.0,1.0,0.0
2227,29,55.661,3352.4921875,T9,263.0,1.0,0.0
2228,29,55.711,3356.1484375,T9,263.0,1.0,0.0
2229,29,55.711,3356.1484375,T9,264.0,1.0,0.0
2230,29,55.761,3359.8203125,T9,264.0,1.0,0.0
2231,29,55.761,3359.8203125,T9,264.0,1.0,0.0
2232,29,55.811,3362.2734375,T9,264.0,1.0,0.0
2233,29,55.811,3362.2734375,T9,265.0,1.0,0.0
2234,29,55.861,3367.1875,T9,265.0,1.0,0.0
2235,29,55.861,3367.1875,T9,266.0,1.0,0.0
2236,29,55.911,3370.890625,T9,266.0,1.0,0.0
2237,29,55.911,3370.890625,T9,267.0,1.0,0.0
2238,29,55.961,3374.6015625,T9,267.0,1.0,0.0
2239,29,55.961,3374.6015625,T9,267.0,1.0,0.0
2240,29,56.011,3378.3203125,T9,267.0,1.0,0.0
2241,29,56.011,3378.3203125,T9,268.0,1.0,0.0
2242,29,56.061,3382.0625,T9,268.0,1.0,0.0
2243,29,56.061,3382.0625,T9,269.0,1.0,0.0
2244,29,56.111,3385.8046875,T9,269.0,1.0,0.0
2245,29,56.111,3385.8046875,T9,270.0,1.0,0.0
2246,29,56.161,3389.5625,T9,270.0,1.0,0.0
2247,29,56.161,3389.5625,T9,270.0,1.0,0.0
2248,29,56.211,3393.328125,T9,270.0,1.0,0.0
2249,29,56.211,3393.328125,T9,271.0,1.0,0.0
2250,29,56.261,3397.109375,T9,271.0,1.0,0.0
2251,29,56.261,3397.109375,T9,272.0,1.0,0.0
2252,29,56.311,3400.8984375,T9,272.0,1.0,0.0
2253,29,56.311,3400.8984375,T9,272.0,1.0,0.0
2254,29,56.361,3403.4296875,T9,272.0,1.0,0.0
2255,29,56.361,3403.4296875,T9,273.0,1.0,0.0
2256,29,56.411,3408.5,T9,273.0,1.0,0.0
2257,29,56.411,3408.5,T9,274.0,1.0,0.0
2258,29,56.461,3412.3125,T9,274.0,1.0,0.0
2259,29,56.461,3412.3125,T9,275.0,1.0,0.0
2260,29,56.511,3416.140625,T9,275.0,1.0,0.0
2261,29,56.511,3416.140625,T9,275.0,1.0,0.0
2262,29,56.561,3419.9765625,T9,275.0,1.0,0.0
2263,29,56.561,3419.9765625,T9,276.0,1.0,0.0
2264,29,56.611,3423.8125,T9,276.0,1.0,0.0
2265,29,56.611,3423.8125,T9,276.0,1.0,0.0
2266,29,56.661,3427.6640625,T9,276.0,1.0,0.0
2267,29,56.661,3427.6640625,T9,277.0,1.0,0.0
2268,29,56.711,3431.5234375,T9,277.0,1.0,0.0
2269,29,56.711,3431.5234375,T9,278.0,1.0,0.0
2270,29,56.761,3435.3984375,T9,278.0,1.0,0.0
2271,29,56.761,3435.3984375,T9,278.0,1.0,0.0
2272,29,56.811,3439.2734375,T9,278.0,1.0,0.0
2273,29,56.811,3439.2734375,T9,279.0,1.0,0.0
2274,29,56.861,3443.15625,T9,279.0,1.0,0.0
2275,29,56.861,3443.15625,T9,280.0,1.0,0.0
2276,29,56.911,3447.0546875,T9,280.0,1.0,0.0
2277,29,56.911,3447.0546875,T9,280.0,1.0,0.0
2278,29,56.961,3450.953125,T9,280.0,1.0,0.0
2279,29,56.961,3450.953125,T9,281.0,1.0,0.0
2280,29,57.011,3454.8671875,T9,281.0,1.0,0.0
2281,29,57.011,3454.8671875,T9,281.0,1.0,0.0
2282,29,57.061,3458.7890625,T9,281.0,1.0,0.0
2283,29,57.061,3458.7890625,T9,282.0,1.0,0.0
2284,29,57.111,3462.7109375,T9,282.0,1.0,0.0
2285,29,57.111,3462.7109375,T9,282.0,1.0,0.0
2286,29,57.161,3466.6484375,T9,282.0,1.0,0.0
2287,29,57.161,3466.6484375,T9,283.0,1.0,0.0
2288,29,57.211,3470.59375,T9,283.0,1.0,0.0
2289,29,57.211,3470.59375,T9,284.0,1.0,0.0
2290,29,57.261,3474.546875,T9,284.0,1.0,0.0
2291,29,57.261,3474.546875,T9,284.0,1.0,0.0
2292,29,57.311,3478.5,T9,284.0,1.0,0.0
2293,29,57.311,3478.5,T9,285.0,1.0,0.0
2294,29,57.361,3482.46875,T9,285.0,1.0,0.0
2295,29,57.361,3482.46875,T9,285.0,1.0,0.0
2296,29,57.411,3485.1171875,T9,285.0,1.0,0.0
2297,29,57.411,3485.1171875,T9,286.0,1.0,0.0
2298,29,57.461,3489.1015625,T9,286.0,1.0,0.0
2299,29,57.461,3489.1015625,T9,286.0,1.0,0.0
2300,29,57.511,3493.0859375,T9,286.0,1.0,0.0
2301,29,57.511,3493.0859375,T9,287.0,1.0,0.0
2302,29,57.561,3498.4140625,T9,287.0,1.0,0.0
2303,29,57.561,3498.4140625,T9,287.0,1.0,0.0
2304,29,57.611,3502.421875,T9,287.0,1.0,0.0
2305,29,57.611,3502.421875,T9,288.0,1.0,0.0
2306,29,57.644,3505.09375,T9,288.0,1.0,0.0
2307,29,57.644,3505.09375,T9,288.0,1.0,0.0
2308,29,57.711,3509.1015625,T9,288.0,1.0,0.0
2309,29,57.711,3509.1015625,T9,289.0,1.0,0.0
2310,29,57.761,3514.46875,T9,289.0,1.0,0.0
2311,29,57.761,3514.46875,T9,290.0,1.0,0.0
2312,29,57.811,3518.5,T9,290.0,1.0,0.0
2313,29,57.811,3518.5,T9,290.0,1.0,0.0
2314,29,57.861,3522.5390625,T9,290.0,1.0,0.0
2315,29,57.861,3522.5390625,T9,290.0,1.0,0.0
2316,29,57.911,3526.5859375,T9,290.0,1.0,0.0
2317,29,57.911,3526.5859375,T9,291.0,1.0,0.0
2318,29,57.961,3530.6328125,T9,291.0,1.0,0.0
2319,29,57.961,3530.6328125,T9,291.0,1.0,0.0
2320,29,57.994,3533.3359375,T9,291.0,1.0,0.0
2321,29,57.994,3533.3359375,T9,292.0,1.0,0.0
2322,29,58.061,3537.3984375,T9,292.0,1.0,0.0
2323,29,58.061,3537.3984375,T9,292.0,1.0,0.0
2324,29,58.111,3541.46875,T9,292.0,1.0,0.0
2325,29,58.111,3541.46875,T9,293.0,1.0,0.0
2326,29,58.161,3545.546875,T9,293.0,1.0,0.0
2327,29,58.161,3545.546875,T9,293.0,1.0,0.0
2328,29,58.211,3549.625,T9,293.0,1.0,0.0
2329,29,58.211,3549.625,T9,294.0,1.0,0.0
2330,29,58.261,3555.078125,T9,294.0,1.0,0.0
2331,29,58.261,3555.078125,T9,294.0,1.0,0.0
2332,29,58.311,3559.171875,T9,294.0,1.0,0.0
2333,29,58.311,3559.171875,T9,295.0,1.0,0.0
2334,29,58.361,3563.2734375,T9,295.0,1.0,0.0
2335,29,58.361,3563.2734375,T9,295.0,1.0,0.0
2336,29,58.411,3567.3828125,T9,295.0,1.0,0.0
2337,29,58.411,3567.3828125,T9,295.0,1.0,0.0
2338,29,58.461,3571.4921875,T9,295.0,1.0,0.0
2339,29,58.461,3571.4921875,T9,296.0,1.0,0.0
2340,29,58.494,3574.2421875,T9,296.0,1.0,0.0
2341,29,58.494,3574.2421875,T9,296.0,1.0,0.0
2342,29,58.561,3578.3671875,T9,296.0,1.0,0.0
2343,29,58.561,3578.3671875,T9,297.0,1.0,0.0
2344,29,58.611,3582.4921875,T9,297.0,1.0,0.0
2345,29,58.611,3582.4921875,T9,297.0,1.0,0.0
2346,29,58.661,3586.625,T9,297.0,1.0,0.0
2347,29,58.661,3586.625,T9,297.0,1.0,0.0
2348,29,58.711,3590.765625,T9,297.0,1.0,0.0
2349,29,58.711,3590.765625,T9,298.0,1.0,0.0
2350,29,58.761,3594.9140625,T9,298.0,1.0,0.0
2351,29,58.761,3594.9140625,T9,298.0,1.0,0.0
2352,29,58.811,3599.0625,T9,298.0,1.0,0.0
2353,29,58.811,3599.0625,T9,299.0,1.0,0.0
2354,29,58.861,3604.609375,T9,299.0,1.0,0.0
2355,29,58.861,3604.609375,T9,299.0,1.0,0.0
2356,29,58.911,3608.7734375,T9,299.0,1.0,0.0
2357,29,58.911,3608.7734375,T9,300.0,1.0,0.0
2358,29,58.961,3612.9453125,T9,300.0,1.0,0.0
2359,29,58.961,3612.9453125,T9,300.0,1.0,0.0
2360,29,59.011,3617.1171875,T9,300.0,1.0,0.0
2361,29,59.011,3617.1171875,T9,300.0,1.0,0.0
2362,29,59.061,3621.296875,T9,300.0,1.0,0.0
2363,29,59.061,3621.296875,T9,301.0,1.0,0.0
2364,29,59.111,3625.484375,T9,301.0,1.0,0.0
2365,29,59.111,3625.484375,T9,301.0,1.0,0.0
2366,29,59.161,3629.6796875,T9,301.0,1.0,0.0
2367,29,59.161,3629.6796875,T9,302.0,1.0,0.0
2368,29,59.211,3633.875,T9,302.0,1.0,0.0
2369,29,59.211,3633.875,T9,302.0,1.0,0.0
2370,29,59.261,3638.078125,T9,302.0,1.0,0.0
2371,29,59.261,3638.078125,T9,302.0,1.0,0.0
2372,29,59.311,3642.2890625,T9,302.0,1.0,0.0
2373,29,59.311,3642.2890625,T9,303.0,1.0,0.0
2374,29,59.344,3645.09375,T9,303.0,1.0,0.0
2375,29,59.344,3645.09375,T9,303.0,1.0,0.0
2376,29,59.411,3650.71875,T9,303.0,1.0,0.0
2377,29,59.411,3650.71875,T9,303.0,1.0,0.0
2378,29,59.461,3654.9453125,T9,303.0,1.0,0.0
2379,29,59.461,3654.9453125,T9,304.0,1.0,0.0
2380,29,59.511,3659.171875,T9,304.0,1.0,0.0
2381,29,59.511,3659.171875,T9,304.0,1.0,0.0
2382,29,59.561,3663.40625,T9,304.0,1.0,0.0
2383,29,59.561,3663.40625,T9,305.0,1.0,0.0
2384,29,59.611,3667.6484375,T9,305.0,1.0,0.0
2385,29,59.611,3667.6484375,T9,305.0,1.0,0.0
2386,29,59.661,3671.890625,T9,305.0,1.0,0.0
2387,29,59.661,3671.890625,T9,305.0,1.0,0.0
2388,29,59.711,3676.140625,T9,305.0,1.0,0.0
2389,29,59.711,3676.140625,T9,306.0,1.0,0.0
2390,29,59.761,3680.390625,T9,306.0,1.0,0.0
2391,29,59.761,3680.390625,T9,306.0,1.0,0.0
2392,29,59.811,3684.6484375,T9,306.0,1.0,0.0
2393,29,59.811,3684.6484375,T9,306.0,1.0,0.0
2394,29,59.861,3688.9140625,T9,306.0,1.0,0.0
2395,29,59.861,3688.9140625,T9,307.0,1.0,0.0
2396,29,59.911,3693.1796875,T9,307.0,1.0,0.0
2397,29,59.911,3693.1796875,T9,307.0,1.0,0.0
2398,29,59.961,3697.453125,T9,307.0,1.0,0.0
2399,29,59.961,3697.453125,T9,307.0,1.0,0.0
2400,29,60.011,3701.7265625,T9,307.0,1.0,0.0
2401,29,60.011,3701.7265625,T9,307.0,0.0,0.12464645504951477
2402,29,60.044,3704.5625,T9,307.0,0.0,0.12464645504951477
2403,29,60.044,3704.5625,T9,305.0,0.0,0.43039485812187195
2404,29,60.111,3708.765625,T9,305.0,0.0,0.43039485812187195
2405,29,60.111,3708.765625,T9,300.0,0.0,0.5488574504852295
2406,29,60.161,3714.2734375,T9,300.0,0.0,0.5488574504852295
2407,29,60.161,3714.2734375,T9,294.0,0.0,0.6085608601570129
2408,29,60.211,3718.328125,T9,294.0,0.0,0.6085608601570129
2409,29,60.211,3718.328125,T9,289.0,0.0,0.6085608601570129
2410,29,60.261,3722.296875,T9,289.0,0.0,0.6085608601570129
2411,29,60.261,3722.296875,T9,283.0,0.0,0.6085608601570129
2412,29,60.311,3726.1953125,T9,283.0,0.0,0.6085608601570129
2413,29,60.311,3726.1953125,T9,278.0,0.0,0.6041946411132812
2414,29,60.361,3730.0078125,T9,278.0,0.0,0.6041946411132812
2415,29,60.361,3730.0078125,T9,272.0,0.0,0.6041946411132812
2416,29,60.411,3733.7265625,T9,272.0,0.0,0.6041946411132812
2417,29,60.411,3733.7265625,T9,267.0,0.0,0.6041946411132812
2418,29,60.461,3737.3671875,T9,267.0,0.0,0.6041946411132812
2419,29,60.461,3737.3671875,T9,262.0,0.0,0.6041946411132812
2420,29,60.511,3740.9140625,T9,262.0,0.0,0.6041946411132812
2421,29,60.511,3740.9140625,T9,256.0,0.0,0.6041946411132812
2422,29,60.561,3744.3671875,T9,256.0,0.0,0.6041946411132812
2423,29,60.561,3744.3671875,T9,250.0,0.0,0.6041946411132812
2424,29,60.611,3747.7109375,T9,250.0,0.0,0.6041946411132812
2425,29,60.611,3747.7109375,T9,245.0,0.0,0.47243520617485046
2426,29,60.661,3749.90625,T9,245.0,0.0,0.47243520617485046
2427,29,60.661,3749.90625,T9,242.0,0.0,0.0707966685295105
2428,29,60.711,3753.1796875,T9,242.0,0.0,0.0707966685295105
2429,29,60.711,3753.1796875,T9,240.0,0.0,0.0
2430,29,60.761,3756.4375,T9,240.0,0.0,0.0
2431,29,60.761,3756.4375,T9,238.0,0.0,0.0
2432,29,60.811,3760.7890625,T9,238.0,0.0,0.0
2433,29,60.811,3760.7890625,T9,235.0,0.0,0.0
2434,29,60.861,3764.046875,T10,235.0,0.0,0.0
2435,29,60.861,3764.046875,T10,233.0,0.0,0.0
2436,29,60.911,3767.3125,T10,233.0,0.0,0.0
2437,29,60.911,3767.3125,T10,231.0,0.0,0.0
2438,29,60.961,3770.65625,T10,231.0,0.0,0.0
2439,29,60.961,3770.65625,T10,229.0,0.239215686917305,0.0
2440,29,61.011,3774.03125,T10,229.0,0.239215686917305,0.0
2441,29,61.011,3774.03125,T10,228.0,0.38823530077934265,0.0
2442,29,61.061,3777.390625,T10,228.0,0.38823530077934265,0.0
2443,29,61.061,3777.390625,T10,227.0,0.4941176474094391,0.0
2444,29,61.111,3780.7421875,T10,227.0,0.4941176474094391,0.0
2445,29,61.111,3780.7421875,T10,226.0,0.6470588445663452,0.0
2446,29,61.161,3782.9921875,T10,226.0,0.6470588445663452,0.0
2447,29,61.161,3782.9921875,T10,226.0,0.7450980544090271,0.0
2448,29,61.211,3787.515625,T10,226.0,0.7450980544090271,0.0
2449,29,61.211,3787.515625,T10,225.0,0.8705882430076599,0.0
2450,29,61.261,3790.96875,T10,225.0,0.8705882430076599,0.0
2451,29,61.261,3790.96875,T10,225.0,0.9529411792755127,0.0
2452,29,61.311,3794.4765625,T10,225.0,0.9529411792755127,0.0
2453,29,61.311,3794.4765625,T10,226.0,1.0,0.0
2454,29,61.361,3797.96875,T10,226.0,1.0,0.0
2455,29,61.361,3797.96875,T10,227.0,1.0,0.0
2456,29,61.411,3801.453125,T10,227.0,1.0,0.0
2457,29,61.411,3801.453125,T10,228.0,1.0,0.0
2458,29,61.461,3804.9453125,T10,228.0,1.0,0.0
2459,29,61.461,3804.9453125,T10,229.0,1.0,0.0
2460,29,61.511,3808.4375,T10,229.0,1.0,0.0
2461,29,61.511,3808.4375,T10,230.0,1.0,0.0
2462,29,61.561,3811.953125,T10,230.0,1.0,0.0
2463,29,61.561,3811.953125,T10,231.0,1.0,0.0
2464,29,61.611,3815.4921875,T10,231.0,1.0,0.0
2465,29,61.611,3815.4921875,T10,232.0,1.0,0.0
2466,29,61.661,3818.9765625,T10,232.0,1.0,0.0
2467,29,61.661,3818.9765625,T10,232.0,1.0,0.0
2468,29,61.711,3822.390625,T10,232.0,1.0,0.0
2469,29,61.711,3822.390625,T10,232.0,1.0,0.0
2470,29,61.761,3825.75,T10,232.0,1.0,0.0
2471,29,61.761,3825.75,T10,232.0,1.0,0.0
2472,29,61.811,3829.0703125,T10,232.0,1.0,0.0
2473,29,61.811,3829.0703125,T10,232.0,1.0,0.0
2474,29,61.861,3832.359375,T10,232.0,1.0,0.0
2475,29,61.861,3832.359375,T10,232.0,1.0,0.0
2476,29,61.911,3834.53125,T10,232.0,1.0,0.0
2477,29,61.911,3834.53125,T10,232.0,1.0,0.0
2478,29,61.961,3838.8203125,T10,232.0,1.0,0.0
2479,29,61.961,3838.8203125,T10,231.0,1.0,0.0
2480,29,62.011,3841.9609375,T10,231.0,1.0,0.0
2481,29,62.011,3841.9609375,T10,231.0,1.0,0.0
2482,29,62.061,3845.09375,T10,231.0,1.0,0.0
2483,29,62.061,3845.09375,T10,231.0,1.0,0.0
2484,29,62.111,3848.2109375,T10,231.0,1.0,0.0
2485,29,62.111,3848.2109375,T10,231.0,1.0,0.0
2486,29,62.161,3851.328125,T10,231.0,1.0,0.0
2487,29,62.161,3851.328125,T10,231.0,1.0,0.0
2488,29,62.211,3854.4453125,T10,231.0,1.0,0.0
2489,29,62.211,3854.4453125,T10,232.0,1.0,0.0
2490,29,62.261,3857.5703125,T10,232.0,1.0,0.0
2491,29,62.261,3857.5703125,T10,232.0,1.0,0.0
2492,29,62.311,3860.7109375,T10,232.0,1.0,0.0
2493,29,62.311,3860.7109375,T10,233.0,1.0,0.0
2494,29,62.361,3863.90625,T10,233.0,1.0,0.0
2495,29,62.361,3863.90625,T10,233.0,1.0,0.0
2496,29,62.411,3867.125,T10,233.0,1.0,0.0
2497,29,62.411,3867.125,T10,234.0,1.0,0.0
2498,29,62.461,3870.3671875,T10,234.0,1.0,0.0
2499,29,62.461,3870.3671875,T10,234.0,1.0,0.0
2500,29,62.511,3873.609375,T10,234.0,1.0,0.0
2501,29,62.511,3873.609375,T10,234.0,1.0,0.0
2502,29,62.561,3876.875,T10,234.0,1.0,0.0
2503,29,62.561,3876.875,T10,235.0,1.0,0.0
2504,29,62.611,3879.0546875,T10,235.0,1.0,0.0
2505,29,62.611,3879.0546875,T10,235.0,1.0,0.0
2506,29,62.661,3883.4296875,T10,235.0,1.0,0.0
2507,29,62.661,3883.4296875,T10,236.0,1.0,0.0
2508,29,62.711,3886.7265625,T10,236.0,1.0,0.0
2509,29,62.711,3886.7265625,T10,237.0,1.0,0.0
2510,29,62.761,3890.03125,T10,237.0,1.0,0.0
2511,29,62.761,3890.03125,T10,239.0,1.0,0.0
2512,29,62.811,3893.359375,T10,239.0,1.0,0.0
2513,29,62.811,3893.359375,T10,240.0,1.0,0.0
2514,29,62.861,3896.7109375,T10,240.0,1.0,0.0
2515,29,62.861,3896.7109375,T10,241.0,1.0,0.0
2516,29,62.911,3900.0703125,T10,241.0,1.0,0.0
2517,29,62.911,3900.0703125,T10,243.0,1.0,0.0
2518,29,62.961,3903.453125,T10,243.0,1.0,0.0
2519,29,62.961,3903.453125,T10,244.0,1.0,0.0
2520,29,63.011,3906.8515625,T10,244.0,1.0,0.0
2521,29,63.011,3906.8515625,T10,245.0,1.0,0.0
2522,29,63.061,3910.2734375,T10,245.0,1.0,0.0
2523,29,63.061,3910.2734375,T10,246.0,1.0,0.0
2524,29,63.111,3912.5625,T10,246.0,1.0,0.0
2525,29,63.111,3912.5625,T10,247.0,1.0,0.0
2526,29,63.161,3917.1640625,T10,247.0,1.0,0.0
2527,29,63.161,3917.1640625,T10,248.0,0.5607843399047852,0.2956922650337219
2528,29,63.211,3920.59375,T10,248.0,0.5607843399047852,0.2956922650337219
2529,29,63.211,3920.59375,T10,244.0,0.0,0.7872371673583984
2530,29,63.261,3923.9453125,T10,244.0,0.0,0.7872371673583984
2531,29,63.261,3923.9453125,T10,238.0,0.0,0.9423147439956665
2532,29,63.311,3927.2109375,T10,238.0,0.0,0.9423147439956665
2533,29,63.311,3927.2109375,T10,232.0,0.0,1.0
2534,29,63.361,3930.390625,T10,232.0,0.0,1.0
2535,29,63.361,3930.390625,T10,225.0,0.0,1.0
2536,29,63.411,3933.46875,T10,225.0,0.0,1.0
2537,29,63.411,3933.46875,T10,218.0,0.0,1.0
2538,29,63.461,3936.4609375,T10,218.0,0.0,1.0
2539,29,63.461,3936.4609375,T10,212.0,0.0,1.0
2540,29,63.511,3939.359375,T10,212.0,0.0,1.0
2541,29,63.511,3939.359375,T10,205.0,0.0,1.0
2542,29,63.561,3942.171875,T10,205.0,0.0,1.0
2543,29,63.561,3942.171875,T10,199.0,0.0,0.9087733030319214
2544,29,63.611,3944.9140625,T10,199.0,0.0,0.9087733030319214
2545,29,63.611,3944.9140625,T10,195.0,0.0,0.43792596459388733
2546,29,63.661,3946.71875,T10,195.0,0.0,0.43792596459388733
2547,29,63.661,3946.71875,T10,193.0,0.0,0.39345234632492065
2548,29,63.711,3949.390625,T10,193.0,0.0,0.39345234632492065
2549,29,63.711,3949.390625,T10,191.0,0.0,0.37899452447891235
2550,29,63.761,3952.890625,T10,191.0,0.0,0.37899452447891235
2551,29,63.761,3952.890625,T10,187.0,0.0,0.38259243965148926
2552,29,63.811,3955.46875,T10,187.0,0.0,0.38259243965148926
2553,29,63.811,3955.46875,T10,184.0,0.0,0.37899452447891235
2554,29,63.861,3958.0078125,T10,184.0,0.0,0.37899452447891235
2555,29,63.861,3958.0078125,T10,181.0,0.0,0.40074822306632996
2556,29,63.894,3959.6796875,T10,181.0,0.0,0.40074822306632996
2557,29,63.894,3959.6796875,T10,179.0,0.0,0.40074822306632996
2558,29,63.961,3962.15625,T10,179.0,0.0,0.40074822306632996
2559,29,63.961,3962.15625,T10,177.0,0.0,0.30919480323791504
2560,29,64.011,3965.40625,T10,177.0,0.0,0.30919480323791504
2561,29,64.011,3965.40625,T10,174.0,0.0,0.0
2562,29,64.061,3967.8046875,T10,174.0,0.0,0.0
2563,29,64.061,3967.8046875,T10,173.0,0.0,0.0
2564,29,64.094,3969.390625,T10,173.0,0.0,0.0
2565,29,64.094,3969.390625,T10,172.0,0.0,0.0
2566,29,64.161,3971.734375,T10,172.0,0.0,0.0
2567,29,64.161,3971.734375,T10,171.0,0.0,0.0
2568,29,64.211,3974.046875,T10,171.0,0.0,0.0
2569,29,64.211,3974.046875,T10,169.0,0.0,0.0
2570,29,64.261,3977.078125,T10,169.0,0.0,0.0
2571,29,64.261,3977.078125,T10,167.0,0.0,0.0
2572,29,64.311,3979.3125,T10,167.0,0.0,0.0
2573,29,64.311,3979.3125,T10,166.0,0.0,0.0
2574,29,64.361,3981.5078125,T10,166.0,0.0,0.0
2575,29,64.361,3981.5078125,T10,165.0,0.0,0.0
2576,29,64.411,3983.671875,T10,165.0,0.0,0.0
2577,29,64.411,3983.671875,T10,165.0,0.0,0.0
2578,29,64.461,3985.8046875,T10,165.0,0.0,0.0
2579,29,64.461,3985.8046875,T10,164.0,0.0,0.0
2580,29,64.511,3987.8984375,T10,164.0,0.0,0.0
2581,29,64.511,3987.8984375,T10,163.0,0.0,0.0
2582,29,64.544,3989.28125,T10,163.0,0.0,0.0
2583,29,64.544,3989.28125,T10,163.0,0.05098039284348488,0.0
2584,29,64.611,3991.53125,T10,163.0,0.05098039284348488,0.0
2585,29,64.611,3991.53125,T10,162.0,0.22745098173618317,0.0
2586,29,64.661,3993.890625,T10,162.0,0.22745098173618317,0.0
2587,29,64.661,3993.890625,T10,162.0,0.37254902720451355,0.0
2588,29,64.711,3996.34375,T10,162.0,0.37254902720451355,0.0
2589,29,64.711,3996.34375,T10,162.0,0.5058823823928833,0.0
2590,29,64.761,3998.90625,T10,162.0,0.5058823823928833,0.0
2591,29,64.761,3998.90625,T10,163.0,0.5215686559677124,0.0
2592,29,64.811,4002.5078125,T10,163.0,0.5215686559677124,0.0
2593,29,64.811,4002.5078125,T10,163.0,0.5254902243614197,0.0
2594,29,64.861,4005.390625,T10,163.0,0.5254902243614197,0.0
2595,29,64.861,4005.390625,T10,163.0,0.5529412031173706,0.0
2596,29,64.911,4008.4609375,T10,163.0,0.5529412031173706,0.0
2597,29,64.911,4008.4609375,T10,163.0,0.6117647290229797,0.0
2598,29,64.961,4011.6015625,T10,163.0,0.6117647290229797,0.0
2599,29,64.961,4011.6015625,T10,164.0,0.6196078658103943,0.0
2600,29,65.011,4014.5390625,T10,164.0,0.6196078658103943,0.0
2601,29,65.011,4014.5390625,T10,164.0,0.6196078658103943,0.0
2602,29,65.044,4016.4140625,T10,164.0,0.6196078658103943,0.0
2603,29,65.044,4016.4140625,T10,164.0,0.6196078658103943,0.0
2604,29,65.111,4019.984375,T10,164.0,0.6196078658103943,0.0
2605,29,65.111,4019.984375,T10,163.0,0.6235294342041016,0.0
2606,29,65.161,4022.5546875,T10,163.0,0.6235294342041016,0.0
2607,29,65.161,4022.5546875,T10,163.0,0.6235294342041016,0.0
2608,29,65.211,4025.0546875,T10,163.0,0.6235294342041016,0.0
2609,29,65.211,4025.0546875,T10,163.0,0.6313725709915161,0.0
2610,29,65.261,4027.4765625,T10,163.0,0.6313725709915161,0.0
2611,29,65.261,4027.4765625,T10,163.0,0.6313725709915161,0.0
2612,29,65.311,4029.6015625,T10,163.0,0.6313725709915161,0.0
2613,29,65.311,4029.6015625,T10,162.0,0.6313725709915161,0.0
2614,29,65.361,4031.0234375,T10,162.0,0.6313725709915161,0.0
2615,29,65.361,4031.0234375,T10,162.0,0.6313725709915161,0.0
2616,29,65.411,4033.890625,T10,162.0,0.6313725709915161,0.0
2617,29,65.411,4033.890625,T10,161.0,0.686274528503418,0.0
2618,29,65.461,4036.0390625,T10,161.0,0.686274528503418,0.0
2619,29,65.461,4036.0390625,T10,161.0,0.7803921699523926,0.0
2620,29,65.511,4038.2109375,T10,161.0,0.7803921699523926,0.0
2621,29,65.511,4038.2109375,T10,161.0,0.8196078538894653,0.0
2622,29,65.561,4040.390625,T10,161.0,0.8196078538894653,0.0
2623,29,65.561,4040.390625,T10,162.0,0.8666666746139526,0.0
2624,29,65.611,4042.59375,T10,162.0,0.8666666746139526,0.0
2625,29,65.611,4042.59375,T10,163.0,1.0,0.0
2626,29,65.661,4044.8203125,T10,163.0,1.0,0.0
2627,29,65.661,4044.8203125,T10,164.0,1.0,0.0
2628,29,65.711,4047.0703125,T10,164.0,1.0,0.0
2629,29,65.711,4047.0703125,T10,165.0,1.0,0.0
2630,29,65.761,4049.3515625,T10,165.0,1.0,0.0
2631,29,65.761,4049.3515625,T10,167.0,1.0,0.0
2632,29,65.811,4051.640625,T10,167.0,1.0,0.0
2633,29,65.811,4051.640625,T10,168.0,1.0,0.0
2634,29,65.861,4053.9609375,T10,168.0,1.0,0.0
2635,29,65.861,4053.9609375,T10,170.0,1.0,0.0
2636,29,65.911,4056.296875,T10,170.0,1.0,0.0
2637,29,65.911,4056.296875,T10,171.0,1.0,0.0
2638,29,65.961,4058.65625,T10,171.0,1.0,0.0
2639,29,65.961,4058.65625,T10,172.0,1.0,0.0
2640,29,66.011,4061.03125,T10,172.0,1.0,0.0
2641,29,66.011,4061.03125,T10,174.0,1.0,0.0
2642,29,66.061,4063.4296875,T10,174.0,1.0,0.0
2643,29,66.061,4063.4296875,T10,175.0,1.0,0.0
2644,29,66.111,4065.8515625,T10,175.0,1.0,0.0
2645,29,66.111,4065.8515625,T10,177.0,1.0,0.0
2646,29,66.161,4067.4765625,T10,177.0,1.0,0.0
2647,29,66.161,4067.4765625,T10,178.0,1.0,0.0
2648,29,66.211,4069.9296875,T10,178.0,1.0,0.0
2649,29,66.211,4069.9296875,T10,179.0,1.0,0.0
2650,29,66.261,4073.21875,T10,179.0,1.0,0.0
2651,29,66.261,4073.21875,T10,180.0,1.0,0.0
2652,29,66.311,4075.7109375,T10,180.0,1.0,0.0
2653,29,66.311,4075.7109375,T10,182.0,1.0,0.0
2654,29,66.361,4078.234375,T10,182.0,1.0,0.0
2655,29,66.361,4078.234375,T10,184.0,1.0,0.0
2656,29,66.411,4080.78125,T10,184.0,1.0,0.0
2657,29,66.411,4080.78125,T10,186.0,1.0,0.0
2658,29,66.461,4083.3515625,T10,186.0,1.0,0.0
2659,29,66.461,4083.3515625,T10,188.0,1.0,0.0
2660,29,66.511,4085.078125,T10,188.0,1.0,0.0
2661,29,66.511,4085.078125,T10,189.0,1.0,0.0
2662,29,66.561,4088.5703125,T10,189.0,1.0,0.0
2663,29,66.561,4088.5703125,T10,191.0,1.0,0.0
2664,29,66.611,4091.2109375,T10,191.0,1.0,0.0
2665,29,66.611,4091.2109375,T10,193.0,1.0,0.0
2666,29,66.661,4093.875,T10,193.0,1.0,0.0
2667,29,66.661,4093.875,T10,195.0,1.0,0.0
2668,29,66.711,4096.5703125,T10,195.0,1.0,0.0
2669,29,66.711,4096.5703125,T10,196.0,1.0,0.0
2670,29,66.761,4099.28125,T10,196.0,1.0,0.0
2671,29,66.761,4099.28125,T10,198.0,1.0,0.0
2672,29,66.811,4101.109375,T10,198.0,1.0,0.0
2673,29,66.811,4101.109375,T10,199.0,1.0,0.0
2674,29,66.861,4104.7890625,T10,199.0,1.0,0.0
2675,29,66.861,4104.7890625,T10,201.0,1.0,0.0
2676,29,66.911,4107.578125,T10,201.0,1.0,0.0
2677,29,66.911,4107.578125,T10,203.0,1.0,0.0
2678,29,66.961,4110.390625,T10,203.0,1.0,0.0
2679,29,66.961,4110.390625,T10,205.0,1.0,0.0
2680,29,67.011,4113.234375,T10,205.0,1.0,0.0
2681,29,67.011,4113.234375,T10,206.0,1.0,0.0
2682,29,67.061,4116.09375,T10,206.0,1.0,0.0
2683,29,67.061,4116.09375,T10,208.0,1.0,0.0
2684,29,67.111,4118.984375,T10,208.0,1.0,0.0
2685,29,67.111,4118.984375,T10,210.0,1.0,0.0
2686,29,67.161,4121.8984375,T10,210.0,1.0,0.0
2687,29,67.161,4121.8984375,T10,211.0,1.0,0.0
2688,29,67.211,4124.8359375,T10,211.0,1.0,0.0
2689,29,67.211,4124.8359375,T10,213.0,1.0,0.0
2690,29,67.261,4127.796875,T10,213.0,1.0,0.0
2691,29,67.261,4127.796875,T10,215.0,1.0,0.0
2692,29,67.311,4130.78125,T10,215.0,1.0,0.0
2693,29,67.311,4130.78125,T10,216.0,1.0,0.0
2694,29,67.361,4132.7890625,T10,216.0,1.0,0.0
2695,29,67.361,4132.7890625,T10,217.0,1.0,0.0
2696,29,67.411,4136.8359375,T10,217.0,1.0,0.0
2697,29,67.411,4136.8359375,T10,219.0,1.0,0.0
2698,29,67.461,4139.890625,T10,219.0,1.0,0.0
2699,29,67.461,4139.890625,T10,220.0,1.0,0.0
2700,29,67.511,4142.9609375,T10,220.0,1.0,0.0
2701,29,67.511,4142.9609375,T10,222.0,1.0,0.0
2702,29,67.561,4146.0546875,T10,222.0,1.0,0.0
2703,29,67.561,4146.0546875,T10,223.0,1.0,0.0
2704,29,67.611,4149.1640625,T10,223.0,1.0,0.0
2705,29,67.611,4149.1640625,T10,225.0,1.0,0.0
2706,29,67.661,4152.296875,T10,225.0,1.0,0.0
2707,29,67.661,4152.296875,T10,227.0,1.0,0.0
2708,29,67.712,4155.453125,T10,227.0,1.0,0.0
2709,29,67.712,4155.453125,T10,228.0,1.0,0.0
2710,29,67.762,4157.5625,T10,228.0,1.0,0.0
2711,29,67.762,4157.5625,T10,229.0,1.0,0.0
2712,29,67.812,4161.8046875,T10,229.0,1.0,0.0
2713,29,67.812,4161.8046875,T10,231.0,1.0,0.0
2714,29,67.862,4165.0234375,T10,231.0,1.0,0.0
2715,29,67.862,4165.0234375,T10,232.0,1.0,0.0
2716,29,67.912,4168.265625,T10,232.0,1.0,0.0
2717,29,67.912,4168.265625,T10,233.0,1.0,0.0
2718,29,67.962,4171.5234375,T10,233.0,1.0,0.0
2719,29,67.962,4171.5234375,T10,235.0,1.0,0.0
2720,29,68.012,4174.8046875,T10,235.0,1.0,0.0
2721,29,68.012,4174.8046875,T10,236.0,1.0,0.0
2722,29,68.062,4178.1015625,T10,236.0,1.0,0.0
2723,29,68.062,4178.1015625,T10,238.0,1.0,0.0
2724,29,68.112,4180.3125,T10,238.0,1.0,0.0
2725,29,68.112,4180.3125,T10,239.0,1.0,0.0
2726,29,68.162,4184.75,T10,239.0,1.0,0.0
2727,29,68.162,4184.75,T10,240.0,1.0,0.0
2728,29,68.212,4188.109375,T10,240.0,1.0,0.0
2729,29,68.212,4188.109375,T10,242.0,1.0,0.0
2730,29,68.262,4191.484375,T10,242.0,1.0,0.0
2731,29,68.262,4191.484375,T10,243.0,1.0,0.0
2732,29,68.312,4194.875,T10,243.0,1.0,0.0
2733,29,68.312,4194.875,T10,244.0,1.0,0.0
2734,29,68.362,4198.28125,T10,244.0,1.0,0.0
2735,29,68.362,4198.28125,T10,246.0,1.0,0.0
2736,29,68.412,4201.7109375,T10,246.0,1.0,0.0
2737,29,68.412,4201.7109375,T10,247.0,1.0,0.0
2738,29,68.462,4205.15625,T10,247.0,1.0,0.0
2739,29,68.462,4205.15625,T10,248.0,1.0,0.0
2740,29,68.512,4207.4609375,T10,248.0,1.0,0.0
2741,29,68.512,4207.4609375,T10,249.0,1.0,0.0
2742,29,68.562,4212.1015625,T10,249.0,1.0,0.0
2743,29,68.562,4212.1015625,T10,251.0,1.0,0.0
2744,29,68.612,4215.59375,T10,251.0,1.0,0.0
2745,29,68.612,4215.59375,T10,252.0,1.0,0.0
2746,29,68.662,4219.109375,T10,252.0,1.0,0.0
2747,29,68.662,4219.109375,T10,253.0,1.0,0.0
2748,29,68.712,4222.640625,T10,253.0,1.0,0.0
2749,29,68.712,4222.640625,T10,254.0,1.0,0.0
2750,29,68.762,4226.1796875,T10,254.0,1.0,0.0
2751,29,68.762,4226.1796875,T10,255.0,1.0,0.0
2752,29,68.812,4229.7421875,T10,255.0,1.0,0.0
2753,29,68.812,4229.7421875,T10,257.0,1.0,0.0
2754,29,68.862,4232.1328125,T10,257.0,1.0,0.0
2755,29,68.862,4232.1328125,T10,257.0,1.0,0.0
2756,29,68.912,4236.921875,T10,257.0,1.0,0.0
2757,29,68.912,4236.921875,T10,259.0,1.0,0.0
2758,29,68.962,4240.53125,T10,259.0,1.0,0.0
2759,29,68.962,4240.53125,T10,260.0,1.0,0.0
2760,29,69.012,4244.15625,T10,260.0,1.0,0.0
2761,29,69.012,4244.15625,T10,261.0,1.0,0.0
2762,29,69.062,4247.796875,T10,261.0,1.0,0.0
2763,29,69.062,4247.796875,T10,262.0,1.0,0.0
2764,29,69.112,4251.4453125,T10,262.0,1.0,0.0
2765,29,69.112,4251.4453125,T10,263.0,1.0,0.0
2766,29,69.162,4253.890625,T10,263.0,1.0,0.0
2767,29,69.162,4253.890625,T10,264.0,1.0,0.0
2768,29,69.212,4257.5703125,T10,264.0,1.0,0.0
2769,29,69.212,4257.5703125,T10,265.0,1.0,0.0
2770,29,69.262,4261.265625,T10,265.0,1.0,0.0
2771,29,69.262,4261.265625,T10,266.0,1.0,0.0
2772,29,69.312,4266.2109375,T10,266.0,1.0,0.0
2773,29,69.312,4266.2109375,T10,267.0,1.0,0.0
2774,29,69.362,4269.9296875,T10,267.0,1.0,0.0
2775,29,69.362,4269.9296875,T10,268.0,1.0,0.0
2776,29,69.412,4273.671875,T10,268.0,1.0,0.0
2777,29,69.412,4273.671875,T10,269.0,1.0,0.0
2778,29,69.462,4277.421875,T10,269.0,1.0,0.0
2779,29,69.462,4277.421875,T10,270.0,1.0,0.0
2780,29,69.512,4281.1875,T10,270.0,1.0,0.0
2781,29,69.512,4281.1875,T10,271.0,1.0,0.0
2782,29,69.562,4284.96875,T10,271.0,1.0,0.0
2783,29,69.562,4284.96875,T10,272.0,1.0,0.0
2784,29,69.612,4288.7578125,T10,272.0,1.0,0.0
2785,29,69.612,4288.7578125,T10,273.0,1.0,0.0
2786,29,69.662,4292.5625,T10,273.0,1.0,0.0
2787,29,69.662,4292.5625,T10,274.0,1.0,0.0
2788,29,69.712,4296.3828125,T10,274.0,1.0,0.0
2789,29,69.712,4296.3828125,T10,275.0,1.0,0.0
2790,29,69.762,4300.2109375,T10,275.0,1.0,0.0
2791,29,69.762,4300.2109375,T10,276.0,1.0,0.0
2792,29,69.812,4304.0546875,T10,276.0,1.0,0.0
2793,29,69.812,4304.0546875,T10,277.0,1.0,0.0
2794,29,69.862,4307.9140625,T10,277.0,1.0,0.0
2795,29,69.862,4307.9140625,T10,278.0,1.0,0.0
2796,29,69.895,4310.4921875,T10,278.0,1.0,0.0
2797,29,69.895,4310.4921875,T10,278.0,1.0,0.0
2798,29,69.962,4314.3671875,T10,278.0,1.0,0.0
2799,29,69.962,4314.3671875,T10,279.0,1.0,0.0
2800,29,70.012,4318.25,T10,279.0,1.0,0.0
2801,29,70.012,4318.25,T10,280.0,1.0,0.0
2802,29,70.045,4322.1484375,T10,280.0,1.0,0.0
2803,29,70.045,4322.1484375,T10,281.0,1.0,0.0
