track_id,lap,lap_time,distance,next_corner,speed,throttle,brake
16,2,3.703,298.12841796875,T1,203,0.0,0.309122771024704
16,2,3.725,299.33544921875,T1,203,0.0,0.309122771024704
16,2,3.725,299.33544921875,T1,202,0.0,0.2981390655040741
16,2,3.746,300.55712890625,T1,202,0.0,0.2981390655040741
16,2,3.746,300.55712890625,T1,201,0.0,0.2960112392902374
16,2,3.769,301.78173828125,T1,201,0.0,0.2960112392902374
16,2,3.769,301.78173828125,T1,200,0.0,0.2939084470272064
16,2,3.791,302.9306640625,T1,200,0.0,0.2939084470272064
16,2,3.791,302.9306640625,T1,198,0.0,0.28984731435775757
16,2,3.812,304.11962890625,T1,198,0.0,0.28984731435775757
16,2,3.812,304.11962890625,T1,197,0.0,0.2862944006919861
16,2,3.835,305.2822265625,T1,197,0.0,0.2862944006919861
16,2,3.835,305.2822265625,T1,196,0.0,0.28192955255508423
16,2,3.856,306.45947265625,T1,196,0.0,0.28192955255508423
16,2,3.856,306.45947265625,T1,195,0.0,0.27782365679740906
16,2,3.878,307.67236328125,T1,195,0.0,0.27782365679740906
16,2,3.878,307.67236328125,T1,193,0.0,0.2736653685569763
16,2,3.901,308.9228515625,T1,193,0.0,0.2736653685569763
16,2,3.901,308.9228515625,T1,192,0.0,0.2696760296821594
16,2,3.925,310.15966796875,T1,192,0.0,0.2696760296821594
16,2,3.925,310.15966796875,T1,191,0.0,0.2657648026943207
16,2,3.95,311.43701171875,T1,191,0.0,0.2657648026943207
16,2,3.95,311.43701171875,T1,189,0.0,0.26421883702278137
16,2,3.975,312.7353515625,T1,189,0.0,0.26421883702278137
16,2,3.975,312.7353515625,T1,188,0.0,0.2630506753921509
16,2,4.001,314.0615234375,T1,188,0.0,0.2630506753921509
16,2,4.001,314.0615234375,T1,186,0.0,0.2619841992855072
16,2,4.027,315.41796875,T1,186,0.0,0.2619841992855072
16,2,4.027,315.41796875,T1,184,0.0,0.2619841992855072
16,2,4.055,316.73583984375,T1,184,0.0,0.2619841992855072
16,2,4.055,316.73583984375,T1,183,0.0,0.2619841992855072
16,2,4.082,318.01611328125,T1,183,0.0,0.2619841992855072
16,2,4.082,318.01611328125,T1,181,0.0,0.2619841992855072
16,2,4.108,319.2919921875,T1,181,0.0,0.2619841992855072
16,2,4.108,319.2919921875,T1,180,0.0,0.2598803639411926
16,2,4.134,320.55322265625,T1,180,0.0,0.2598803639411926
16,2,4.134,320.55322265625,T1,178,0.0,0.25705212354660034
16,2,4.161,321.80419921875,T1,178,0.0,0.25705212354660034
16,2,4.161,321.80419921875,T1,176,0.0,0.25425025820732117
16,2,4.187,323.041015625,T1,176,0.0,0.25425025820732117
16,2,4.187,323.041015625,T1,175,0.0,0.25198420882225037
16,2,0.026,4.38232421875,T1,307,1.0,0.0
16,2,0.053,6.66259765625,T1,307,1.0,0.0
16,2,0.053,6.66259765625,T1,307,1.0,0.0
16,2,0.079,9.0048828125,T1,307,1.0,0.0
16,2,0.079,9.0048828125,T1,307,1.0,0.0
16,2,0.107,11.3310546875,T1,307,1.0,0.0
16,2,0.107,11.3310546875,T1,307,1.0,0.0
16,2,0.134,13.712890625,T1,307,1.0,0.0
16,2,0.134,13.712890625,T1,307,1.0,0.0
16,2,0.161,16.1083984375,T1,307,1.0,0.0
16,2,0.161,16.1083984375,T1,307,1.0,0.0
16,2,0.189,18.4873046875,T1,307,1.0,0.0
16,2,0.189,18.4873046875,T1,307,1.0,0.0
16,2,0.217,20.8642578125,T1,307,1.0,0.0
16,2,0.217,20.8642578125,T1,307,1.0,0.0
16,2,0.245,23.26171875,T1,307,1.0,0.0
16,2,0.245,23.26171875,T1,307,1.0,0.0
16,2,0.273,25.5966796875,T1,307,1.0,0.0
16,2,0.273,25.5966796875,T1,307,1.0,0.0
16,2,0.3,27.951171875,T1,307,1.0,0.0
16,2,0.3,27.951171875,T1,307,1.0,0.0
16,2,0.327,30.26220703125,T1,307,1.0,0.0
16,2,0.327,30.26220703125,T1,307,1.0,0.0
16,2,0.354,32.52734375,T1,307,1.0,0.0
16,2,0.354,32.52734375,T1,308,1.0,0.0
16,2,0.381,34.8125,T1,308,1.0,0.0
16,2,0.381,34.8125,T1,308,1.0,0.0
16,2,0.407,37.07861328125,T1,308,1.0,0.0
16,2,0.407,37.07861328125,T1,308,1.0,0.0
16,2,0.434,39.32470703125,T1,308,1.0,0.0
16,2,0.434,39.32470703125,T1,308,1.0,0.0
16,2,0.46,41.560546875,T1,308,1.0,0.0
16,2,0.46,41.560546875,T1,308,1.0,0.0
16,2,0.486,43.77685546875,T1,308,1.0,0.0
16,2,0.486,43.77685546875,T1,308,1.0,0.0
16,2,0.512,45.98046875,T1,308,1.0,0.0
16,2,0.512,45.98046875,T1,308,1.0,0.0
16,2,0.538,48.212890625,T1,308,1.0,0.0
16,2,0.538,48.212890625,T1,308,1.0,0.0
16,2,0.564,50.4384765625,T1,308,1.0,0.0
16,2,0.564,50.4384765625,T1,308,1.0,0.0
16,2,0.59,52.68359375,T1,308,1.0,0.0
16,2,0.59,52.68359375,T1,308,1.0,0.0
16,2,0.616,54.91162109375,T1,308,1.0,0.0
16,2,0.616,54.91162109375,T1,308,1.0,0.0
16,2,0.642,57.18115234375,T1,308,1.0,0.0
16,2,0.642,57.18115234375,T1,308,1.0,0.0
16,2,0.668,59.43310546875,T1,308,1.0,0.0
16,2,0.668,59.43310546875,T1,308,1.0,0.0
16,2,0.695,61.6708984375,T1,308,1.0,0.0
16,2,0.695,61.6708984375,T1,308,1.0,0.0
16,2,0.721,63.912109375,T1,308,1.0,0.0
16,2,0.721,63.912109375,T1,308,1.0,0.0
16,2,0.747,66.13427734375,T1,308,1.0,0.0
16,2,0.747,66.13427734375,T1,308,1.0,0.0
16,2,0.773,68.35400390625,T1,308,1.0,0.0
16,2,0.773,68.35400390625,T1,308,1.0,0.0
16,2,0.799,70.55810546875,T1,308,1.0,0.0
16,2,0.799,70.55810546875,T1,309,1.0,0.0
16,2,0.824,72.74462890625,T1,309,1.0,0.0
16,2,0.824,72.74462890625,T1,309,1.0,0.0
16,2,0.85,74.93310546875,T1,309,1.0,0.0
16,2,0.85,74.93310546875,T1,309,1.0,0.0
16,2,0.875,77.14208984375,T1,309,1.0,0.0
16,2,0.875,77.14208984375,T1,309,1.0,0.0
16,2,0.901,79.337890625,T1,309,1.0,0.0
16,2,0.901,79.337890625,T1,309,1.0,0.0
16,2,0.927,81.54248046875,T1,309,1.0,0.0
16,2,0.927,81.54248046875,T1,309,1.0,0.0
16,2,0.952,83.751953125,T1,309,1.0,0.0
16,2,0.952,83.751953125,T1,309,1.0,0.0
16,2,0.978,85.97216796875,T1,309,1.0,0.0
16,2,0.978,85.97216796875,T1,309,1.0,0.0
16,2,1.004,88.1826171875,T1,309,1.0,0.0
16,2,1.004,88.1826171875,T1,309,1.0,0.0
16,2,1.029,90.4365234375,T1,309,1.0,0.0
16,2,1.029,90.4365234375,T1,309,1.0,0.0
16,2,1.056,92.68505859375,T1,309,1.0,0.0
16,2,1.056,92.68505859375,T1,309,1.0,0.0
16,2,1.082,94.95263671875,T1,309,1.0,0.0
16,2,1.082,94.95263671875,T1,309,1.0,0.0
16,2,1.108,97.25146484375,T1,309,1.0,0.0
16,2,1.108,97.25146484375,T1,309,1.0,0.0
16,2,1.135,99.5185546875,T1,309,1.0,0.0
16,2,1.135,99.5185546875,T1,309,1.0,0.0
16,2,1.161,101.783203125,T1,309,1.0,0.0
16,2,1.161,101.783203125,T1,309,1.0,0.0
16,2,1.187,104.07177734375,T1,309,1.0,0.0
16,2,1.187,104.07177734375,T1,309,1.0,0.0
16,2,1.214,106.3466796875,T1,309,1.0,0.0
16,2,1.214,106.3466796875,T1,309,1.0,0.0
16,2,1.24,108.61328125,T1,309,1.0,0.0
16,2,1.24,108.61328125,T1,309,1.0,0.0
16,2,1.266,110.861328125,T1,309,1.0,0.0
16,2,1.266,110.861328125,T1,309,1.0,0.0
16,2,1.292,113.0908203125,T1,309,1.0,0.0
16,2,1.292,113.0908203125,T1,309,1.0,0.0
16,2,1.318,115.3310546875,T1,309,1.0,0.0
16,2,1.318,115.3310546875,T1,310,1.0,0.0
16,2,1.344,117.591796875,T1,310,1.0,0.0
16,2,1.344,117.591796875,T1,310,1.0,0.0
16,2,1.37,119.81884765625,T1,310,1.0,0.0
16,2,1.37,119.81884765625,T1,310,1.0,0.0
16,2,1.396,122.02734375,T1,310,1.0,0.0
16,2,1.396,122.02734375,T1,310,1.0,0.0
16,2,1.421,124.25537109375,T1,310,1.0,0.0
16,2,1.421,124.25537109375,T1,310,1.0,0.0
16,2,1.447,126.45849609375,T1,310,1.0,0.0
16,2,1.447,126.45849609375,T1,310,1.0,0.0
16,2,1.473,128.66015625,T1,310,1.0,0.0
16,2,1.473,128.66015625,T1,310,1.0,0.0
16,2,1.498,130.86328125,T1,310,1.0,0.0
16,2,1.498,130.86328125,T1,310,1.0,0.0
16,2,1.524,133.05859375,T1,310,1.0,0.0
16,2,1.524,133.05859375,T1,310,1.0,0.0
16,2,1.549,135.25634765625,T1,310,1.0,0.0
16,2,1.549,135.25634765625,T1,310,1.0,0.0
16,2,1.574,137.4755859375,T1,310,1.0,0.0
16,2,1.574,137.4755859375,T1,310,1.0,0.0
16,2,1.6,139.6484375,T1,310,1.0,0.0
16,2,1.6,139.6484375,T1,310,1.0,0.0
16,2,1.625,141.849609375,T1,310,1.0,0.0
16,2,1.625,141.849609375,T1,310,1.0,0.0
16,2,1.651,144.00927734375,T1,310,1.0,0.0
16,2,1.651,144.00927734375,T1,310,1.0,0.0
16,2,1.676,146.20068359375,T1,310,1.0,0.0
16,2,1.676,146.20068359375,T1,310,1.0,0.0
16,2,1.701,148.3447265625,T1,310,1.0,0.0
16,2,1.701,148.3447265625,T1,310,1.0,0.0
16,2,1.726,150.5380859375,T1,310,1.0,0.0
16,2,1.726,150.5380859375,T1,310,1.0,0.0
16,2,1.751,152.69140625,T1,310,1.0,0.0
16,2,1.751,152.69140625,T1,310,1.0,0.0
16,2,1.776,154.853515625,T1,310,1.0,0.0
16,2,1.776,154.853515625,T1,310,1.0,0.0
16,2,1.801,157.01513671875,T1,310,1.0,0.0
16,2,1.801,157.01513671875,T1,311,1.0,0.0
16,2,1.826,159.20263671875,T1,311,1.0,0.0
16,2,1.826,159.20263671875,T1,311,1.0,0.0
16,2,1.851,161.3671875,T1,311,1.0,0.0
16,2,1.851,161.3671875,T1,311,1.0,0.0
16,2,1.877,163.57421875,T1,311,1.0,0.0
16,2,1.877,163.57421875,T1,311,1.0,0.0
16,2,1.902,165.7421875,T1,311,1.0,0.0
16,2,1.902,165.7421875,T1,311,1.0,0.0
16,2,1.927,167.94482421875,T1,311,1.0,0.0
16,2,1.927,167.94482421875,T1,311,1.0,0.0
16,2,1.953,170.16845703125,T1,311,1.0,0.0
16,2,1.953,170.16845703125,T1,311,1.0,0.0
16,2,1.978,172.41845703125,T1,311,1.0,0.0
16,2,1.978,172.41845703125,T1,311,1.0,0.0
16,2,2.004,174.6982421875,T1,311,1.0,0.0
16,2,2.004,174.6982421875,T1,311,1.0,0.0
16,2,2.031,176.95361328125,T1,311,1.0,0.0
16,2,2.031,176.95361328125,T1,311,1.0,0.0
16,2,2.057,179.23876953125,T1,311,1.0,0.0
16,2,2.057,179.23876953125,T1,311,1.0,0.0
16,2,2.083,181.53857421875,T1,311,1.0,0.0
16,2,2.083,181.53857421875,T1,311,1.0,0.0
16,2,2.11,183.8427734375,T1,311,1.0,0.0
16,2,2.11,183.8427734375,T1,311,1.0,0.0
16,2,2.137,186.16552734375,T1,311,1.0,0.0
16,2,2.137,186.16552734375,T1,311,1.0,0.0
16,2,2.163,188.49609375,T1,311,1.0,0.0
16,2,2.163,188.49609375,T1,311,1.0,0.0
16,2,2.19,190.822265625,T1,311,1.0,0.0
16,2,2.19,190.822265625,T1,311,1.0,0.0
16,2,2.217,193.15234375,T1,311,1.0,0.0
16,2,2.217,193.15234375,T1,311,1.0,0.0
16,2,2.244,195.43994140625,T1,311,1.0,0.0
16,2,2.244,195.43994140625,T1,311,1.0,0.0
16,2,2.271,197.72509765625,T1,311,1.0,0.0
16,2,2.271,197.72509765625,T1,311,1.0,0.0
16,2,2.297,199.99560546875,T1,311,1.0,0.0
16,2,2.297,199.99560546875,T1,311,1.0,0.0
16,2,2.323,202.24560546875,T1,311,1.0,0.0
16,2,2.323,202.24560546875,T1,312,1.0,0.0
16,2,2.349,204.46435546875,T1,312,1.0,0.0
16,2,2.349,204.46435546875,T1,312,1.0,0.0
16,2,2.375,206.66943359375,T1,312,1.0,0.0
16,2,2.375,206.66943359375,T1,312,1.0,0.0
16,2,2.4,208.87646484375,T1,312,1.0,0.0
16,2,2.4,208.87646484375,T1,312,1.0,0.0
16,2,2.426,211.126953125,T1,312,1.0,0.0
16,2,2.426,211.126953125,T1,312,1.0,0.0
16,2,2.452,213.337890625,T1,312,1.0,0.0
16,2,2.452,213.337890625,T1,312,1.0,0.0
16,2,2.477,215.5244140625,T1,312,1.0,0.0
16,2,2.477,215.5244140625,T1,312,1.0,0.0
16,2,2.502,217.7060546875,T1,312,1.0,0.0
16,2,2.502,217.7060546875,T1,312,1.0,0.0
16,2,2.528,219.8984375,T1,312,1.0,0.0
16,2,2.528,219.8984375,T1,312,1.0,0.0
16,2,2.553,222.0732421875,T1,312,1.0,0.0
16,2,2.553,222.0732421875,T1,312,1.0,0.0
16,2,2.578,224.25732421875,T1,312,1.0,0.0
16,2,2.578,224.25732421875,T1,312,1.0,0.0
16,2,2.603,226.4111328125,T1,312,1.0,0.0
16,2,2.603,226.4111328125,T1,312,1.0,0.0
16,2,2.628,228.5830078125,T1,312,1.0,0.0
16,2,2.628,228.5830078125,T1,312,1.0,0.0
16,2,2.653,230.79296875,T1,312,1.0,0.0
16,2,2.653,230.79296875,T1,312,1.0,0.0
16,2,2.678,232.99658203125,T1,312,1.0,0.0
16,2,2.678,232.99658203125,T1,312,0.0,0.8090213537216187
16,2,2.704,235.16796875,T1,312,0.0,0.8090213537216187
16,2,2.704,235.16796875,T1,309,0.0,0.8292223215103149
16,2,2.729,237.31005859375,T1,309,0.0,0.8292223215103149
16,2,2.729,237.31005859375,T1,306,0.0,0.8313130140304565
16,2,2.754,239.43408203125,T1,306,0.0,0.8313130140304565
16,2,2.754,239.43408203125,T1,303,0.0,0.8296266794204712
16,2,2.779,241.5302734375,T1,303,0.0,0.8296266794204712
16,2,2.779,241.5302734375,T1,300,0.0,0.8263996243476868
16,2,2.804,243.61328125,T1,300,0.0,0.8263996243476868
16,2,2.804,243.61328125,T1,297,0.0,0.8243417143821716
16,2,2.829,245.65478515625,T1,297,0.0,0.8243417143821716
16,2,2.829,245.65478515625,T1,294,0.0,0.8229687809944153
16,2,2.854,247.703125,T1,294,0.0,0.8229687809944153
16,2,2.854,247.703125,T1,291,0.0,0.8193943500518799
16,2,2.879,249.71484375,T1,291,0.0,0.8193943500518799
16,2,2.879,249.71484375,T1,288,0.0,0.8552948236465454
16,2,2.904,251.72412109375,T1,288,0.0,0.8552948236465454
16,2,2.904,251.72412109375,T1,284,0.0,0.8579614758491516
16,2,2.929,253.71435546875,T1,284,0.0,0.8579614758491516
16,2,2.929,253.71435546875,T1,281,0.0,0.8554762601852417
16,2,2.955,255.6904296875,T1,281,0.0,0.8554762601852417
16,2,2.955,255.6904296875,T1,278,0.0,0.8560264110565186
16,2,2.98,257.640625,T1,278,0.0,0.8560264110565186
16,2,2.98,257.640625,T1,275,0.0,0.8537764549255371
16,2,3.006,259.6318359375,T1,275,0.0,0.8537764549255371
16,2,3.006,259.6318359375,T1,272,0.0,0.8625198006629944
16,2,3.032,261.57177734375,T1,272,0.0,0.8625198006629944
16,2,3.032,261.57177734375,T1,269,0.0,0.8652119636535645
16,2,3.057,263.5205078125,T1,269,0.0,0.8652119636535645
16,2,3.057,263.5205078125,T1,266,0.0,0.8707531094551086
16,2,3.084,265.4765625,T1,266,0.0,0.8707531094551086
16,2,3.084,265.4765625,T1,263,0.0,0.8744334578514099
16,2,3.11,267.3935546875,T1,263,0.0,0.8744334578514099
16,2,3.11,267.3935546875,T1,259,0.0,0.8790404200553894
16,2,3.137,269.3115234375,T1,259,0.0,0.8790404200553894
16,2,3.137,269.3115234375,T1,256,0.0,0.8785309791564941
16,2,3.164,271.212890625,T1,256,0.0,0.8785309791564941
16,2,3.164,271.212890625,T1,253,0.0,0.881927490234375
16,2,3.191,273.06298828125,T1,253,0.0,0.881927490234375
16,2,3.191,273.06298828125,T1,250,0.0,0.8916184306144714
16,2,3.217,274.91650390625,T1,250,0.0,0.8916184306144714
16,2,3.217,274.91650390625,T1,246,0.0,0.9068993330001831
16,2,3.244,276.73193359375,T1,246,0.0,0.9068993330001831
16,2,3.244,276.73193359375,T1,243,0.0,0.928621232509613
16,2,3.271,278.5166015625,T1,243,0.0,0.928621232509613
16,2,3.271,278.5166015625,T1,240,0.0,0.6589831709861755
16,2,3.298,280.28955078125,T1,240,0.0,0.6589831709861755
16,2,3.298,280.28955078125,T1,237,0.0,0.6101470589637756
16,2,3.325,282.02587890625,T1,237,0.0,0.6101470589637756
16,2,3.325,282.02587890625,T1,235,0.0,0.6296913027763367
16,2,3.351,283.7451171875,T1,235,0.0,0.6296913027763367
16,2,3.351,283.7451171875,T1,232,0.0,0.6684945225715637
16,2,3.378,285.42626953125,T1,232,0.0,0.6684945225715637
16,2,3.378,285.42626953125,T1,230,0.0,0.6685852408409119
16,2,3.404,287.0595703125,T1,230,0.0,0.6685852408409119
16,2,3.404,287.0595703125,T1,227,0.0,0.6770097017288208
16,2,3.43,288.67578125,T1,227,0.0,0.6770097017288208
16,2,3.43,288.67578125,T1,225,0.0,0.6757926344871521
16,2,3.457,290.24658203125,T1,225,0.0,0.6757926344871521
16,2,3.457,290.24658203125,T1,222,0.0,0.6765194535255432
16,2,3.482,291.80419921875,T1,222,0.0,0.6765194535255432
16,2,3.482,291.80419921875,T1,220,0.0,0.6778812408447266
16,2,3.508,293.32763671875,T1,220,0.0,0.6778812408447266
16,2,3.508,293.32763671875,T1,217,0.0,0.5822938680648804
16,2,3.534,294.83203125,T1,217,0.0,0.5822938680648804
16,2,3.534,294.83203125,T1,215,0.0,0.5700305700302124
16,2,3.559,296.326171875,T1,215,0.0,0.5700305700302124
16,2,3.559,296.326171875,T1,213,0.0,0.5587278604507446
16,2,3.585,297.82958984375,T1,213,0.0,0.5587278604507446
16,2,3.585,297.82958984375,T1,211,0.0,0.18758848309516907
16,2,3.611,299.3134765625,T1,211,0.0,0.18758848309516907
16,2,3.611,299.3134765625,T1,209,0.0,0.6776981353759766
16,2,3.637,300.8076171875,T1,209,0.0,0.6776981353759766
16,2,3.637,300.8076171875,T1,207,0.0,0.6742691993713379
16,2,3.663,302.2763671875,T1,207,0.0,0.6742691993713379
16,2,3.663,302.2763671875,T1,204,0.0,0.6724706292152405
16,2,3.69,303.7587890625,T1,204,0.0,0.6724706292152405
16,2,3.69,303.7587890625,T1,202,0.0,0.6686955094337463
16,2,3.716,305.2412109375,T1,202,0.0,0.6686955094337463
16,2,3.716,305.2412109375,T1,200,0.0,0.6641210913658142
16,2,3.743,306.7158203125,T1,200,0.0,0.6641210913658142
16,2,3.743,306.7158203125,T1,198,0.0,0.6510529518127441
16,2,3.771,308.15625,T1,198,0.0,0.6510529518127441
16,2,3.771,308.15625,T1,196,0.0,0.6219877004623413
16,2,3.797,309.5927734375,T1,196,0.0,0.6219877004623413
16,2,3.797,309.5927734375,T1,193,0.0,0.6168034672737122
16,2,3.825,311.009765625,T1,193,0.0,0.6168034672737122
16,2,3.825,311.009765625,T1,191,0.0,0.5995186567306519
16,2,3.852,312.45166015625,T1,191,0.0,0.5995186567306519
16,2,3.852,312.45166015625,T1,189,0.0,0.5897289514541626
16,2,3.88,313.8623046875,T1,189,0.0,0.5897289514541626
16,2,3.88,313.8623046875,T1,187,0.0,0.582213819026947
16,2,3.908,315.2607421875,T1,187,0.0,0.582213819026947
16,2,3.908,315.2607421875,T1,184,0.0,0.5752445459365845
16,2,3.936,316.64306640625,T1,184,0.0,0.5752445459365845
16,2,3.936,316.64306640625,T1,182,0.0,0.5689259767532349
16,2,3.964,318.03857421875,T1,182,0.0,0.5689259767532349
16,2,3.964,318.03857421875,T1,180,0.0,0.5638235211372375
16,2,3.992,319.40576171875,T1,180,0.0,0.5638235211372375
16,2,3.992,319.40576171875,T1,178,0.0,0.5588812232017517
16,2,4.021,320.7548828125,T1,178,0.0,0.5588812232017517
16,2,4.021,320.7548828125,T1,175,0.0,0.5524248480796814
16,2,4.049,322.05126953125,T1,175,0.0,0.5524248480796814
16,2,4.049,322.05126953125,T1,173,0.0,0.5412521362304688
16,2,4.076,323.341796875,T1,173,0.0,0.5412521362304688
16,2,4.076,323.341796875,T1,171,0.0,0.5333845019340515
16,2,4.104,324.61083984375,T1,171,0.0,0.5333845019340515
16,2,4.104,324.61083984375,T1,170,0.0,0.5282381772994995
16,2,4.132,325.865234375,T1,170,0.0,0.5282381772994995
16,2,4.132,325.865234375,T1,168,0.0,0.5211606025695801
16,2,4.159,327.078125,T1,168,0.0,0.5211606025695801
16,2,4.159,327.078125,T1,166,0.0,0.5144451260566711
16,2,4.186,328.275390625,T1,166,0.0,0.5144451260566711
16,2,4.186,328.275390625,T1,164,0.0,0.5085808634757996
16,2,4.213,329.44970703125,T1,164,0.0,0.5085808634757996
16,2,4.213,329.44970703125,T1,162,0.0,0.5032830238342285
16,2,4.24,330.60546875,T1,162,0.0,0.5032830238342285
16,2,4.24,330.60546875,T1,161,0.0,0.49801868200302124
16,2,4.267,331.74951171875,T1,161,0.0,0.49801868200302124
16,2,4.267,331.74951171875,T1,159,0.0,0.4916785657405853
16,2,4.294,332.86376953125,T1,159,0.0,0.4916785657405853
16,2,4.294,332.86376953125,T1,157,0.0,0.48771074414253235
16,2,4.32,333.96630859375,T1,157,0.0,0.48771074414253235
16,2,4.32,333.96630859375,T1,155,0.0,0.484875351190567
16,2,4.346,335.05810546875,T1,155,0.0,0.484875351190567
16,2,4.346,335.05810546875,T1,154,0.0,0.4825105667114258
16,2,4.372,336.13330078125,T1,154,0.0,0.4825105667114258
16,2,4.372,336.13330078125,T1,152,0.0,0.47993308305740356
16,2,4.399,337.1875,T1,152,0.0,0.47993308305740356
16,2,4.399,337.1875,T1,150,0.0,0.47728967666625977
16,2,4.425,338.23193359375,T1,150,0.0,0.47728967666625977
16,2,4.425,338.23193359375,T1,149,0.0,0.47467827796936035
16,2,4.451,339.2626953125,T1,149,0.0,0.47467827796936035
16,2,4.451,339.2626953125,T1,147,0.0,0.4723713994026184
16,2,4.476,340.3017578125,T1,147,0.0,0.4723713994026184
16,2,4.476,340.3017578125,T1,146,0.0,0.47000327706336975
16,2,4.503,341.31884765625,T1,146,0.0,0.47000327706336975
16,2,4.503,341.31884765625,T1,144,0.0,0.46767497062683105
16,2,4.529,342.330078125,T1,144,0.0,0.46767497062683105
16,2,4.529,342.330078125,T1,142,0.0,0.4639684855937958
16,2,4.555,343.30419921875,T1,142,0.0,0.4639684855937958
16,2,4.555,343.30419921875,T1,141,0.0,0.46059221029281616
16,2,4.58,344.3115234375,T1,141,0.0,0.46059221029281616
16,2,4.58,344.3115234375,T1,139,0.0,0.4566240608692169
16,2,4.606,345.3076171875,T1,139,0.0,0.4566240608692169
16,2,4.606,345.3076171875,T1,137,0.0,0.4543417990207672
16,2,4.632,346.2880859375,T1,137,0.0,0.4543417990207672
16,2,4.632,346.2880859375,T1,136,0.0,0.453396737575531
16,2,4.658,347.25146484375,T1,136,0.0,0.453396737575531
16,2,4.658,347.25146484375,T1,134,0.0,0.4529670774936676
16,2,4.683,348.20068359375,T1,134,0.0,0.4529670774936676
16,2,4.683,348.20068359375,T1,133,0.0,0.4519695043563843
16,2,4.709,349.126953125,T1,133,0.0,0.4519695043563843
16,2,4.709,349.126953125,T1,131,0.0,0.45104461908340454
16,2,4.734,350.0595703125,T1,131,0.0,0.45104461908340454
16,2,4.734,350.0595703125,T1,130,0.0,0.4504052400588989
16,2,4.76,350.962890625,T1,130,0.0,0.4504052400588989
16,2,4.76,350.962890625,T1,128,0.0,0.44985872507095337
16,2,4.785,351.86279296875,T1,128,0.0,0.44985872507095337
16,2,4.785,351.86279296875,T1,127,0.0,0.4490721523761749
16,2,4.81,352.75048828125,T2,127,0.0,0.4490721523761749
16,2,4.81,352.75048828125,T2,125,0.0,0.44773778319358826
16,2,4.836,353.64111328125,T2,125,0.0,0.44773778319358826
16,2,4.836,353.64111328125,T2,124,0.0,0.4461405575275421
16,2,4.861,354.525390625,T2,124,0.0,0.4461405575275421
16,2,4.861,354.525390625,T2,122,0.0,0.444616436958313
16,2,4.887,355.388671875,T2,122,0.0,0.444616436958313
16,2,4.887,355.388671875,T2,120,0.0,0.3617633879184723
16,2,4.913,356.244140625,T2,120,0.0,0.3617633879184723
16,2,4.913,356.244140625,T2,119,0.0,0.26771852374076843
16,2,4.938,357.09130859375,T2,119,0.0,0.26771852374076843
16,2,4.938,357.09130859375,T2,118,0.0,0.19731560349464417
16,2,4.963,357.9384765625,T2,118,0.0,0.19731560349464417
16,2,4.963,357.9384765625,T2,117,0.0,0.14165115356445312
16,2,4.989,358.80126953125,T2,117,0.0,0.14165115356445312
16,2,4.989,358.80126953125,T2,116,0.0,0.13214342296123505
16,2,5.015,359.62890625,T2,116,0.0,0.13214342296123505
16,2,5.015,359.62890625,T2,115,0.0,0.1315792053937912
16,2,5.04,360.47705078125,T2,115,0.0,0.1315792053937912
16,2,5.04,360.47705078125,T2,114,0.0,0.13081985712051392
16,2,5.065,361.36376953125,T2,114,0.0,0.13081985712051392
16,2,5.065,361.36376953125,T2,114,0.0,0.06356096267700195
16,2,5.091,362.25927734375,T2,114,0.0,0.06356096267700195
16,2,5.091,362.25927734375,T2,113,0.0,0.13044089078903198
16,2,5.117,363.17919921875,T2,113,0.0,0.13044089078903198
16,2,5.117,363.17919921875,T2,112,0.0,0.0957619920372963
16,2,5.144,364.09033203125,T2,112,0.0,0.0957619920372963
16,2,5.144,364.09033203125,T2,112,0.0,0.06585786491632462
16,2,5.171,364.98095703125,T2,112,0.0,0.06585786491632462
16,2,5.171,364.98095703125,T2,111,0.0,0.027611589059233665
16,2,5.197,365.89306640625,T2,111,0.0,0.027611589059233665
16,2,5.197,365.89306640625,T2,111,0.0,0.0
16,2,5.224,366.82080078125,T2,111,0.0,0.0
16,2,5.224,366.82080078125,T2,110,0.0,0.0
16,2,5.251,367.74755859375,T2,110,0.0,0.0
16,2,5.251,367.74755859375,T2,110,0.0,0.0
16,2,5.278,368.6826171875,T2,110,0.0,0.0
16,2,5.278,368.6826171875,T2,109,0.15936261415481567,0.0
16,2,5.306,369.59912109375,T2,109,0.15936261415481567,0.0
16,2,5.306,369.59912109375,T2,109,0.21803176403045654,0.0
16,2,5.333,370.5361328125,T2,109,0.21803176403045654,0.0
16,2,5.333,370.5361328125,T2,109,0.22855395078659058,0.0
16,2,5.36,371.4794921875,T2,109,0.22855395078659058,0.0
16,2,5.36,371.4794921875,T2,109,0.0,0.0
16,2,5.387,372.42919921875,T2,109,0.0,0.0
16,2,5.387,372.42919921875,T2,109,0.2469857931137085,0.0
16,2,5.414,373.38623046875,T2,109,0.2469857931137085,0.0
16,2,5.414,373.38623046875,T2,109,0.25891971588134766,0.0
16,2,5.441,374.36083984375,T2,109,0.25891971588134766,0.0
16,2,5.441,374.36083984375,T2,109,0.2701212167739868,0.0
16,2,5.468,375.34765625,T2,109,0.2701212167739868,0.0
16,2,5.468,375.34765625,T2,109,0.2803552746772766,0.0
16,2,5.495,376.37158203125,T2,109,0.2803552746772766,0.0
16,2,5.495,376.37158203125,T2,109,0.2900311350822449,0.0
16,2,5.522,377.3740234375,T2,109,0.2900311350822449,0.0
16,2,5.522,377.3740234375,T2,110,0.27209293842315674,0.0
16,2,5.548,378.3876953125,T2,110,0.27209293842315674,0.0
16,2,5.548,378.3876953125,T2,110,0.2281937599182129,0.0
16,2,5.576,379.39892578125,T2,110,0.2281937599182129,0.0
16,2,5.576,379.39892578125,T2,110,0.24757033586502075,0.0
16,2,5.603,380.4111328125,T2,110,0.24757033586502075,0.0
16,2,5.603,380.4111328125,T2,110,0.2007022500038147,0.0
16,2,5.63,381.42138671875,T2,110,0.2007022500038147,0.0
16,2,5.63,381.42138671875,T2,110,0.2800409197807312,0.0
16,2,5.657,382.4287109375,T2,110,0.2800409197807312,0.0
16,2,5.657,382.4287109375,T2,110,0.34171009063720703,0.0
16,2,5.684,383.435546875,T2,110,0.34171009063720703,0.0
16,2,5.684,383.435546875,T2,110,0.35160088539123535,0.0
16,2,5.711,384.4658203125,T2,110,0.35160088539123535,0.0
16,2,5.711,384.4658203125,T2,110,0.36097991466522217,0.0
16,2,5.738,385.4794921875,T2,110,0.36097991466522217,0.0
16,2,5.738,385.4794921875,T2,110,0.37100666761398315,0.0
16,2,5.765,386.50732421875,T2,110,0.37100666761398315,0.0
16,2,5.765,386.50732421875,T2,110,0.3820335865020752,0.0
16,2,5.793,387.5341796875,T2,110,0.3820335865020752,0.0
16,2,5.793,387.5341796875,T2,110,0.3935309648513794,0.0
16,2,5.82,388.55712890625,T2,110,0.3935309648513794,0.0
16,2,5.82,388.55712890625,T2,111,0.4058037996292114,0.0
16,2,5.846,389.57666015625,T2,111,0.4058037996292114,0.0
16,2,5.846,389.57666015625,T2,111,0.41716837882995605,0.0
16,2,5.873,390.6728515625,T2,111,0.41716837882995605,0.0
16,2,5.873,390.6728515625,T2,111,0.42904162406921387,0.0
16,2,5.899,391.7548828125,T2,111,0.42904162406921387,0.0
16,2,5.899,391.7548828125,T2,111,0.4415084719657898,0.0
16,2,5.925,392.81982421875,T2,111,0.4415084719657898,0.0
16,2,5.925,392.81982421875,T2,111,0.45429152250289917,0.0
16,2,5.951,393.85986328125,T2,111,0.45429152250289917,0.0
16,2,5.951,393.85986328125,T2,111,0.46669602394104004,0.0
16,2,5.977,394.88330078125,T2,111,0.46669602394104004,0.0
16,2,5.977,394.88330078125,T2,112,0.4785611629486084,0.0
16,2,6.003,395.9052734375,T2,112,0.4785611629486084,0.0
16,2,6.003,395.9052734375,T2,112,0.48989009857177734,0.0
16,2,6.029,396.935546875,T2,112,0.48989009857177734,0.0
16,2,6.029,396.935546875,T2,112,0.5043798089027405,0.0
16,2,6.055,397.9404296875,T2,112,0.5043798089027405,0.0
16,2,6.055,397.9404296875,T2,112,0.5251354575157166,0.0
16,2,6.081,398.93212890625,T2,112,0.5251354575157166,0.0
16,2,6.081,398.93212890625,T2,112,0.5513098835945129,0.0
16,2,6.107,399.93603515625,T2,112,0.5513098835945129,0.0
16,2,6.107,399.93603515625,T2,112,0.5835272073745728,0.0
16,2,6.133,400.927734375,T2,112,0.5835272073745728,0.0
16,2,6.133,400.927734375,T2,112,0.6231833100318909,0.0
16,2,6.159,401.92333984375,T2,112,0.6231833100318909,0.0
16,2,6.159,401.92333984375,T2,112,0.6708235740661621,0.0
16,2,6.185,402.91552734375,T2,112,0.6708235740661621,0.0
16,2,6.185,402.91552734375,T2,113,0.7250504493713379,0.0
16,2,6.212,403.900390625,T2,113,0.7250504493713379,0.0
16,2,6.212,403.900390625,T2,113,0.7780570387840271,0.0
16,2,6.238,404.91796875,T2,113,0.7780570387840271,0.0
16,2,6.238,404.91796875,T2,114,0.837984561920166,0.0
16,2,6.265,405.931640625,T2,114,0.837984561920166,0.0
16,2,6.265,405.931640625,T2,114,0.901504635810852,0.0
16,2,6.292,406.869140625,T2,114,0.901504635810852,0.0
16,2,6.292,406.869140625,T2,114,0.9717205762863159,0.0
16,2,6.318,407.8076171875,T2,114,0.9717205762863159,0.0
16,2,6.318,407.8076171875,T2,114,1.0,0.0
16,2,6.345,408.74609375,T2,114,1.0,0.0
16,2,6.345,408.74609375,T2,115,1.0,0.0
16,2,6.372,409.6923828125,T2,115,1.0,0.0
16,2,6.372,409.6923828125,T2,116,1.0,0.0
16,2,6.398,410.63525390625,T2,116,1.0,0.0
16,2,6.398,410.63525390625,T2,116,1.0,0.0
16,2,6.425,411.55908203125,T2,116,1.0,0.0
16,2,6.425,411.55908203125,T2,116,1.0,0.0
16,2,6.452,412.4892578125,T2,116,1.0,0.0
16,2,6.452,412.4892578125,T2,117,1.0,0.0
16,2,6.479,413.42626953125,T2,117,1.0,0.0
16,2,6.479,413.42626953125,T2,118,1.0,0.0
16,2,6.505,414.36083984375,T2,118,1.0,0.0
16,2,6.505,414.36083984375,T2,119,1.0,0.0
16,2,6.532,415.2900390625,T2,119,1.0,0.0
16,2,6.532,415.2900390625,T2,119,1.0,0.0
16,2,6.559,416.220703125,T2,119,1.0,0.0
16,2,6.559,416.220703125,T2,119,1.0,0.0
16,2,6.585,417.1728515625,T2,119,1.0,0.0
16,2,6.585,417.1728515625,T2,120,1.0,0.0
16,2,6.612,418.12109375,T2,120,1.0,0.0
16,2,6.612,418.12109375,T2,121,1.0,0.0
16,2,6.639,419.07763671875,T2,121,1.0,0.0
16,2,6.639,419.07763671875,T2,122,1.0,0.0
16,2,6.666,420.0419921875,T2,122,1.0,0.0
16,2,6.666,420.0419921875,T2,122,1.0,0.0
16,2,6.693,421.001953125,T2,122,1.0,0.0
16,2,6.693,421.001953125,T2,123,1.0,0.0
16,2,6.72,421.9775390625,T2,123,1.0,0.0
16,2,6.72,421.9775390625,T2,124,1.0,0.0
16,2,6.748,422.9345703125,T2,124,1.0,0.0
16,2,6.748,422.9345703125,T2,125,1.0,0.0
16,2,6.775,423.86962890625,T2,125,1.0,0.0
16,2,6.775,423.86962890625,T2,126,1.0,0.0
16,2,6.801,424.8173828125,T2,126,1.0,0.0
16,2,6.801,424.8173828125,T2,127,1.0,0.0
16,2,6.828,425.7646484375,T2,127,1.0,0.0
16,2,6.828,425.7646484375,T2,128,1.0,0.0
16,2,6.855,426.71630859375,T2,128,1.0,0.0
16,2,6.855,426.71630859375,T2,129,1.0,0.0
16,2,6.881,427.6669921875,T2,129,1.0,0.0
16,2,6.881,427.6669921875,T2,130,1.0,0.0
16,2,6.908,428.61669921875,T2,130,1.0,0.0
16,2,6.908,428.61669921875,T2,131,1.0,0.0
16,2,6.934,429.58251953125,T2,131,1.0,0.0
16,2,6.934,429.58251953125,T2,132,1.0,0.0
16,2,6.96,430.54931640625,T2,132,1.0,0.0
16,2,6.96,430.54931640625,T2,134,1.0,0.0
16,2,6.986,431.52392578125,T2,134,1.0,0.0
16,2,6.986,431.52392578125,T2,135,1.0,0.0
16,2,7.012,432.52392578125,T2,135,1.0,0.0
16,2,7.012,432.52392578125,T2,137,1.0,0.0
16,2,7.038,433.51513671875,T2,137,1.0,0.0
16,2,7.038,433.51513671875,T2,138,1.0,0.0
16,2,7.064,434.53759765625,T2,138,1.0,0.0
16,2,7.064,434.53759765625,T2,139,1.0,0.0
16,2,7.091,435.5673828125,T2,139,1.0,0.0
16,2,7.091,435.5673828125,T2,141,1.0,0.0
16,2,7.117,436.5849609375,T2,141,1.0,0.0
16,2,7.117,436.5849609375,T2,142,1.0,0.0
16,2,7.143,437.611328125,T2,142,1.0,0.0
16,2,7.143,437.611328125,T2,143,1.0,0.0
16,2,7.169,438.65283203125,T2,143,1.0,0.0
16,2,7.169,438.65283203125,T2,145,1.0,0.0
16,2,7.195,439.6865234375,T2,145,1.0,0.0
16,2,7.195,439.6865234375,T2,146,1.0,0.0
16,2,7.221,440.736328125,T2,146,1.0,0.0
16,2,7.221,440.736328125,T2,147,1.0,0.0
16,2,7.247,441.77880859375,T2,147,1.0,0.0
16,2,7.247,441.77880859375,T2,148,1.0,0.0
16,2,7.273,442.83837890625,T2,148,1.0,0.0
16,2,7.273,442.83837890625,T2,149,1.0,0.0
16,2,7.298,443.9189453125,T2,149,1.0,0.0
16,2,7.298,443.9189453125,T2,151,1.0,0.0
16,2,7.324,445.00830078125,T2,151,1.0,0.0
16,2,7.324,445.00830078125,T2,152,1.0,0.0
16,2,7.351,446.103515625,T2,152,1.0,0.0
16,2,7.351,446.103515625,T2,153,1.0,0.0
16,2,7.377,447.224609375,T2,153,1.0,0.0
16,2,7.377,447.224609375,T2,154,1.0,0.0
16,2,7.403,448.33740234375,T2,154,1.0,0.0
16,2,7.403,448.33740234375,T2,154,1.0,0.0
16,2,7.429,449.4716796875,T2,154,1.0,0.0
16,2,7.429,449.4716796875,T2,156,1.0,0.0
16,2,7.456,450.61572265625,T2,156,1.0,0.0
16,2,7.456,450.61572265625,T2,157,1.0,0.0
16,2,7.482,451.7900390625,T3,157,1.0,0.0
16,2,7.482,451.7900390625,T3,158,1.0,0.0
16,2,7.509,452.98583984375,T3,158,1.0,0.0
16,2,7.509,452.98583984375,T3,159,1.0,0.0
16,2,7.535,454.22509765625,T3,159,1.0,0.0
16,2,7.535,454.22509765625,T3,160,1.0,0.0
16,2,7.562,455.447265625,T3,160,1.0,0.0
16,2,7.562,455.447265625,T3,161,1.0,0.0
16,2,7.588,456.71044921875,T3,161,1.0,0.0
16,2,7.588,456.71044921875,T3,162,1.0,0.0
16,2,7.615,457.99609375,T3,162,1.0,0.0
16,2,7.615,457.99609375,T3,162,1.0,0.0
16,2,7.641,459.3095703125,T3,162,1.0,0.0
16,2,7.641,459.3095703125,T3,163,1.0,0.0
16,2,7.668,460.65283203125,T3,163,1.0,0.0
16,2,7.668,460.65283203125,T3,164,0.48006314039230347,0.0
16,2,7.695,462.00390625,T3,164,0.48006314039230347,0.0
16,2,7.695,462.00390625,T3,164,0.36870574951171875,0.0
16,2,7.721,463.35400390625,T3,164,0.36870574951171875,0.0
16,2,7.721,463.35400390625,T3,163,0.5521489381790161,0.0
16,2,7.747,464.75244140625,T3,163,0.5521489381790161,0.0
16,2,7.747,464.75244140625,T3,163,0.7105026245117188,0.0
16,2,7.774,466.1376953125,T3,163,0.7105026245117188,0.0
16,2,7.774,466.1376953125,T3,163,0.7384698987007141,0.0
16,2,7.801,467.51220703125,T3,163,0.7384698987007141,0.0
16,2,7.801,467.51220703125,T3,164,0.22086352109909058,0.0
16,2,7.827,468.888671875,T3,164,0.22086352109909058,0.0
16,2,7.827,468.888671875,T3,163,0.3097606897354126,0.0
16,2,7.853,470.265625,T3,163,0.3097606897354126,0.0
16,2,7.853,470.265625,T3,163,0.9938449263572693,0.0
16,2,7.878,471.66845703125,T3,163,0.9938449263572693,0.0
16,2,7.878,471.66845703125,T3,164,1.0,0.0
16,2,7.904,473.0986328125,T3,164,1.0,0.0
16,2,7.904,473.0986328125,T3,164,0.9362103343009949,0.0
16,2,7.93,474.517578125,T3,164,0.9362103343009949,0.0
16,2,7.93,474.517578125,T3,165,1.0,0.0
16,2,7.956,476.0068359375,T3,165,1.0,0.0
16,2,7.956,476.0068359375,T3,166,1.0,0.0
16,2,7.982,477.4462890625,T3,166,1.0,0.0
16,2,7.982,477.4462890625,T3,166,1.0,0.0
16,2,8.008,478.84521484375,T3,166,1.0,0.0
16,2,8.008,478.84521484375,T3,167,1.0,0.0
16,2,8.034,480.23974609375,T3,167,1.0,0.0
16,2,8.034,480.23974609375,T3,167,0.8228853940963745,0.0
16,2,8.06,481.64404296875,T3,167,0.8228853940963745,0.0
16,2,8.06,481.64404296875,T3,168,1.0,0.0
16,2,8.086,483.02587890625,T3,168,1.0,0.0
16,2,8.086,483.02587890625,T3,168,1.0,0.0
16,2,8.112,484.4365234375,T3,168,1.0,0.0
16,2,8.112,484.4365234375,T3,169,1.0,0.0
16,2,8.139,485.79443359375,T3,169,1.0,0.0
16,2,8.139,485.79443359375,T3,169,1.0,0.0
16,2,8.165,487.17822265625,T3,169,1.0,0.0
16,2,8.165,487.17822265625,T3,170,1.0,0.0
16,2,8.191,488.5791015625,T3,170,1.0,0.0
16,2,8.191,488.5791015625,T3,169,1.0,0.0
16,2,8.218,489.96875,T3,169,1.0,0.0
16,2,8.218,489.96875,T3,169,1.0,0.0
16,2,8.245,491.26611328125,T3,169,1.0,0.0
16,2,8.245,491.26611328125,T3,169,1.0,0.0
16,2,8.271,492.5556640625,T3,169,1.0,0.0
16,2,8.271,492.5556640625,T3,170,1.0,0.0
16,2,8.298,493.80615234375,T3,170,1.0,0.0
16,2,8.298,493.80615234375,T3,170,1.0,0.0
16,2,8.324,495.06640625,T3,170,1.0,0.0
16,2,8.324,495.06640625,T3,171,1.0,0.0
16,2,8.35,496.3232421875,T3,171,1.0,0.0
16,2,8.35,496.3232421875,T3,172,1.0,0.0
16,2,8.376,497.54638671875,T3,172,1.0,0.0
16,2,8.376,497.54638671875,T3,172,1.0,0.0
16,2,8.402,498.75732421875,T3,172,1.0,0.0
16,2,8.402,498.75732421875,T3,173,1.0,0.0
16,2,8.428,499.98779296875,T3,173,1.0,0.0
16,2,8.428,499.98779296875,T3,173,1.0,0.0
16,2,8.454,501.19482421875,T3,173,1.0,0.0
16,2,8.454,501.19482421875,T3,174,1.0,0.0
16,2,8.48,502.38916015625,T3,174,1.0,0.0
16,2,8.48,502.38916015625,T3,174,1.0,0.0
16,2,8.506,503.5966796875,T3,174,1.0,0.0
16,2,8.506,503.5966796875,T3,175,1.0,0.0
16,2,8.532,504.76513671875,T3,175,1.0,0.0
16,2,8.532,504.76513671875,T3,175,1.0,0.0
16,2,8.557,505.9453125,T3,175,1.0,0.0
16,2,8.557,505.9453125,T3,176,1.0,0.0
16,2,8.582,507.14404296875,T3,176,1.0,0.0
16,2,8.582,507.14404296875,T3,176,1.0,0.0
16,2,8.608,508.34033203125,T3,176,1.0,0.0
16,2,8.608,508.34033203125,T3,177,1.0,0.0
16,2,8.633,509.52783203125,T3,177,1.0,0.0
16,2,8.633,509.52783203125,T3,177,1.0,0.0
16,2,8.659,510.73828125,T3,177,1.0,0.0
16,2,8.659,510.73828125,T3,178,1.0,0.0
16,2,8.684,511.9228515625,T3,178,1.0,0.0
16,2,8.684,511.9228515625,T3,178,1.0,0.0
16,2,8.709,513.13818359375,T3,178,1.0,0.0
16,2,8.709,513.13818359375,T3,179,1.0,0.0
16,2,8.734,514.3564453125,T3,179,1.0,0.0
16,2,8.734,514.3564453125,T3,179,1.0,0.0
16,2,8.759,515.5732421875,T3,179,1.0,0.0
16,2,8.759,515.5732421875,T3,180,1.0,0.0
16,2,8.784,516.77685546875,T3,180,1.0,0.0
16,2,8.784,516.77685546875,T3,180,1.0,0.0
16,2,8.809,517.9814453125,T3,180,1.0,0.0
16,2,8.809,517.9814453125,T3,180,1.0,0.0
16,2,8.833,519.1796875,T3,180,1.0,0.0
16,2,8.833,519.1796875,T3,180,1.0,0.0
16,2,8.858,520.43505859375,T3,180,1.0,0.0
16,2,8.858,520.43505859375,T3,180,1.0,0.0
16,2,8.883,521.70703125,T3,180,1.0,0.0
16,2,8.883,521.70703125,T3,181,1.0,0.0
16,2,8.908,522.99169921875,T3,181,1.0,0.0
16,2,8.908,522.99169921875,T3,181,1.0,0.0
16,2,8.933,524.26904296875,T3,181,1.0,0.0
16,2,8.933,524.26904296875,T3,182,1.0,0.0
16,2,8.958,525.57080078125,T3,182,1.0,0.0
16,2,8.958,525.57080078125,T3,183,1.0,0.0
16,2,8.983,526.904296875,T3,183,1.0,0.0
16,2,8.983,526.904296875,T3,183,1.0,0.0
16,2,9.008,528.24853515625,T3,183,1.0,0.0
16,2,9.008,528.24853515625,T3,184,1.0,0.0
16,2,9.034,529.5703125,T3,184,1.0,0.0
16,2,9.034,529.5703125,T3,185,1.0,0.0
16,2,9.059,530.9384765625,T3,185,1.0,0.0
16,2,9.059,530.9384765625,T3,186,1.0,0.0
16,2,9.084,532.31494140625,T3,186,1.0,0.0
16,2,9.084,532.31494140625,T3,187,1.0,0.0
16,2,9.11,533.7275390625,T3,187,1.0,0.0
16,2,9.11,533.7275390625,T3,188,1.0,0.0
16,2,9.136,535.169921875,T3,188,1.0,0.0
16,2,9.136,535.169921875,T3,189,1.0,0.0
16,2,9.163,536.62353515625,T3,189,1.0,0.0
16,2,9.163,536.62353515625,T3,190,1.0,0.0
16,2,9.19,538.076171875,T3,190,1.0,0.0
16,2,9.19,538.076171875,T3,190,1.0,0.0
16,2,9.216,539.5439453125,T3,190,1.0,0.0
16,2,9.216,539.5439453125,T3,191,1.0,0.0
16,2,9.243,541.044921875,T3,191,1.0,0.0
16,2,9.243,541.044921875,T3,192,1.0,0.0
16,2,9.27,542.599609375,T3,192,1.0,0.0
16,2,9.27,542.599609375,T3,193,1.0,0.0
16,2,9.297,544.125,T3,193,1.0,0.0
16,2,9.297,544.125,T3,194,1.0,0.0
16,2,9.323,545.62841796875,T3,194,1.0,0.0
16,2,9.323,545.62841796875,T3,195,1.0,0.0
16,2,9.35,547.119140625,T3,195,1.0,0.0
16,2,9.35,547.119140625,T3,196,1.0,0.0
16,2,9.376,548.61474609375,T3,196,1.0,0.0
16,2,9.376,548.61474609375,T3,196,1.0,0.0
16,2,9.402,550.10595703125,T3,196,1.0,0.0
16,2,9.402,550.10595703125,T3,197,1.0,0.0
16,2,9.427,551.5888671875,T3,197,1.0,0.0
16,2,9.427,551.5888671875,T3,198,1.0,0.0
16,2,9.453,553.052734375,T3,198,1.0,0.0
16,2,9.453,553.052734375,T3,198,1.0,0.0
16,2,9.478,554.55419921875,T3,198,1.0,0.0
16,2,9.478,554.55419921875,T3,199,1.0,0.0
16,2,9.504,556.04931640625,T3,199,1.0,0.0
16,2,9.504,556.04931640625,T3,200,1.0,0.0
16,2,9.529,557.5341796875,T3,200,1.0,0.0
16,2,9.529,557.5341796875,T3,200,1.0,0.0
16,2,9.555,559.0048828125,T3,200,1.0,0.0
16,2,9.555,559.0048828125,T3,201,1.0,0.0
16,2,9.579,560.4794921875,T3,201,1.0,0.0
16,2,9.579,560.4794921875,T3,202,1.0,0.0
16,2,9.605,561.9619140625,T3,202,1.0,0.0
16,2,9.605,561.9619140625,T3,202,1.0,0.0
16,2,9.63,563.43505859375,T3,202,1.0,0.0
16,2,9.63,563.43505859375,T3,203,1.0,0.0
16,2,9.655,564.916015625,T3,203,1.0,0.0
16,2,9.655,564.916015625,T3,204,1.0,0.0
16,2,9.68,566.400390625,T3,204,1.0,0.0
16,2,9.68,566.400390625,T3,205,1.0,0.0
16,2,9.705,567.9111328125,T3,205,1.0,0.0
16,2,9.705,567.9111328125,T3,205,1.0,0.0
16,2,9.731,569.4658203125,T3,205,1.0,0.0
16,2,9.731,569.4658203125,T3,206,1.0,0.0
16,2,9.757,570.984375,T3,206,1.0,0.0
16,2,9.757,570.984375,T3,207,1.0,0.0
16,2,9.782,572.486328125,T3,207,1.0,0.0
16,2,9.782,572.486328125,T3,207,1.0,0.0
16,2,9.807,574.00830078125,T3,207,1.0,0.0
16,2,9.807,574.00830078125,T3,208,1.0,0.0
16,2,9.833,575.5048828125,T3,208,1.0,0.0
16,2,9.833,575.5048828125,T3,209,1.0,0.0
16,2,9.858,577.0146484375,T3,209,1.0,0.0
16,2,9.858,577.0146484375,T3,209,1.0,0.0
16,2,9.883,578.525390625,T3,209,1.0,0.0
16,2,9.883,578.525390625,T3,210,1.0,0.0
16,2,9.908,580.02490234375,T3,210,1.0,0.0
16,2,9.908,580.02490234375,T3,211,1.0,0.0
16,2,9.932,581.55078125,T3,211,1.0,0.0
16,2,9.932,581.55078125,T3,211,1.0,0.0
16,2,9.957,583.076171875,T3,211,1.0,0.0
16,2,9.957,583.076171875,T3,212,1.0,0.0
16,2,9.981,584.58447265625,T3,212,1.0,0.0
16,2,9.981,584.58447265625,T3,213,1.0,0.0
16,2,10.005,586.11328125,T3,213,1.0,0.0
16,2,10.005,586.11328125,T3,213,1.0,0.0
16,2,10.03,587.6728515625,T3,213,1.0,0.0
16,2,10.03,587.6728515625,T3,214,1.0,0.0
16,2,10.055,589.24755859375,T3,214,1.0,0.0
16,2,10.055,589.24755859375,T3,215,1.0,0.0
16,2,10.08,590.81298828125,T3,215,1.0,0.0
16,2,10.08,590.81298828125,T3,215,1.0,0.0
16,2,10.105,592.392578125,T3,215,1.0,0.0
16,2,10.105,592.392578125,T3,216,1.0,0.0
16,2,10.13,593.9697265625,T3,216,1.0,0.0
16,2,10.13,593.9697265625,T3,216,1.0,0.0
16,2,10.155,595.587890625,T3,216,1.0,0.0
16,2,10.155,595.587890625,T3,217,1.0,0.0
16,2,10.181,597.19140625,T3,217,1.0,0.0
16,2,10.181,597.19140625,T3,217,1.0,0.0
16,2,10.206,598.77099609375,T3,217,1.0,0.0
16,2,10.206,598.77099609375,T3,218,1.0,0.0
16,2,10.231,600.3271484375,T3,218,1.0,0.0
16,2,10.231,600.3271484375,T3,219,1.0,0.0
16,2,10.256,601.9150390625,T3,219,1.0,0.0
16,2,10.256,601.9150390625,T3,219,1.0,0.0
16,2,10.281,603.5234375,T3,219,1.0,0.0
16,2,10.281,603.5234375,T3,220,1.0,0.0
16,2,10.307,605.14013671875,T3,220,1.0,0.0
16,2,10.307,605.14013671875,T3,220,1.0,0.0
16,2,10.333,606.8701171875,T3,220,1.0,0.0
16,2,10.333,606.8701171875,T3,221,1.0,0.0
16,2,10.36,608.583984375,T3,221,1.0,0.0
16,2,10.36,608.583984375,T3,222,1.0,0.0
16,2,10.387,610.30322265625,T3,222,1.0,0.0
16,2,10.387,610.30322265625,T3,222,1.0,0.0
16,2,10.414,612.021484375,T3,222,1.0,0.0
16,2,10.414,612.021484375,T3,223,1.0,0.0
16,2,10.441,613.74951171875,T3,223,1.0,0.0
16,2,10.441,613.74951171875,T3,223,1.0,0.0
16,2,10.468,615.48095703125,T3,223,1.0,0.0
16,2,10.468,615.48095703125,T3,223,1.0,0.0
16,2,10.495,617.22509765625,T3,223,1.0,0.0
16,2,10.495,617.22509765625,T3,224,1.0,0.0
16,2,10.522,618.857421875,T3,224,1.0,0.0
16,2,10.522,618.857421875,T3,224,1.0,0.0
16,2,10.548,620.54345703125,T3,224,1.0,0.0
16,2,10.548,620.54345703125,T3,224,1.0,0.0
16,2,10.574,622.25,T3,224,1.0,0.0
16,2,10.574,622.25,T3,225,1.0,0.0
16,2,10.601,623.97021484375,T3,225,1.0,0.0
16,2,10.601,623.97021484375,T3,225,1.0,0.0
16,2,10.627,625.7109375,T3,225,1.0,0.0
16,2,10.627,625.7109375,T3,225,1.0,0.0
16,2,10.655,627.45556640625,T3,225,1.0,0.0
16,2,10.655,627.45556640625,T3,224,1.0,0.0
16,2,10.682,629.2177734375,T3,224,1.0,0.0
16,2,10.682,629.2177734375,T3,225,1.0,0.0
16,2,10.709,630.990234375,T3,225,1.0,0.0
16,2,10.709,630.990234375,T3,225,1.0,0.0
16,2,10.737,632.75537109375,T3,225,1.0,0.0
16,2,10.737,632.75537109375,T3,225,1.0,0.0
16,2,10.764,634.53271484375,T3,225,1.0,0.0
16,2,10.764,634.53271484375,T3,226,1.0,0.0
16,2,10.792,636.3291015625,T3,226,1.0,0.0
16,2,10.792,636.3291015625,T3,226,1.0,0.0
16,2,10.82,638.13134765625,T3,226,1.0,0.0
16,2,10.82,638.13134765625,T3,227,1.0,0.0
16,2,10.847,639.9404296875,T3,227,1.0,0.0
16,2,10.847,639.9404296875,T3,228,1.0,0.0
16,2,10.875,641.73388671875,T3,228,1.0,0.0
16,2,10.875,641.73388671875,T3,228,1.0,0.0
16,2,10.903,643.5244140625,T3,228,1.0,0.0
16,2,10.903,643.5244140625,T3,229,1.0,0.0
16,2,10.931,645.32421875,T3,229,1.0,0.0
16,2,10.931,645.32421875,T3,229,1.0,0.0
16,2,10.958,647.11865234375,T3,229,1.0,0.0
16,2,10.958,647.11865234375,T3,230,1.0,0.0
16,2,10.986,648.9130859375,T3,230,1.0,0.0
16,2,10.986,648.9130859375,T3,230,1.0,0.0
16,2,11.014,650.68798828125,T4,230,1.0,0.0
16,2,11.014,650.68798828125,T4,231,1.0,0.0
16,2,11.041,652.451171875,T4,231,1.0,0.0
16,2,11.041,652.451171875,T4,231,1.0,0.0
16,2,11.068,654.2109375,T4,231,1.0,0.0
16,2,11.068,654.2109375,T4,231,1.0,0.0
16,2,11.095,655.97119140625,T4,231,1.0,0.0
16,2,11.095,655.97119140625,T4,232,1.0,0.0
16,2,11.122,657.76416015625,T4,232,1.0,0.0
16,2,11.122,657.76416015625,T4,232,1.0,0.0
16,2,11.149,659.5361328125,T4,232,1.0,0.0
16,2,11.149,659.5361328125,T4,232,1.0,0.0
16,2,11.176,661.30908203125,T4,232,1.0,0.0
16,2,11.176,661.30908203125,T4,232,1.0,0.0
16,2,11.203,663.10302734375,T4,232,1.0,0.0
16,2,11.203,663.10302734375,T4,233,1.0,0.0
16,2,11.23,664.89306640625,T4,233,1.0,0.0
16,2,11.23,664.89306640625,T4,233,1.0,0.0
16,2,11.257,666.69140625,T4,233,1.0,0.0
16,2,11.257,666.69140625,T4,233,1.0,0.0
16,2,11.284,668.4736328125,T4,233,1.0,0.0
16,2,11.284,668.4736328125,T4,233,1.0,0.0
16,2,11.311,670.23681640625,T4,233,1.0,0.0
16,2,11.311,670.23681640625,T4,234,1.0,0.0
16,2,11.337,672.00048828125,T4,234,1.0,0.0
16,2,11.337,672.00048828125,T4,234,1.0,0.0
16,2,11.364,673.740234375,T4,234,1.0,0.0
16,2,11.364,673.740234375,T4,235,1.0,0.0
16,2,11.39,675.498046875,T4,235,1.0,0.0
16,2,11.39,675.498046875,T4,235,1.0,0.0
16,2,11.416,677.259765625,T4,235,1.0,0.0
16,2,11.416,677.259765625,T4,236,1.0,0.0
16,2,11.442,679.015625,T4,236,1.0,0.0
16,2,11.442,679.015625,T4,237,1.0,0.0
16,2,11.468,680.767578125,T4,237,1.0,0.0
16,2,11.468,680.767578125,T4,237,1.0,0.0
16,2,11.494,682.5078125,T4,237,1.0,0.0
16,2,11.494,682.5078125,T4,238,1.0,0.0
16,2,11.52,684.27685546875,T4,238,1.0,0.0
16,2,11.52,684.27685546875,T4,238,1.0,0.0
16,2,11.546,686.0439453125,T4,238,1.0,0.0
16,2,11.546,686.0439453125,T4,239,1.0,0.0
16,2,11.572,687.796875,T4,239,1.0,0.0
16,2,11.572,687.796875,T4,239,1.0,0.0
16,2,11.598,689.54150390625,T4,239,1.0,0.0
16,2,11.598,689.54150390625,T4,239,1.0,0.0
16,2,11.624,691.296875,T4,239,1.0,0.0
16,2,11.624,691.296875,T4,240,1.0,0.0
16,2,11.649,693.0419921875,T4,240,1.0,0.0
16,2,11.649,693.0419921875,T4,240,1.0,0.0
16,2,11.675,694.7939453125,T4,240,1.0,0.0
16,2,11.675,694.7939453125,T4,240,1.0,0.0
16,2,11.701,696.5224609375,T4,240,1.0,0.0
16,2,11.701,696.5224609375,T4,240,1.0,0.0
16,2,11.726,698.28564453125,T4,240,1.0,0.0
16,2,11.726,698.28564453125,T4,241,1.0,0.0
16,2,11.752,700.0458984375,T4,241,1.0,0.0
16,2,11.752,700.0458984375,T4,241,1.0,0.0
16,2,11.778,701.8017578125,T4,241,1.0,0.0
16,2,11.778,701.8017578125,T4,242,1.0,0.0
16,2,11.804,703.5517578125,T4,242,1.0,0.0
16,2,11.804,703.5517578125,T4,242,1.0,0.0
16,2,11.829,705.33056640625,T4,242,1.0,0.0
16,2,11.829,705.33056640625,T4,243,1.0,0.0
16,2,11.855,707.1201171875,T4,243,1.0,0.0
16,2,11.855,707.1201171875,T4,243,1.0,0.0
16,2,11.881,708.9189453125,T4,243,1.0,0.0
16,2,11.881,708.9189453125,T4,244,1.0,0.0
16,2,11.907,710.7109375,T4,244,1.0,0.0
16,2,11.907,710.7109375,T4,244,1.0,0.0
16,2,11.933,712.50244140625,T4,244,1.0,0.0
16,2,11.933,712.50244140625,T4,245,1.0,0.0
16,2,11.959,714.31591796875,T4,245,1.0,0.0
16,2,11.959,714.31591796875,T4,245,1.0,0.0
16,2,11.985,716.12109375,T4,245,1.0,0.0
16,2,11.985,716.12109375,T4,246,1.0,0.0
16,2,12.011,717.9462890625,T4,246,1.0,0.0
16,2,12.011,717.9462890625,T4,246,1.0,0.0
16,2,12.038,719.75439453125,T4,246,1.0,0.0
16,2,12.038,719.75439453125,T4,246,1.0,0.0
16,2,12.064,721.556640625,T4,246,1.0,0.0
16,2,12.064,721.556640625,T4,247,1.0,0.0
16,2,12.09,723.3583984375,T4,247,1.0,0.0
16,2,12.09,723.3583984375,T4,247,1.0,0.0
16,2,12.116,725.20654296875,T4,247,1.0,0.0
16,2,12.116,725.20654296875,T4,247,1.0,0.0
16,2,12.143,727.0517578125,T4,247,1.0,0.0
16,2,12.143,727.0517578125,T4,247,1.0,0.0
16,2,12.17,728.890625,T4,247,1.0,0.0
16,2,12.17,728.890625,T4,248,1.0,0.0
16,2,12.196,730.72021484375,T4,248,1.0,0.0
16,2,12.196,730.72021484375,T4,248,1.0,0.0
16,2,12.223,732.564453125,T4,248,1.0,0.0
16,2,12.223,732.564453125,T4,248,1.0,0.0
16,2,12.249,734.44287109375,T4,248,1.0,0.0
16,2,12.249,734.44287109375,T4,249,1.0,0.0
16,2,12.276,736.333984375,T4,249,1.0,0.0
16,2,12.276,736.333984375,T4,249,1.0,0.0
16,2,12.304,738.22900390625,T4,249,1.0,0.0
16,2,12.304,738.22900390625,T4,249,1.0,0.0
16,2,12.331,740.126953125,T4,249,1.0,0.0
16,2,12.331,740.126953125,T4,250,1.0,0.0
16,2,12.359,742.06591796875,T4,250,1.0,0.0
16,2,12.359,742.06591796875,T4,250,1.0,0.0
16,2,12.386,744.0224609375,T4,250,1.0,0.0
16,2,12.386,744.0224609375,T4,250,1.0,0.0
16,2,12.415,745.98876953125,T4,250,1.0,0.0
16,2,12.415,745.98876953125,T4,251,1.0,0.0
16,2,12.443,747.9609375,T4,251,1.0,0.0
16,2,12.443,747.9609375,T4,251,1.0,0.0
16,2,12.471,749.91162109375,T4,251,1.0,0.0
16,2,12.471,749.91162109375,T4,251,1.0,0.0
16,2,12.499,751.8388671875,T4,251,1.0,0.0
16,2,12.499,751.8388671875,T4,251,1.0,0.0
16,2,12.526,753.78466796875,T4,251,1.0,0.0
16,2,12.526,753.78466796875,T4,251,1.0,0.0
16,2,12.554,755.71630859375,T4,251,1.0,0.0
16,2,12.554,755.71630859375,T4,251,1.0,0.0
16,2,12.582,757.6591796875,T4,251,1.0,0.0
16,2,12.582,757.6591796875,T4,251,1.0,0.0
16,2,12.609,759.568359375,T4,251,1.0,0.0
16,2,12.609,759.568359375,T4,251,1.0,0.0
16,2,12.637,761.4697265625,T4,251,1.0,0.0
16,2,12.637,761.4697265625,T4,251,1.0,0.0
16,2,12.664,763.3837890625,T4,251,1.0,0.0
16,2,12.664,763.3837890625,T4,252,1.0,0.0
16,2,12.692,765.28515625,T4,252,1.0,0.0
16,2,12.692,765.28515625,T4,252,1.0,0.0
16,2,12.719,767.19384765625,T4,252,1.0,0.0
16,2,12.719,767.19384765625,T4,252,1.0,0.0
16,2,12.747,769.09814453125,T4,252,1.0,0.0
16,2,12.747,769.09814453125,T4,253,1.0,0.0
16,2,12.774,770.9755859375,T4,253,1.0,0.0
16,2,12.774,770.9755859375,T4,253,1.0,0.0
16,2,12.802,772.8291015625,T4,253,1.0,0.0
16,2,12.802,772.8291015625,T4,254,1.0,0.0
16,2,12.828,774.689453125,T4,254,1.0,0.0
16,2,12.828,774.689453125,T4,254,1.0,0.0
16,2,12.855,776.591796875,T4,254,1.0,0.0
16,2,12.855,776.591796875,T4,255,1.0,0.0
16,2,12.883,778.474609375,T4,255,1.0,0.0
16,2,12.883,778.474609375,T4,255,1.0,0.0
16,2,12.91,780.330078125,T4,255,1.0,0.0
16,2,12.91,780.330078125,T4,256,1.0,0.0
16,2,12.936,782.21044921875,T4,256,1.0,0.0
16,2,12.936,782.21044921875,T4,256,1.0,0.0
16,2,12.963,784.0830078125,T4,256,1.0,0.0
16,2,12.963,784.0830078125,T4,257,1.0,0.0
16,2,12.99,785.99462890625,T4,257,1.0,0.0
16,2,12.99,785.99462890625,T4,257,1.0,0.0
16,2,13.017,787.900390625,T4,257,1.0,0.0
16,2,13.017,787.900390625,T4,258,1.0,0.0
16,2,13.043,789.7548828125,T4,258,1.0,0.0
16,2,13.043,789.7548828125,T4,258,1.0,0.0
16,2,13.07,791.6630859375,T4,258,1.0,0.0
16,2,13.07,791.6630859375,T4,258,1.0,0.0
16,2,13.096,793.5576171875,T4,258,1.0,0.0
16,2,13.096,793.5576171875,T4,258,1.0,0.0
16,2,13.123,795.4482421875,T4,258,1.0,0.0
16,2,13.123,795.4482421875,T4,258,1.0,0.0
16,2,13.15,797.34912109375,T4,258,1.0,0.0
16,2,13.15,797.34912109375,T4,258,1.0,0.0
16,2,13.176,799.23876953125,T4,258,1.0,0.0
16,2,13.176,799.23876953125,T4,258,1.0,0.0
16,2,13.203,801.140625,T4,258,1.0,0.0
16,2,13.203,801.140625,T4,259,1.0,0.0
16,2,13.23,803.05029296875,T4,259,1.0,0.0
16,2,13.23,803.05029296875,T4,259,1.0,0.0
16,2,13.256,804.94921875,T4,259,1.0,0.0
16,2,13.256,804.94921875,T4,259,1.0,0.0
16,2,13.283,806.91552734375,T4,259,1.0,0.0
16,2,13.283,806.91552734375,T4,260,1.0,0.0
16,2,13.31,808.85302734375,T4,260,1.0,0.0
16,2,13.31,808.85302734375,T4,260,1.0,0.0
16,2,13.337,810.828125,T4,260,1.0,0.0
16,2,13.337,810.828125,T4,261,1.0,0.0
16,2,13.365,812.84228515625,T4,261,1.0,0.0
16,2,13.365,812.84228515625,T4,261,1.0,0.0
16,2,13.392,814.81005859375,T4,261,1.0,0.0
16,2,13.392,814.81005859375,T4,262,1.0,0.0
16,2,13.42,816.80419921875,T4,262,1.0,0.0
16,2,13.42,816.80419921875,T4,262,1.0,0.0
16,2,13.447,818.7939453125,T4,262,1.0,0.0
16,2,13.447,818.7939453125,T4,263,1.0,0.0
16,2,13.475,820.76904296875,T4,263,1.0,0.0
16,2,13.475,820.76904296875,T4,263,1.0,0.0
16,2,13.502,822.7822265625,T4,263,1.0,0.0
16,2,13.502,822.7822265625,T4,263,1.0,0.0
16,2,13.529,824.763671875,T4,263,1.0,0.0
16,2,13.529,824.763671875,T4,264,1.0,0.0
16,2,13.557,826.751953125,T4,264,1.0,0.0
16,2,13.557,826.751953125,T4,264,1.0,0.0
16,2,13.584,828.77490234375,T4,264,1.0,0.0
16,2,13.584,828.77490234375,T4,265,1.0,0.0
16,2,13.611,830.7666015625,T4,265,1.0,0.0
16,2,13.611,830.7666015625,T4,265,1.0,0.0
16,2,13.639,832.7880859375,T4,265,1.0,0.0
16,2,13.639,832.7880859375,T4,266,1.0,0.0
16,2,13.666,834.78662109375,T4,266,1.0,0.0
16,2,13.666,834.78662109375,T4,266,1.0,0.0
16,2,13.693,836.822265625,T4,266,1.0,0.0
16,2,13.693,836.822265625,T4,267,1.0,0.0
16,2,13.721,838.84765625,T4,267,1.0,0.0
16,2,13.721,838.84765625,T4,268,1.0,0.0
16,2,13.748,840.8330078125,T4,268,1.0,0.0
16,2,13.748,840.8330078125,T4,268,1.0,0.0
16,2,13.775,842.84521484375,T4,268,1.0,0.0
16,2,13.775,842.84521484375,T4,269,1.0,0.0
16,2,13.802,844.845703125,T4,269,1.0,0.0
16,2,13.802,844.845703125,T4,269,1.0,0.0
16,2,13.829,846.8271484375,T4,269,1.0,0.0
16,2,13.829,846.8271484375,T4,270,1.0,0.0
16,2,13.855,848.84765625,T4,270,1.0,0.0
16,2,13.855,848.84765625,T4,271,1.0,0.0
16,2,13.882,850.82275390625,T4,271,1.0,0.0
16,2,13.882,850.82275390625,T4,271,1.0,0.0
16,2,13.909,852.8271484375,T4,271,1.0,0.0
16,2,13.909,852.8271484375,T4,272,1.0,0.0
16,2,13.936,854.8447265625,T4,272,1.0,0.0
16,2,13.936,854.8447265625,T4,272,1.0,0.0
16,2,13.962,856.845703125,T4,272,1.0,0.0
16,2,13.962,856.845703125,T4,273,1.0,0.0
16,2,13.989,858.89453125,T4,273,1.0,0.0
16,2,13.989,858.89453125,T4,273,1.0,0.0
16,2,14.016,860.9375,T4,273,1.0,0.0
16,2,14.016,860.9375,T4,274,1.0,0.0
16,2,14.043,862.96630859375,T4,274,1.0,0.0
16,2,14.043,862.96630859375,T4,274,1.0,0.0
16,2,14.07,865.0595703125,T4,274,1.0,0.0
16,2,14.07,865.0595703125,T4,275,1.0,0.0
16,2,14.097,867.1171875,T4,275,1.0,0.0
16,2,14.097,867.1171875,T4,275,1.0,0.0
16,2,14.124,869.2275390625,T4,275,1.0,0.0
16,2,14.124,869.2275390625,T4,276,1.0,0.0
16,2,14.152,871.3232421875,T4,276,1.0,0.0
16,2,14.152,871.3232421875,T4,276,1.0,0.0
16,2,14.179,873.43359375,T4,276,1.0,0.0
16,2,14.179,873.43359375,T4,277,1.0,0.0
16,2,14.207,875.55859375,T4,277,1.0,0.0
16,2,14.207,875.55859375,T4,278,1.0,0.0
16,2,14.235,877.69482421875,T4,278,1.0,0.0
16,2,14.235,877.69482421875,T4,278,1.0,0.0
16,2,14.262,879.779296875,T4,278,1.0,0.0
16,2,14.262,879.779296875,T4,279,1.0,0.0
16,2,14.29,881.89306640625,T4,279,1.0,0.0
16,2,14.29,881.89306640625,T4,279,1.0,0.0
16,2,14.317,883.96875,T4,279,1.0,0.0
16,2,14.317,883.96875,T4,279,1.0,0.0
16,2,14.344,886.0791015625,T4,279,1.0,0.0
16,2,14.344,886.0791015625,T4,280,1.0,0.0
16,2,14.371,888.20556640625,T4,280,1.0,0.0
16,2,14.371,888.20556640625,T4,280,1.0,0.0
16,2,14.398,890.330078125,T4,280,1.0,0.0
16,2,14.398,890.330078125,T4,281,1.0,0.0
16,2,14.425,892.412109375,T4,281,1.0,0.0
16,2,14.425,892.412109375,T4,281,1.0,0.0
16,2,14.451,894.51904296875,T4,281,1.0,0.0
16,2,14.451,894.51904296875,T4,282,1.0,0.0
16,2,14.478,896.63671875,T4,282,1.0,0.0
16,2,14.478,896.63671875,T4,282,1.0,0.0
16,2,14.505,898.75732421875,T4,282,1.0,0.0
16,2,14.505,898.75732421875,T4,283,1.0,0.0
16,2,14.531,900.884765625,T4,283,1.0,0.0
16,2,14.531,900.884765625,T4,283,1.0,0.0
16,2,14.558,902.998046875,T4,283,1.0,0.0
16,2,14.558,902.998046875,T4,283,1.0,0.0
16,2,14.585,905.12353515625,T4,283,1.0,0.0
16,2,14.585,905.12353515625,T4,284,1.0,0.0
16,2,14.612,907.2529296875,T4,284,1.0,0.0
16,2,14.612,907.2529296875,T4,284,1.0,0.0
16,2,14.638,909.38134765625,T4,284,1.0,0.0
16,2,14.638,909.38134765625,T4,285,1.0,0.0
16,2,14.665,911.533203125,T4,285,1.0,0.0
16,2,14.665,911.533203125,T4,285,1.0,0.0
16,2,14.692,913.65869140625,T4,285,1.0,0.0
16,2,14.692,913.65869140625,T4,285,1.0,0.0
16,2,14.719,915.79443359375,T4,285,1.0,0.0
16,2,14.719,915.79443359375,T4,286,1.0,0.0
16,2,14.745,917.91259765625,T4,286,1.0,0.0
16,2,14.745,917.91259765625,T4,286,1.0,0.0
16,2,14.772,920.0390625,T4,286,1.0,0.0
16,2,14.772,920.0390625,T4,287,1.0,0.0
16,2,14.798,922.205078125,T4,287,1.0,0.0
16,2,14.798,922.205078125,T4,287,1.0,0.0
16,2,14.825,924.36279296875,T4,287,1.0,0.0
16,2,14.825,924.36279296875,T4,287,1.0,0.0
16,2,14.852,926.494140625,T4,287,1.0,0.0
16,2,14.852,926.494140625,T4,288,1.0,0.0
16,2,14.878,928.66845703125,T4,288,1.0,0.0
16,2,14.878,928.66845703125,T4,288,1.0,0.0
16,2,14.905,930.84423828125,T4,288,1.0,0.0
16,2,14.905,930.84423828125,T4,288,1.0,0.0
16,2,14.932,933.015625,T4,288,1.0,0.0
16,2,14.932,933.015625,T4,289,1.0,0.0
16,2,14.959,935.201171875,T4,289,1.0,0.0
16,2,14.959,935.201171875,T4,289,1.0,0.0
16,2,14.986,937.39599609375,T4,289,1.0,0.0
16,2,14.986,937.39599609375,T4,289,1.0,0.0
16,2,15.013,939.5517578125,T4,289,1.0,0.0
16,2,15.013,939.5517578125,T4,290,1.0,0.0
16,2,15.04,941.71337890625,T4,290,1.0,0.0
16,2,15.04,941.71337890625,T4,290,1.0,0.0
16,2,15.067,943.88916015625,T4,290,1.0,0.0
16,2,15.067,943.88916015625,T4,290,1.0,0.0
16,2,15.094,946.0439453125,T4,290,1.0,0.0
16,2,15.094,946.0439453125,T4,291,1.0,0.0
16,2,15.121,948.20556640625,T4,291,1.0,0.0
16,2,15.121,948.20556640625,T4,291,1.0,0.0
16,2,15.147,950.3828125,T4,291,1.0,0.0
16,2,15.147,950.3828125,T4,291,1.0,0.0
16,2,15.174,952.5302734375,T4,291,1.0,0.0
16,2,15.174,952.5302734375,T4,291,1.0,0.0
16,2,15.201,954.73291015625,T4,291,1.0,0.0
16,2,15.201,954.73291015625,T4,291,1.0,0.0
16,2,15.228,956.896484375,T4,291,1.0,0.0
16,2,15.228,956.896484375,T4,292,1.0,0.0
16,2,15.255,959.02734375,T4,292,1.0,0.0
16,2,15.255,959.02734375,T4,292,1.0,0.0
16,2,15.281,961.1767578125,T4,292,1.0,0.0
16,2,15.281,961.1767578125,T4,292,1.0,0.0
16,2,15.308,963.3388671875,T4,292,1.0,0.0
16,2,15.308,963.3388671875,T4,292,1.0,0.0
16,2,15.334,965.45166015625,T4,292,1.0,0.0
16,2,15.334,965.45166015625,T4,293,1.0,0.0
16,2,15.36,967.615234375,T4,293,1.0,0.0
16,2,15.36,967.615234375,T4,293,1.0,0.0
16,2,15.387,969.7138671875,T4,293,1.0,0.0
16,2,15.387,969.7138671875,T4,293,1.0,0.0
16,2,15.413,971.8544921875,T4,293,1.0,0.0
16,2,15.413,971.8544921875,T4,293,1.0,0.0
16,2,15.439,974.00634765625,T4,293,1.0,0.0
16,2,15.439,974.00634765625,T4,294,1.0,0.0
16,2,15.465,976.14794921875,T4,294,1.0,0.0
16,2,15.465,976.14794921875,T4,294,1.0,0.0
16,2,15.492,978.2822265625,T4,294,1.0,0.0
16,2,15.492,978.2822265625,T4,294,1.0,0.0
16,2,15.518,980.43212890625,T4,294,1.0,0.0
16,2,15.518,980.43212890625,T4,294,1.0,0.0
16,2,15.544,982.5439453125,T4,294,1.0,0.0
16,2,15.544,982.5439453125,T4,295,1.0,0.0
16,2,15.57,984.7158203125,T4,295,1.0,0.0
16,2,15.57,984.7158203125,T4,295,1.0,0.0
16,2,15.596,986.9033203125,T4,295,1.0,0.0
16,2,15.596,986.9033203125,T4,295,1.0,0.0
16,2,15.623,989.0751953125,T4,295,1.0,0.0
16,2,15.623,989.0751953125,T4,295,1.0,0.0
16,2,15.65,991.27001953125,T4,295,1.0,0.0
16,2,15.65,991.27001953125,T4,295,1.0,0.0
16,2,15.676,993.46875,T4,295,1.0,0.0
16,2,15.676,993.46875,T4,296,1.0,0.0
16,2,15.703,995.72314453125,T4,296,1.0,0.0
16,2,15.703,995.72314453125,T4,296,1.0,0.0
16,2,15.731,998.02685546875,T4,296,1.0,0.0
16,2,15.731,998.02685546875,T4,296,1.0,0.0
16,2,15.759,1000.23046875,T4,296,1.0,0.0
16,2,15.759,1000.23046875,T4,296,1.0,0.0
16,2,15.785,1002.41796875,T4,296,1.0,0.0
16,2,15.785,1002.41796875,T4,297,1.0,0.0
16,2,15.812,1004.64599609375,T4,297,1.0,0.0
16,2,15.812,1004.64599609375,T4,297,1.0,0.0
16,2,15.839,1006.86767578125,T4,297,1.0,0.0
16,2,15.839,1006.86767578125,T4,297,1.0,0.0
16,2,15.866,1009.0908203125,T4,297,1.0,0.0
16,2,15.866,1009.0908203125,T4,297,1.0,0.0
16,2,15.893,1011.27880859375,T4,297,1.0,0.0
16,2,15.893,1011.27880859375,T4,297,1.0,0.0
16,2,15.92,1013.447265625,T4,297,1.0,0.0
16,2,15.92,1013.447265625,T4,298,1.0,0.0
16,2,15.946,1015.71923828125,T4,298,1.0,0.0
16,2,15.946,1015.71923828125,T4,298,1.0,0.0
16,2,15.973,1017.9892578125,T4,298,1.0,0.0
16,2,15.973,1017.9892578125,T4,298,1.0,0.0
16,2,16.001,1020.224609375,T4,298,1.0,0.0
16,2,16.001,1020.224609375,T4,298,1.0,0.0
16,2,16.028,1022.4765625,T4,298,1.0,0.0
16,2,16.028,1022.4765625,T4,298,1.0,0.0
16,2,16.055,1024.7470703125,T4,298,1.0,0.0
16,2,16.055,1024.7470703125,T4,298,1.0,0.0
16,2,16.082,1027.05810546875,T4,298,1.0,0.0
16,2,16.082,1027.05810546875,T4,299,1.0,0.0
16,2,16.11,1029.3623046875,T4,299,1.0,0.0
16,2,16.11,1029.3623046875,T4,299,1.0,0.0
16,2,16.138,1031.6337890625,T4,299,1.0,0.0
16,2,16.138,1031.6337890625,T4,299,1.0,0.0
16,2,16.166,1033.93017578125,T4,299,1.0,0.0
16,2,16.166,1033.93017578125,T4,299,1.0,0.0
16,2,16.193,1036.232421875,T4,299,1.0,0.0
16,2,16.193,1036.232421875,T4,299,1.0,0.0
16,2,16.221,1038.5576171875,T4,299,1.0,0.0
16,2,16.221,1038.5576171875,T4,299,1.0,0.0
16,2,16.249,1040.849609375,T4,299,1.0,0.0
16,2,16.249,1040.849609375,T4,299,1.0,0.0
16,2,16.277,1043.134765625,T4,299,1.0,0.0
16,2,16.277,1043.134765625,T4,300,1.0,0.0
16,2,16.304,1045.416015625,T4,300,1.0,0.0
16,2,16.304,1045.416015625,T4,300,1.0,0.0
16,2,16.331,1047.7080078125,T4,300,1.0,0.0
16,2,16.331,1047.7080078125,T4,300,1.0,0.0
16,2,16.359,1049.97607421875,T4,300,1.0,0.0
16,2,16.359,1049.97607421875,T4,300,1.0,0.0
16,2,16.386,1052.30029296875,T4,300,1.0,0.0
16,2,16.386,1052.30029296875,T4,300,1.0,0.0
16,2,16.414,1054.61572265625,T4,300,1.0,0.0
16,2,16.414,1054.61572265625,T4,300,1.0,0.0
16,2,16.442,1056.9482421875,T4,300,1.0,0.0
16,2,16.442,1056.9482421875,T4,301,1.0,0.0
16,2,16.469,1059.2099609375,T4,301,1.0,0.0
16,2,16.469,1059.2099609375,T4,301,1.0,0.0
16,2,16.496,1061.5087890625,T4,301,1.0,0.0
16,2,16.496,1061.5087890625,T4,301,1.0,0.0
16,2,16.524,1063.8193359375,T4,301,1.0,0.0
16,2,16.524,1063.8193359375,T4,301,1.0,0.0
16,2,16.551,1066.16015625,T4,301,1.0,0.0
16,2,16.551,1066.16015625,T4,301,1.0,0.0
16,2,16.579,1068.453125,T4,301,1.0,0.0
16,2,16.579,1068.453125,T4,301,1.0,0.0
16,2,16.607,1070.72265625,T4,301,1.0,0.0
16,2,16.607,1070.72265625,T4,301,1.0,0.0
16,2,16.634,1072.99072265625,T4,301,1.0,0.0
16,2,16.634,1072.99072265625,T4,302,1.0,0.0
16,2,16.661,1075.33154296875,T4,302,1.0,0.0
16,2,16.661,1075.33154296875,T4,302,1.0,0.0
16,2,16.689,1077.6044921875,T4,302,1.0,0.0
16,2,16.689,1077.6044921875,T4,302,1.0,0.0
16,2,16.716,1079.8994140625,T4,302,1.0,0.0
16,2,16.716,1079.8994140625,T4,302,1.0,0.0
16,2,16.743,1082.18115234375,T4,302,1.0,0.0
16,2,16.743,1082.18115234375,T4,302,1.0,0.0
16,2,16.77,1084.4384765625,T4,302,1.0,0.0
16,2,16.77,1084.4384765625,T4,302,1.0,0.0
16,2,16.797,1086.68798828125,T4,302,1.0,0.0
16,2,16.797,1086.68798828125,T4,302,1.0,0.0
16,2,16.824,1088.98291015625,T4,302,1.0,0.0
16,2,16.824,1088.98291015625,T4,303,1.0,0.0
16,2,16.851,1091.2392578125,T4,303,1.0,0.0
16,2,16.851,1091.2392578125,T4,303,1.0,0.0
16,2,16.878,1093.50830078125,T4,303,1.0,0.0
16,2,16.878,1093.50830078125,T4,303,1.0,0.0
16,2,16.904,1095.80029296875,T4,303,1.0,0.0
16,2,16.904,1095.80029296875,T4,303,1.0,0.0
16,2,16.932,1098.04638671875,T4,303,1.0,0.0
16,2,16.932,1098.04638671875,T4,303,1.0,0.0
16,2,16.958,1100.31201171875,T4,303,1.0,0.0
16,2,16.958,1100.31201171875,T4,303,1.0,0.0
16,2,16.985,1102.6181640625,T4,303,1.0,0.0
16,2,16.985,1102.6181640625,T4,303,1.0,0.0
16,2,17.012,1104.85595703125,T4,303,1.0,0.0
16,2,17.012,1104.85595703125,T4,303,1.0,0.0
16,2,17.039,1107.0966796875,T4,303,1.0,0.0
16,2,17.039,1107.0966796875,T4,304,1.0,0.0
16,2,17.065,1109.369140625,T4,304,1.0,0.0
16,2,17.065,1109.369140625,T4,304,1.0,0.0
16,2,17.092,1111.6123046875,T4,304,1.0,0.0
16,2,17.092,1111.6123046875,T4,304,1.0,0.0
16,2,17.119,1113.9091796875,T4,304,1.0,0.0
16,2,17.119,1113.9091796875,T4,304,1.0,0.0
16,2,17.146,1116.2587890625,T4,304,1.0,0.0
16,2,17.146,1116.2587890625,T4,304,1.0,0.0
16,2,17.174,1118.603515625,T4,304,1.0,0.0
16,2,17.174,1118.603515625,T4,304,1.0,0.0
16,2,17.201,1120.99951171875,T4,304,1.0,0.0
16,2,17.201,1120.99951171875,T4,304,1.0,0.0
16,2,17.23,1123.39990234375,T4,304,1.0,0.0
16,2,17.23,1123.39990234375,T4,304,1.0,0.0
16,2,17.258,1125.82763671875,T4,304,1.0,0.0
16,2,17.258,1125.82763671875,T4,305,1.0,0.0
16,2,17.287,1128.27197265625,T4,305,1.0,0.0
16,2,17.287,1128.27197265625,T4,305,1.0,0.0
16,2,17.315,1130.75,T4,305,1.0,0.0
16,2,17.315,1130.75,T4,305,1.0,0.0
16,2,17.345,1133.193359375,T4,305,1.0,0.0
16,2,17.345,1133.193359375,T4,305,1.0,0.0
16,2,17.373,1135.6494140625,T4,305,1.0,0.0
16,2,17.373,1135.6494140625,T4,305,1.0,0.0
16,2,17.402,1138.1142578125,T4,305,1.0,0.0
16,2,17.402,1138.1142578125,T4,305,1.0,0.0
16,2,17.431,1140.580078125,T4,305,1.0,0.0
16,2,17.431,1140.580078125,T4,305,1.0,0.0
16,2,17.46,1143.03759765625,T4,305,1.0,0.0
16,2,17.46,1143.03759765625,T4,306,1.0,0.0
16,2,17.489,1145.4931640625,T4,306,1.0,0.0
16,2,17.489,1145.4931640625,T4,306,1.0,0.0
16,2,17.518,1147.953125,T4,306,1.0,0.0
16,2,17.518,1147.953125,T4,306,1.0,0.0
16,2,17.547,1150.44140625,T4,306,1.0,0.0
16,2,17.547,1150.44140625,T4,306,1.0,0.0
16,2,17.576,1152.9619140625,T4,306,1.0,0.0
16,2,17.576,1152.9619140625,T4,306,1.0,0.0
16,2,17.606,1155.4140625,T4,306,1.0,0.0
16,2,17.606,1155.4140625,T4,306,1.0,0.0
16,2,17.634,1157.85791015625,T4,306,1.0,0.0
16,2,17.634,1157.85791015625,T4,306,1.0,0.0
16,2,17.663,1160.30615234375,T4,306,1.0,0.0
16,2,17.663,1160.30615234375,T4,306,1.0,0.0
16,2,17.692,1162.755859375,T4,306,1.0,0.0
16,2,17.692,1162.755859375,T4,307,1.0,0.0
16,2,17.72,1165.21484375,T4,307,1.0,0.0
16,2,17.72,1165.21484375,T4,307,1.0,0.0
16,2,17.749,1167.6552734375,T4,307,1.0,0.0
16,2,17.749,1167.6552734375,T4,307,1.0,0.0
16,2,17.778,1170.01220703125,T4,307,1.0,0.0
16,2,17.778,1170.01220703125,T4,307,1.0,0.0
16,2,17.805,1172.435546875,T4,307,1.0,0.0
16,2,17.805,1172.435546875,T4,307,1.0,0.0
16,2,17.834,1174.87841796875,T4,307,1.0,0.0
16,2,17.834,1174.87841796875,T4,307,1.0,0.0
16,2,17.862,1177.302734375,T4,307,1.0,0.0
16,2,17.862,1177.302734375,T4,307,1.0,0.0
16,2,17.891,1179.71337890625,T4,307,1.0,0.0
16,2,17.891,1179.71337890625,T4,307,1.0,0.0
16,2,17.919,1182.0810546875,T4,307,1.0,0.0
16,2,17.919,1182.0810546875,T4,308,1.0,0.0
16,2,17.946,1184.46630859375,T4,308,1.0,0.0
16,2,17.946,1184.46630859375,T4,308,1.0,0.0
16,2,17.974,1186.8564453125,T4,308,1.0,0.0
16,2,17.974,1186.8564453125,T4,308,1.0,0.0
16,2,18.002,1189.248046875,T4,308,1.0,0.0
16,2,18.002,1189.248046875,T4,308,1.0,0.0
16,2,18.03,1191.5966796875,T4,308,1.0,0.0
16,2,18.03,1191.5966796875,T4,308,1.0,0.0
16,2,18.057,1193.96240234375,T4,308,1.0,0.0
16,2,18.057,1193.96240234375,T4,308,1.0,0.0
16,2,18.085,1196.32861328125,T4,308,1.0,0.0
16,2,18.085,1196.32861328125,T4,308,1.0,0.0
16,2,18.113,1198.708984375,T4,308,1.0,0.0
16,2,18.113,1198.708984375,T4,308,1.0,0.0
16,2,18.14,1201.07958984375,T4,308,1.0,0.0
16,2,18.14,1201.07958984375,T4,309,1.0,0.0
16,2,18.168,1203.4521484375,T4,309,1.0,0.0
16,2,18.168,1203.4521484375,T4,309,1.0,0.0
16,2,18.195,1205.7890625,T4,309,1.0,0.0
16,2,18.195,1205.7890625,T4,309,1.0,0.0
16,2,18.223,1208.2109375,T4,309,1.0,0.0
16,2,18.223,1208.2109375,T4,309,1.0,0.0
16,2,18.251,1210.58544921875,T4,309,1.0,0.0
16,2,18.251,1210.58544921875,T4,309,1.0,0.0
16,2,18.278,1212.94189453125,T4,309,1.0,0.0
16,2,18.278,1212.94189453125,T4,309,1.0,0.0
16,2,18.297,1215.28125,T4,309,1.0,0.0
16,2,18.297,1215.28125,T4,309,1.0,0.0
16,2,18.324,1217.6396484375,T4,309,1.0,0.0
16,2,18.324,1217.6396484375,T4,309,1.0,0.0
16,2,18.351,1220.03857421875,T4,309,1.0,0.0
16,2,18.351,1220.03857421875,T4,309,1.0,0.0
16,2,18.379,1222.42578125,T4,309,1.0,0.0
16,2,18.379,1222.42578125,T4,310,1.0,0.0
16,2,18.407,1224.77294921875,T4,310,1.0,0.0
16,2,18.407,1224.77294921875,T4,310,1.0,0.0
16,2,18.434,1227.16552734375,T4,310,1.0,0.0
16,2,18.434,1227.16552734375,T4,310,1.0,0.0
16,2,18.462,1229.5927734375,T4,310,1.0,0.0
16,2,18.462,1229.5927734375,T4,310,1.0,0.0
16,2,18.49,1232.0166015625,T4,310,1.0,0.0
16,2,18.49,1232.0166015625,T4,310,1.0,0.0
16,2,18.518,1234.4130859375,T4,310,1.0,0.0
16,2,18.518,1234.4130859375,T4,310,1.0,0.0
16,2,18.546,1236.7978515625,T4,310,1.0,0.0
16,2,18.546,1236.7978515625,T4,310,1.0,0.0
16,2,18.573,1239.25,T4,310,1.0,0.0
16,2,18.573,1239.25,T4,310,1.0,0.0
16,2,18.602,1241.71484375,T4,310,1.0,0.0
16,2,18.602,1241.71484375,T4,310,1.0,0.0
16,2,18.63,1244.2197265625,T4,310,1.0,0.0
16,2,18.63,1244.2197265625,T4,310,1.0,0.0
16,2,18.659,1246.701171875,T4,310,1.0,0.0
16,2,18.659,1246.701171875,T4,311,1.0,0.0
16,2,18.688,1249.18701171875,T4,311,1.0,0.0
16,2,18.688,1249.18701171875,T4,311,1.0,0.0
16,2,18.717,1251.7353515625,T4,311,1.0,0.0
16,2,18.717,1251.7353515625,T4,311,1.0,0.0
16,2,18.746,1254.27392578125,T4,311,1.0,0.0
16,2,18.746,1254.27392578125,T4,311,1.0,0.0
16,2,18.776,1256.7900390625,T4,311,1.0,0.0
16,2,18.776,1256.7900390625,T4,311,1.0,0.0
16,2,18.805,1259.27490234375,T4,311,1.0,0.0
16,2,18.805,1259.27490234375,T4,311,1.0,0.0
16,2,18.834,1261.73388671875,T4,311,1.0,0.0
16,2,18.834,1261.73388671875,T4,311,1.0,0.0
16,2,18.862,1264.1875,T4,311,1.0,0.0
16,2,18.862,1264.1875,T4,311,1.0,0.0
16,2,18.89,1266.646484375,T4,311,1.0,0.0
16,2,18.89,1266.646484375,T4,311,1.0,0.0
16,2,18.919,1269.04345703125,T4,311,1.0,0.0
16,2,18.919,1269.04345703125,T4,311,1.0,0.0
16,2,18.946,1271.44091796875,T4,311,1.0,0.0
16,2,18.946,1271.44091796875,T4,311,1.0,0.0
16,2,18.974,1273.84130859375,T4,311,1.0,0.0
16,2,18.974,1273.84130859375,T4,312,1.0,0.0
16,2,19.002,1276.23974609375,T4,312,1.0,0.0
16,2,19.002,1276.23974609375,T4,312,1.0,0.0
16,2,19.029,1278.587890625,T4,312,1.0,0.0
16,2,19.029,1278.587890625,T4,312,1.0,0.0
16,2,19.056,1280.966796875,T4,312,1.0,0.0
16,2,19.056,1280.966796875,T4,312,1.0,0.0
16,2,19.084,1283.36328125,T4,312,1.0,0.0
16,2,19.084,1283.36328125,T4,312,1.0,0.0
16,2,19.111,1285.73681640625,T4,312,1.0,0.0
16,2,19.111,1285.73681640625,T4,312,1.0,0.0
16,2,19.139,1288.109375,T4,312,1.0,0.0
16,2,19.139,1288.109375,T4,312,1.0,0.0
16,2,19.166,1290.48046875,T4,312,1.0,0.0
16,2,19.166,1290.48046875,T4,312,1.0,0.0
16,2,19.193,1292.876953125,T4,312,1.0,0.0
16,2,19.193,1292.876953125,T4,312,1.0,0.0
16,2,19.221,1295.26708984375,T4,312,1.0,0.0
16,2,19.221,1295.26708984375,T4,312,1.0,0.0
16,2,19.249,1297.6259765625,T4,312,1.0,0.0
16,2,19.249,1297.6259765625,T4,312,1.0,0.0
16,2,19.276,1299.9658203125,T4,312,1.0,0.0
16,2,19.276,1299.9658203125,T4,312,1.0,0.0
16,2,19.303,1302.34521484375,T4,312,1.0,0.0
16,2,19.303,1302.34521484375,T4,313,1.0,0.0
16,2,19.33,1304.7763671875,T4,313,1.0,0.0
16,2,19.33,1304.7763671875,T4,312,0.0,0.8135393857955933
16,2,19.358,1307.14453125,T4,312,0.0,0.8135393857955933
16,2,19.358,1307.14453125,T4,309,0.0,0.8306476473808289
16,2,19.386,1309.47265625,T4,309,0.0,0.8306476473808289
16,2,19.386,1309.47265625,T4,305,0.0,0.8315930366516113
16,2,19.413,1311.80859375,T4,305,0.0,0.8315930366516113
16,2,19.413,1311.80859375,T4,302,0.0,0.8289494514465332
16,2,19.441,1314.12646484375,T4,302,0.0,0.8289494514465332
16,2,19.441,1314.12646484375,T4,298,0.0,0.8263698220252991
16,2,19.468,1316.4169921875,T4,298,0.0,0.8263698220252991
16,2,19.468,1316.4169921875,T4,295,0.0,0.824683427810669
16,2,19.496,1318.6484375,T4,295,0.0,0.824683427810669
16,2,19.496,1318.6484375,T4,292,0.0,0.8234183192253113
16,2,19.523,1320.82421875,T4,292,0.0,0.8234183192253113
16,2,19.523,1320.82421875,T4,289,0.0,0.8261939883232117
16,2,19.55,1322.96044921875,T4,289,0.0,0.8261939883232117
16,2,19.55,1322.96044921875,T4,286,0.0,0.8285635709762573
16,2,19.577,1325.07568359375,T4,286,0.0,0.8285635709762573
16,2,19.577,1325.07568359375,T4,282,0.0,0.8308523893356323
16,2,19.604,1327.15087890625,T4,282,0.0,0.8308523893356323
16,2,19.604,1327.15087890625,T4,279,0.0,0.8321243524551392
16,2,19.631,1329.1884765625,T4,279,0.0,0.8321243524551392
16,2,19.631,1329.1884765625,T4,276,0.0,0.8328849673271179
16,2,19.657,1331.1962890625,T4,276,0.0,0.8328849673271179
16,2,19.657,1331.1962890625,T4,273,0.0,0.8343597650527954
16,2,19.683,1333.1767578125,T4,273,0.0,0.8343597650527954
16,2,19.683,1333.1767578125,T4,270,0.0,0.8417525887489319
16,2,19.71,1335.1103515625,T4,270,0.0,0.8417525887489319
16,2,19.71,1335.1103515625,T4,267,0.0,0.8435248136520386
16,2,19.735,1337.068359375,T4,267,0.0,0.8435248136520386
16,2,19.735,1337.068359375,T4,264,0.0,0.8471440076828003
16,2,19.762,1338.9580078125,T4,264,0.0,0.8471440076828003
16,2,19.762,1338.9580078125,T4,261,0.0,0.8497491478919983
16,2,19.788,1340.828125,T4,261,0.0,0.8497491478919983
16,2,19.788,1340.828125,T4,258,0.0,0.8522771596908569
16,2,19.814,1342.6982421875,T4,258,0.0,0.8522771596908569
16,2,19.814,1342.6982421875,T4,255,0.0,0.8531616926193237
16,2,19.84,1344.5244140625,T4,255,0.0,0.8531616926193237
16,2,19.84,1344.5244140625,T4,252,0.0,0.8562341332435608
16,2,19.866,1346.33935546875,T4,252,0.0,0.8562341332435608
16,2,19.866,1346.33935546875,T4,249,0.0,0.8603666424751282
16,2,19.892,1348.14306640625,T4,249,0.0,0.8603666424751282
16,2,19.892,1348.14306640625,T4,245,0.0,0.8644004464149475
16,2,19.918,1349.88720703125,T4,245,0.0,0.8644004464149475
16,2,19.918,1349.88720703125,T4,242,0.0,0.8666300773620605
16,2,19.944,1351.6552734375,T4,242,0.0,0.8666300773620605
16,2,19.944,1351.6552734375,T4,239,0.0,0.8671168088912964
16,2,19.97,1353.380859375,T4,239,0.0,0.8671168088912964
16,2,19.97,1353.380859375,T4,236,0.0,0.8712555766105652
16,2,19.997,1355.064453125,T4,236,0.0,0.8712555766105652
16,2,19.997,1355.064453125,T4,233,0.0,0.8900839686393738
16,2,20.022,1356.7412109375,T4,233,0.0,0.8900839686393738
16,2,20.022,1356.7412109375,T4,230,0.0,0.8933789134025574
16,2,20.048,1358.39111328125,T4,230,0.0,0.8933789134025574
16,2,20.048,1358.39111328125,T4,227,0.0,0.9036323428153992
16,2,20.074,1360.01416015625,T4,227,0.0,0.9036323428153992
16,2,20.074,1360.01416015625,T4,224,0.0,0.919077455997467
16,2,20.1,1361.63818359375,T4,224,0.0,0.919077455997467
16,2,20.1,1361.63818359375,T4,221,0.0,0.9540901184082031
16,2,20.126,1363.22265625,T4,221,0.0,0.9540901184082031
16,2,20.126,1363.22265625,T4,218,0.0,0.662463366985321
16,2,20.152,1364.8017578125,T4,218,0.0,0.662463366985321
16,2,20.152,1364.8017578125,T4,215,0.0,0.6574074625968933
16,2,20.179,1366.3701171875,T4,215,0.0,0.6574074625968933
16,2,20.179,1366.3701171875,T4,213,0.0,0.6646122336387634
16,2,20.205,1367.9189453125,T4,213,0.0,0.6646122336387634
16,2,20.205,1367.9189453125,T4,211,0.0,0.6746518015861511
16,2,20.231,1369.4599609375,T4,211,0.0,0.6746518015861511
16,2,20.231,1369.4599609375,T4,208,0.0,0.667332112789154
16,2,20.258,1370.9736328125,T4,208,0.0,0.667332112789154
16,2,20.258,1370.9736328125,T4,206,0.0,0.6450483798980713
16,2,20.284,1372.47998046875,T4,206,0.0,0.6450483798980713
16,2,20.284,1372.47998046875,T4,204,0.0,0.6064577698707581
16,2,20.31,1373.9599609375,T4,204,0.0,0.6064577698707581
16,2,20.31,1373.9599609375,T4,201,0.0,0.592572808265686
16,2,20.337,1375.46630859375,T4,201,0.0,0.592572808265686
16,2,20.337,1375.46630859375,T4,199,0.0,0.5816763639450073
16,2,20.364,1376.93603515625,T4,199,0.0,0.5816763639450073
16,2,20.364,1376.93603515625,T4,197,0.0,0.5709598064422607
16,2,20.391,1378.39697265625,T4,197,0.0,0.5709598064422607
16,2,20.391,1378.39697265625,T4,194,0.0,0.562766969203949
16,2,20.417,1379.81494140625,T4,194,0.0,0.562766969203949
16,2,20.417,1379.81494140625,T4,192,0.0,0.5587108731269836
16,2,20.444,1381.23046875,T4,192,0.0,0.5587108731269836
16,2,20.444,1381.23046875,T4,190,0.0,0.5537277460098267
16,2,20.471,1382.59716796875,T4,190,0.0,0.5537277460098267
16,2,20.471,1382.59716796875,T4,188,0.0,0.5463637709617615
16,2,20.497,1383.95556640625,T4,188,0.0,0.5463637709617615
16,2,20.497,1383.95556640625,T4,186,0.0,0.5363693237304688
16,2,20.523,1385.2578125,T4,186,0.0,0.5363693237304688
16,2,20.523,1385.2578125,T4,184,0.0,0.532045841217041
16,2,20.548,1386.55517578125,T4,184,0.0,0.532045841217041
16,2,20.548,1386.55517578125,T4,182,0.0,0.5282594561576843
16,2,20.574,1387.83056640625,T4,182,0.0,0.5282594561576843
16,2,20.574,1387.83056640625,T4,181,0.0,0.524386465549469
16,2,20.6,1389.111328125,T5,181,0.0,0.524386465549469
16,2,20.6,1389.111328125,T5,179,0.0,0.5191753506660461
16,2,20.626,1390.36767578125,T5,179,0.0,0.5191753506660461
16,2,20.626,1390.36767578125,T5,177,0.0,0.5140467882156372
16,2,20.652,1391.6123046875,T5,177,0.0,0.5140467882156372
16,2,20.652,1391.6123046875,T5,175,0.0,0.5089014768600464
16,2,20.678,1392.83056640625,T5,175,0.0,0.5089014768600464
16,2,20.678,1392.83056640625,T5,173,0.0,0.5037229657173157
16,2,20.703,1394.03759765625,T5,173,0.0,0.5037229657173157
16,2,20.703,1394.03759765625,T5,171,0.0,0.498627632856369
16,2,20.729,1395.220703125,T5,171,0.0,0.498627632856369
16,2,20.729,1395.220703125,T5,170,0.0,0.3789549767971039
16,2,20.755,1396.39208984375,T5,170,0.0,0.3789549767971039
16,2,20.755,1396.39208984375,T5,168,0.0,0.34898483753204346
16,2,20.78,1397.5986328125,T5,168,0.0,0.34898483753204346
16,2,20.78,1397.5986328125,T5,166,0.0,0.3518102169036865
16,2,20.807,1398.7177734375,T5,166,0.0,0.3518102169036865
16,2,20.807,1398.7177734375,T5,165,0.0,0.34923458099365234
16,2,20.833,1399.8251953125,T5,165,0.0,0.34923458099365234
16,2,20.833,1399.8251953125,T5,163,0.0,0.3466060161590576
16,2,20.858,1400.9423828125,T5,163,0.0,0.3466060161590576
16,2,20.858,1400.9423828125,T5,162,0.0,0.2417762279510498
16,2,20.883,1402.05615234375,T5,162,0.0,0.2417762279510498
16,2,20.883,1402.05615234375,T5,160,0.0,0.24586988985538483
16,2,20.909,1403.1796875,T5,160,0.0,0.24586988985538483
16,2,20.909,1403.1796875,T5,159,0.0,0.17608679831027985
16,2,20.934,1404.2900390625,T5,159,0.0,0.17608679831027985
16,2,20.934,1404.2900390625,T5,157,0.0,0.06466861814260483
16,2,20.96,1405.349609375,T5,157,0.0,0.06466861814260483
16,2,20.96,1405.349609375,T5,156,0.0,0.07181156426668167
16,2,20.984,1406.474609375,T5,156,0.0,0.07181156426668167
16,2,20.984,1406.474609375,T5,155,0.0,0.00462971068918705
16,2,21.01,1407.62890625,T5,155,0.0,0.00462971068918705
16,2,21.01,1407.62890625,T5,154,0.0,0.0010273642838001251
16,2,21.036,1408.7861328125,T5,154,0.0,0.0010273642838001251
16,2,21.036,1408.7861328125,T5,154,0.004738509654998779,0.0
16,2,21.063,1409.9443359375,T5,154,0.004738509654998779,0.0
16,2,21.063,1409.9443359375,T5,153,0.2657057046890259,0.0
16,2,21.089,1411.13427734375,T5,153,0.2657057046890259,0.0
16,2,21.089,1411.13427734375,T5,153,0.27971577644348145,0.0
16,2,21.116,1412.33154296875,T5,153,0.27971577644348145,0.0
16,2,21.116,1412.33154296875,T5,152,0.29546570777893066,0.0
16,2,21.143,1413.53515625,T5,152,0.29546570777893066,0.0
16,2,21.143,1413.53515625,T5,152,0.3121327757835388,0.0
16,2,21.169,1414.7646484375,T5,152,0.3121327757835388,0.0
16,2,21.169,1414.7646484375,T5,152,0.329617977142334,0.0
16,2,21.195,1415.9873046875,T5,152,0.329617977142334,0.0
16,2,21.195,1415.9873046875,T5,152,0.347705602645874,0.0
16,2,21.222,1417.2216796875,T5,152,0.347705602645874,0.0
16,2,21.222,1417.2216796875,T5,152,0.3661808967590332,0.0
16,2,21.248,1418.458984375,T5,152,0.3661808967590332,0.0
16,2,21.248,1418.458984375,T5,152,0.38493049144744873,0.0
16,2,21.274,1419.6904296875,T5,152,0.38493049144744873,0.0
16,2,21.274,1419.6904296875,T5,152,0.4036674499511719,0.0
16,2,21.301,1420.9052734375,T5,152,0.4036674499511719,0.0
16,2,21.301,1420.9052734375,T5,152,0.41331005096435547,0.0
16,2,21.326,1422.142578125,T5,152,0.41331005096435547,0.0
16,2,21.326,1422.142578125,T5,152,0.42429137229919434,0.0
16,2,21.353,1423.35986328125,T5,152,0.42429137229919434,0.0
16,2,21.353,1423.35986328125,T5,152,0.44374406337738037,0.0
16,2,21.378,1424.58740234375,T5,152,0.44374406337738037,0.0
16,2,21.378,1424.58740234375,T5,152,0.4611040949821472,0.0
16,2,21.404,1425.8359375,T5,152,0.4611040949821472,0.0
16,2,21.404,1425.8359375,T5,152,0.46937263011932373,0.0
16,2,21.429,1427.0810546875,T5,152,0.46937263011932373,0.0
16,2,21.429,1427.0810546875,T5,152,0.4834868907928467,0.0
16,2,21.455,1428.33447265625,T5,152,0.4834868907928467,0.0
16,2,21.455,1428.33447265625,T5,152,0.4989153742790222,0.0
16,2,21.48,1429.61279296875,T5,152,0.4989153742790222,0.0
16,2,21.48,1429.61279296875,T5,152,0.5135971903800964,0.0
16,2,21.506,1430.896484375,T5,152,0.5135971903800964,0.0
16,2,21.506,1430.896484375,T5,152,0.5272955894470215,0.0
16,2,21.532,1432.19091796875,T5,152,0.5272955894470215,0.0
16,2,21.532,1432.19091796875,T5,153,0.5400863885879517,0.0
16,2,21.557,1433.470703125,T5,153,0.5400863885879517,0.0
16,2,21.557,1433.470703125,T5,153,0.5523921251296997,0.0
16,2,21.584,1434.72314453125,T5,153,0.5523921251296997,0.0
16,2,21.584,1434.72314453125,T5,153,0.5636136531829834,0.0
16,2,21.61,1435.9931640625,T5,153,0.5636136531829834,0.0
16,2,21.61,1435.9931640625,T5,153,0.5739790797233582,0.0
16,2,21.636,1437.2490234375,T5,153,0.5739790797233582,0.0
16,2,21.636,1437.2490234375,T5,153,0.5832006931304932,0.0
16,2,21.662,1438.5380859375,T5,153,0.5832006931304932,0.0
16,2,21.662,1438.5380859375,T5,153,0.45424890518188477,0.0
16,2,21.688,1439.8271484375,T5,153,0.45424890518188477,0.0
16,2,21.688,1439.8271484375,T5,153,0.37966668605804443,0.0
16,2,21.715,1441.1220703125,T5,153,0.37966668605804443,0.0
16,2,21.715,1441.1220703125,T5,153,0.4667406678199768,0.0
16,2,21.742,1442.41748046875,T5,153,0.4667406678199768,0.0
16,2,21.742,1442.41748046875,T5,153,0.4102340340614319,0.0
16,2,21.769,1443.69287109375,T5,153,0.4102340340614319,0.0
16,2,21.769,1443.69287109375,T5,153,0.6215448379516602,0.0
16,2,21.795,1444.9912109375,T5,153,0.6215448379516602,0.0
16,2,21.795,1444.9912109375,T5,153,0.633366584777832,0.0
16,2,21.822,1446.2841796875,T5,153,0.633366584777832,0.0
16,2,21.822,1446.2841796875,T5,154,0.6457589864730835,0.0
16,2,21.848,1447.56787109375,T5,154,0.6457589864730835,0.0
16,2,21.848,1447.56787109375,T5,154,0.6576266288757324,0.0
16,2,21.875,1448.9619140625,T5,154,0.6576266288757324,0.0
16,2,21.875,1448.9619140625,T5,154,0.669485330581665,0.0
16,2,21.902,1450.34375,T5,154,0.669485330581665,0.0
16,2,21.902,1450.34375,T5,154,0.6810363531112671,0.0
16,2,21.928,1451.71484375,T5,154,0.6810363531112671,0.0
16,2,21.928,1451.71484375,T5,155,0.6919742822647095,0.0
16,2,21.954,1453.0908203125,T5,155,0.6919742822647095,0.0
16,2,21.954,1453.0908203125,T5,155,0.7023090124130249,0.0
16,2,21.981,1454.4052734375,T5,155,0.7023090124130249,0.0
16,2,21.981,1454.4052734375,T5,156,0.0,0.0
16,2,22.007,1455.71728515625,T5,156,0.0,0.0
16,2,22.007,1455.71728515625,T5,155,0.11070013046264648,0.0
16,2,22.033,1457.0166015625,T5,155,0.11070013046264648,0.0
16,2,22.033,1457.0166015625,T5,155,0.7205450534820557,0.0
16,2,22.059,1458.314453125,T5,155,0.7205450534820557,0.0
16,2,22.059,1458.314453125,T5,156,0.7302114963531494,0.0
16,2,22.085,1459.59375,T5,156,0.7302114963531494,0.0
16,2,22.085,1459.59375,T5,156,0.7480988502502441,0.0
16,2,22.111,1460.85400390625,T5,156,0.7480988502502441,0.0
16,2,22.111,1460.85400390625,T5,157,0.7629872560501099,0.0
16,2,22.136,1462.1328125,T5,157,0.7629872560501099,0.0
16,2,22.136,1462.1328125,T5,157,0.7764773368835449,0.0
16,2,22.162,1463.45166015625,T5,157,0.7764773368835449,0.0
16,2,22.162,1463.45166015625,T5,158,0.788602352142334,0.0
16,2,22.189,1464.76025390625,T5,158,0.788602352142334,0.0
16,2,22.189,1464.76025390625,T5,158,0.7995490431785583,0.0
16,2,22.216,1466.06689453125,T5,158,0.7995490431785583,0.0
16,2,22.216,1466.06689453125,T5,159,0.7667735815048218,0.0
16,2,22.243,1467.34375,T5,159,0.7667735815048218,0.0
16,2,22.243,1467.34375,T5,159,0.6338382363319397,0.0
16,2,22.269,1468.6259765625,T5,159,0.6338382363319397,0.0
16,2,22.269,1468.6259765625,T5,160,0.8273955583572388,0.0
16,2,22.296,1469.90234375,T5,160,0.8273955583572388,0.0
16,2,22.296,1469.90234375,T5,160,0.8427135944366455,0.0
16,2,22.323,1471.169921875,T5,160,0.8427135944366455,0.0
16,2,22.323,1471.169921875,T5,161,0.8599073886871338,0.0
16,2,22.35,1472.43212890625,T5,161,0.8599073886871338,0.0
16,2,22.35,1472.43212890625,T5,162,0.8783894777297974,0.0
16,2,22.377,1473.69091796875,T5,162,0.8783894777297974,0.0
16,2,22.377,1473.69091796875,T5,163,0.8977983593940735,0.0
16,2,22.404,1474.9375,T5,163,0.8977983593940735,0.0
16,2,22.404,1474.9375,T5,164,0.917593240737915,0.0
16,2,22.43,1476.1689453125,T5,164,0.917593240737915,0.0
16,2,22.43,1476.1689453125,T5,164,0.9371613264083862,0.0
16,2,22.457,1477.40380859375,T5,164,0.9371613264083862,0.0
16,2,22.457,1477.40380859375,T5,166,0.9560977220535278,0.0
16,2,22.484,1478.6328125,T5,166,0.9560977220535278,0.0
16,2,22.484,1478.6328125,T5,167,0.9739910364151001,0.0
16,2,22.51,1479.8623046875,T5,167,0.9739910364151001,0.0
16,2,22.51,1479.8623046875,T5,168,0.9933608770370483,0.0
16,2,22.536,1481.06103515625,T5,168,0.9933608770370483,0.0
16,2,22.536,1481.06103515625,T5,169,1.0,0.0
16,2,22.562,1482.25634765625,T5,169,1.0,0.0
16,2,22.562,1482.25634765625,T5,170,1.0,0.0
16,2,22.588,1483.455078125,T5,170,1.0,0.0
16,2,22.588,1483.455078125,T5,171,1.0,0.0
16,2,22.614,1484.6591796875,T5,171,1.0,0.0
16,2,22.614,1484.6591796875,T5,172,1.0,0.0
16,2,22.639,1485.89208984375,T5,172,1.0,0.0
16,2,22.639,1485.89208984375,T5,174,1.0,0.0
16,2,22.665,1487.0966796875,T5,174,1.0,0.0
16,2,22.665,1487.0966796875,T5,175,1.0,0.0
16,2,22.691,1488.3056640625,T5,175,1.0,0.0
16,2,22.691,1488.3056640625,T5,176,1.0,0.0
16,2,22.716,1489.53564453125,T5,176,1.0,0.0
16,2,22.716,1489.53564453125,T5,177,1.0,0.0
16,2,22.741,1490.78857421875,T5,177,1.0,0.0
16,2,22.741,1490.78857421875,T5,178,1.0,0.0
16,2,22.767,1492.0478515625,T5,178,1.0,0.0
16,2,22.767,1492.0478515625,T5,179,1.0,0.0
16,2,22.793,1493.3212890625,T5,179,1.0,0.0
16,2,22.793,1493.3212890625,T5,180,1.0,0.0
16,2,22.819,1494.57275390625,T5,180,1.0,0.0
16,2,22.819,1494.57275390625,T5,181,1.0,0.0
16,2,22.844,1495.86083984375,T5,181,1.0,0.0
16,2,22.844,1495.86083984375,T5,182,1.0,0.0
16,2,22.87,1497.177734375,T5,182,1.0,0.0
16,2,22.87,1497.177734375,T5,183,1.0,0.0
16,2,22.896,1498.47998046875,T5,183,1.0,0.0
16,2,22.896,1498.47998046875,T5,184,1.0,0.0
16,2,22.922,1499.7900390625,T5,184,1.0,0.0
16,2,22.922,1499.7900390625,T5,184,1.0,0.0
16,2,22.948,1501.09619140625,T5,184,1.0,0.0
16,2,22.948,1501.09619140625,T5,185,1.0,0.0
16,2,22.973,1502.4140625,T5,185,1.0,0.0
16,2,22.973,1502.4140625,T5,186,1.0,0.0
16,2,22.999,1503.7412109375,T5,186,1.0,0.0
16,2,22.999,1503.7412109375,T5,187,1.0,0.0
16,2,23.025,1505.08447265625,T5,187,1.0,0.0
16,2,23.025,1505.08447265625,T5,187,1.0,0.0
16,2,23.05,1506.412109375,T5,187,1.0,0.0
16,2,23.05,1506.412109375,T5,188,1.0,0.0
16,2,23.076,1507.78173828125,T5,188,1.0,0.0
16,2,23.076,1507.78173828125,T5,189,1.0,0.0
16,2,23.102,1509.1513671875,T5,189,1.0,0.0
16,2,23.102,1509.1513671875,T5,189,1.0,0.0
16,2,23.128,1510.5546875,T5,189,1.0,0.0
16,2,23.128,1510.5546875,T5,189,1.0,0.0
16,2,23.155,1511.95947265625,T5,189,1.0,0.0
16,2,23.155,1511.95947265625,T5,189,1.0,0.0
16,2,23.182,1513.3623046875,T5,189,1.0,0.0
16,2,23.182,1513.3623046875,T5,190,1.0,0.0
16,2,23.208,1514.77099609375,T5,190,1.0,0.0
16,2,23.208,1514.77099609375,T5,190,1.0,0.0
16,2,23.235,1516.203125,T5,190,1.0,0.0
16,2,23.235,1516.203125,T5,191,1.0,0.0
16,2,23.262,1517.60302734375,T5,191,1.0,0.0
16,2,23.262,1517.60302734375,T5,192,1.0,0.0
16,2,23.289,1519.01953125,T5,192,1.0,0.0
16,2,23.289,1519.01953125,T5,193,1.0,0.0
16,2,23.316,1520.412109375,T5,193,1.0,0.0
16,2,23.316,1520.412109375,T5,194,1.0,0.0
16,2,23.342,1521.8115234375,T5,194,1.0,0.0
16,2,23.342,1521.8115234375,T5,195,1.0,0.0
16,2,23.368,1523.23095703125,T5,195,1.0,0.0
16,2,23.368,1523.23095703125,T5,196,1.0,0.0
16,2,23.395,1524.640625,T5,196,1.0,0.0
16,2,23.395,1524.640625,T5,197,1.0,0.0
16,2,23.421,1526.0322265625,T5,197,1.0,0.0
16,2,23.421,1526.0322265625,T5,198,1.0,0.0
16,2,23.446,1527.443359375,T5,198,1.0,0.0
16,2,23.446,1527.443359375,T5,199,1.0,0.0
16,2,23.472,1528.837890625,T5,199,1.0,0.0
16,2,23.472,1528.837890625,T5,199,1.0,0.0
16,2,23.498,1530.25146484375,T5,199,1.0,0.0
16,2,23.498,1530.25146484375,T5,200,1.0,0.0
16,2,23.524,1531.6669921875,T5,200,1.0,0.0
16,2,23.524,1531.6669921875,T5,201,1.0,0.0
16,2,23.549,1533.0732421875,T5,201,1.0,0.0
16,2,23.549,1533.0732421875,T5,202,1.0,0.0
16,2,23.574,1534.5185546875,T5,202,1.0,0.0
16,2,23.574,1534.5185546875,T5,203,1.0,0.0
16,2,23.6,1535.9677734375,T5,203,1.0,0.0
16,2,23.6,1535.9677734375,T5,204,1.0,0.0
16,2,23.626,1537.4111328125,T5,204,1.0,0.0
16,2,23.626,1537.4111328125,T5,205,1.0,0.0
16,2,23.652,1538.884765625,T5,205,1.0,0.0
16,2,23.652,1538.884765625,T5,206,1.0,0.0
16,2,23.678,1540.3515625,T5,206,1.0,0.0
16,2,23.678,1540.3515625,T5,207,1.0,0.0
16,2,23.704,1541.8369140625,T5,207,1.0,0.0
16,2,23.704,1541.8369140625,T5,208,1.0,0.0
16,2,23.73,1543.35498046875,T5,208,1.0,0.0
16,2,23.73,1543.35498046875,T5,208,1.0,0.0
16,2,23.756,1544.84619140625,T5,208,1.0,0.0
16,2,23.756,1544.84619140625,T5,209,1.0,0.0
16,2,23.782,1546.341796875,T6,209,1.0,0.0
16,2,23.782,1546.341796875,T6,210,1.0,0.0
16,2,23.808,1547.8720703125,T6,210,1.0,0.0
16,2,23.808,1547.8720703125,T6,211,1.0,0.0
16,2,23.834,1549.39208984375,T6,211,1.0,0.0
16,2,23.834,1549.39208984375,T6,211,1.0,0.0
16,2,23.861,1550.96875,T6,211,1.0,0.0
16,2,23.861,1550.96875,T6,212,1.0,0.0
16,2,23.888,1552.56005859375,T6,212,1.0,0.0
16,2,23.888,1552.56005859375,T6,213,1.0,0.0
16,2,23.915,1554.146484375,T6,213,1.0,0.0
16,2,23.915,1554.146484375,T6,214,1.0,0.0
16,2,23.942,1555.78125,T6,214,1.0,0.0
16,2,23.942,1555.78125,T6,214,1.0,0.0
16,2,23.97,1557.4365234375,T6,214,1.0,0.0
16,2,23.97,1557.4365234375,T6,215,1.0,0.0
16,2,23.998,1559.119140625,T6,215,1.0,0.0
16,2,23.998,1559.119140625,T6,216,1.0,0.0
16,2,24.026,1560.8134765625,T6,216,1.0,0.0
16,2,24.026,1560.8134765625,T6,217,1.0,0.0
16,2,24.055,1562.4921875,T6,217,1.0,0.0
16,2,24.055,1562.4921875,T6,218,1.0,0.0
16,2,24.083,1564.17138671875,T6,218,1.0,0.0
16,2,24.083,1564.17138671875,T6,219,1.0,0.0
16,2,24.111,1565.8642578125,T6,219,1.0,0.0
16,2,24.111,1565.8642578125,T6,219,1.0,0.0
16,2,24.139,1567.5185546875,T6,219,1.0,0.0
16,2,24.139,1567.5185546875,T6,220,1.0,0.0
16,2,24.166,1569.18212890625,T6,220,1.0,0.0
16,2,24.166,1569.18212890625,T6,221,1.0,0.0
16,2,24.193,1570.81640625,T6,221,1.0,0.0
16,2,24.193,1570.81640625,T6,221,1.0,0.0
16,2,24.22,1572.4580078125,T6,221,1.0,0.0
16,2,24.22,1572.4580078125,T6,222,1.0,0.0
16,2,24.247,1574.0986328125,T6,222,1.0,0.0
16,2,24.247,1574.0986328125,T6,222,1.0,0.0
16,2,24.274,1575.703125,T6,222,1.0,0.0
16,2,24.274,1575.703125,T6,223,1.0,0.0
16,2,24.3,1577.3017578125,T6,223,1.0,0.0
16,2,24.3,1577.3017578125,T6,223,1.0,0.0
16,2,24.325,1578.9091796875,T6,223,1.0,0.0
16,2,24.325,1578.9091796875,T6,224,1.0,0.0
16,2,24.351,1580.515625,T6,224,1.0,0.0
16,2,24.351,1580.515625,T6,224,1.0,0.0
16,2,24.377,1582.130859375,T6,224,1.0,0.0
16,2,24.377,1582.130859375,T6,224,1.0,0.0
16,2,24.403,1583.74169921875,T6,224,1.0,0.0
16,2,24.403,1583.74169921875,T6,225,1.0,0.0
16,2,24.429,1585.353515625,T6,225,1.0,0.0
16,2,24.429,1585.353515625,T6,225,1.0,0.0
16,2,24.454,1586.978515625,T6,225,1.0,0.0
16,2,24.454,1586.978515625,T6,225,1.0,0.0
16,2,24.48,1588.59375,T6,225,1.0,0.0
16,2,24.48,1588.59375,T6,225,1.0,0.0
16,2,24.506,1590.236328125,T6,225,1.0,0.0
16,2,24.506,1590.236328125,T6,226,1.0,0.0
16,2,24.532,1591.89013671875,T6,226,1.0,0.0
16,2,24.532,1591.89013671875,T6,226,1.0,0.0
16,2,24.558,1593.55029296875,T6,226,1.0,0.0
16,2,24.558,1593.55029296875,T6,227,1.0,0.0
16,2,24.583,1595.23291015625,T6,227,1.0,0.0
16,2,24.583,1595.23291015625,T6,227,1.0,0.0
16,2,24.61,1596.93603515625,T6,227,1.0,0.0
16,2,24.61,1596.93603515625,T6,228,1.0,0.0
16,2,24.636,1598.6572265625,T6,228,1.0,0.0
16,2,24.636,1598.6572265625,T6,229,1.0,0.0
16,2,24.663,1600.3935546875,T6,229,1.0,0.0
16,2,24.663,1600.3935546875,T6,229,1.0,0.0
16,2,24.689,1602.12744140625,T6,229,1.0,0.0
16,2,24.689,1602.12744140625,T6,230,1.0,0.0
16,2,24.716,1603.89990234375,T6,230,1.0,0.0
16,2,24.716,1603.89990234375,T6,231,1.0,0.0
16,2,24.743,1605.64453125,T6,231,1.0,0.0
16,2,24.743,1605.64453125,T6,231,1.0,0.0
16,2,24.769,1607.3603515625,T6,231,1.0,0.0
16,2,24.769,1607.3603515625,T6,232,1.0,0.0
16,2,24.795,1609.08251953125,T6,232,1.0,0.0
16,2,24.795,1609.08251953125,T6,233,1.0,0.0
16,2,24.821,1610.7919921875,T6,233,1.0,0.0
16,2,24.821,1610.7919921875,T6,233,1.0,0.0
16,2,24.847,1612.5234375,T6,233,1.0,0.0
16,2,24.847,1612.5234375,T6,234,1.0,0.0
16,2,24.873,1614.2353515625,T6,234,1.0,0.0
16,2,24.873,1614.2353515625,T6,234,1.0,0.0
16,2,24.898,1615.9150390625,T6,234,1.0,0.0
16,2,24.898,1615.9150390625,T6,235,1.0,0.0
16,2,24.923,1617.61669921875,T6,235,1.0,0.0
16,2,24.923,1617.61669921875,T6,235,1.0,0.0
16,2,24.948,1619.328125,T6,235,1.0,0.0
16,2,24.948,1619.328125,T6,236,1.0,0.0
16,2,24.974,1621.015625,T6,236,1.0,0.0
16,2,24.974,1621.015625,T6,236,1.0,0.0
16,2,24.999,1622.72314453125,T6,236,1.0,0.0
16,2,24.999,1622.72314453125,T6,236,1.0,0.0
16,2,25.024,1624.3955078125,T6,236,1.0,0.0
16,2,25.024,1624.3955078125,T6,237,1.0,0.0
16,2,25.049,1626.09423828125,T6,237,1.0,0.0
16,2,25.049,1626.09423828125,T6,237,1.0,0.0
16,2,25.074,1627.783203125,T6,237,1.0,0.0
16,2,25.074,1627.783203125,T6,237,1.0,0.0
16,2,25.099,1629.4716796875,T6,237,1.0,0.0
16,2,25.099,1629.4716796875,T6,237,1.0,0.0
16,2,25.124,1631.1640625,T6,237,1.0,0.0
16,2,25.124,1631.1640625,T6,238,1.0,0.0
16,2,25.148,1632.875,T6,238,1.0,0.0
16,2,25.148,1632.875,T6,238,1.0,0.0
16,2,25.173,1634.6015625,T6,238,1.0,0.0
16,2,25.173,1634.6015625,T6,238,1.0,0.0
16,2,25.198,1636.32763671875,T6,238,1.0,0.0
16,2,25.198,1636.32763671875,T6,238,1.0,0.0
16,2,25.224,1638.0478515625,T6,238,1.0,0.0
16,2,25.224,1638.0478515625,T6,238,1.0,0.0
16,2,25.249,1639.78125,T6,238,1.0,0.0
16,2,25.249,1639.78125,T6,238,1.0,0.0
16,2,25.274,1641.51171875,T6,238,1.0,0.0
16,2,25.274,1641.51171875,T6,238,1.0,0.0
16,2,25.299,1643.251953125,T6,238,1.0,0.0
16,2,25.299,1643.251953125,T6,238,1.0,0.0
16,2,25.325,1645.01513671875,T6,238,1.0,0.0
16,2,25.325,1645.01513671875,T6,238,1.0,0.0
16,2,25.35,1646.779296875,T6,238,1.0,0.0
16,2,25.35,1646.779296875,T6,239,1.0,0.0
16,2,25.376,1648.587890625,T6,239,1.0,0.0
16,2,25.376,1648.587890625,T6,239,1.0,0.0
16,2,25.402,1650.37841796875,T6,239,1.0,0.0
16,2,25.402,1650.37841796875,T6,239,1.0,0.0
16,2,25.429,1652.16748046875,T6,239,1.0,0.0
16,2,25.429,1652.16748046875,T6,239,1.0,0.0
16,2,25.455,1653.95068359375,T6,239,1.0,0.0
16,2,25.455,1653.95068359375,T6,240,1.0,0.0
16,2,25.481,1655.72900390625,T6,240,1.0,0.0
16,2,25.481,1655.72900390625,T6,240,1.0,0.0
16,2,25.508,1657.52001953125,T6,240,1.0,0.0
16,2,25.508,1657.52001953125,T6,241,1.0,0.0
16,2,25.535,1659.302734375,T6,241,1.0,0.0
16,2,25.535,1659.302734375,T6,241,1.0,0.0
16,2,25.561,1661.0732421875,T6,241,1.0,0.0
16,2,25.561,1661.0732421875,T6,242,1.0,0.0
16,2,25.587,1662.8701171875,T6,242,1.0,0.0
16,2,25.587,1662.8701171875,T6,242,1.0,0.0
16,2,25.614,1664.6630859375,T6,242,1.0,0.0
16,2,25.614,1664.6630859375,T6,243,1.0,0.0
16,2,25.641,1666.4462890625,T6,243,1.0,0.0
16,2,25.641,1666.4462890625,T6,243,1.0,0.0
16,2,25.667,1668.2607421875,T6,243,1.0,0.0
16,2,25.667,1668.2607421875,T6,244,1.0,0.0
16,2,25.693,1670.0546875,T6,244,1.0,0.0
16,2,25.693,1670.0546875,T6,244,1.0,0.0
16,2,25.72,1671.89501953125,T6,244,1.0,0.0
16,2,25.72,1671.89501953125,T6,245,1.0,0.0
16,2,25.746,1673.73388671875,T6,245,1.0,0.0
16,2,25.746,1673.73388671875,T6,245,1.0,0.0
16,2,25.773,1675.552734375,T6,245,1.0,0.0
16,2,25.773,1675.552734375,T6,245,1.0,0.0
16,2,25.799,1677.37158203125,T6,245,1.0,0.0
16,2,25.799,1677.37158203125,T6,246,1.0,0.0
16,2,25.825,1679.16455078125,T6,246,1.0,0.0
16,2,25.825,1679.16455078125,T6,246,1.0,0.0
16,2,25.851,1680.935546875,T6,246,1.0,0.0
16,2,25.851,1680.935546875,T6,247,1.0,0.0
16,2,25.876,1682.7294921875,T6,247,1.0,0.0
16,2,25.876,1682.7294921875,T6,247,1.0,0.0
16,2,25.902,1684.5068359375,T6,247,1.0,0.0
16,2,25.902,1684.5068359375,T6,248,1.0,0.0
16,2,25.928,1686.26513671875,T6,248,1.0,0.0
16,2,25.928,1686.26513671875,T6,248,1.0,0.0
16,2,25.953,1688.0205078125,T6,248,1.0,0.0
16,2,25.953,1688.0205078125,T6,249,1.0,0.0
16,2,25.979,1689.74755859375,T6,249,1.0,0.0
16,2,25.979,1689.74755859375,T6,249,1.0,0.0
16,2,26.004,1691.494140625,T6,249,1.0,0.0
16,2,26.004,1691.494140625,T6,250,1.0,0.0
16,2,26.03,1693.248046875,T6,250,1.0,0.0
16,2,26.03,1693.248046875,T6,250,1.0,0.0
16,2,26.055,1694.97314453125,T6,250,1.0,0.0
16,2,26.055,1694.97314453125,T6,251,1.0,0.0
16,2,26.08,1696.71337890625,T6,251,1.0,0.0
16,2,26.08,1696.71337890625,T6,251,1.0,0.0
16,2,26.105,1698.501953125,T6,251,1.0,0.0
16,2,26.105,1698.501953125,T6,251,1.0,0.0
16,2,26.131,1700.3095703125,T6,251,1.0,0.0
16,2,26.131,1700.3095703125,T6,252,1.0,0.0
16,2,26.157,1702.12646484375,T6,252,1.0,0.0
16,2,26.157,1702.12646484375,T6,252,1.0,0.0
16,2,26.183,1703.96337890625,T6,252,1.0,0.0
16,2,26.183,1703.96337890625,T6,253,1.0,0.0
16,2,26.209,1705.810546875,T6,253,1.0,0.0
16,2,26.209,1705.810546875,T6,253,1.0,0.0
16,2,26.235,1707.67529296875,T6,253,1.0,0.0
16,2,26.235,1707.67529296875,T6,254,1.0,0.0
16,2,26.262,1709.51806640625,T6,254,1.0,0.0
16,2,26.262,1709.51806640625,T6,254,1.0,0.0
16,2,26.288,1711.3525390625,T6,254,1.0,0.0
16,2,26.288,1711.3525390625,T6,254,1.0,0.0
16,2,26.314,1713.19873046875,T6,254,1.0,0.0
16,2,26.314,1713.19873046875,T6,255,1.0,0.0
16,2,26.34,1715.046875,T6,255,1.0,0.0
16,2,26.34,1715.046875,T6,255,1.0,0.0
16,2,26.366,1716.86181640625,T6,255,1.0,0.0
16,2,26.366,1716.86181640625,T6,255,1.0,0.0
16,2,26.392,1718.6748046875,T6,255,1.0,0.0
16,2,26.392,1718.6748046875,T6,256,1.0,0.0
16,2,26.417,1720.48046875,T6,256,1.0,0.0
16,2,26.417,1720.48046875,T6,256,1.0,0.0
16,2,26.443,1722.302734375,T6,256,1.0,0.0
16,2,26.443,1722.302734375,T6,256,1.0,0.0
16,2,26.469,1724.11474609375,T6,256,1.0,0.0
16,2,26.469,1724.11474609375,T6,256,1.0,0.0
16,2,26.494,1725.9013671875,T6,256,1.0,0.0
16,2,26.494,1725.9013671875,T6,256,1.0,0.0
16,2,26.519,1727.6787109375,T6,256,1.0,0.0
16,2,26.519,1727.6787109375,T6,256,1.0,0.0
16,2,26.544,1729.45947265625,T6,256,1.0,0.0
16,2,26.544,1729.45947265625,T6,256,1.0,0.0
16,2,26.569,1731.24951171875,T6,256,1.0,0.0
16,2,26.569,1731.24951171875,T6,256,1.0,0.0
16,2,26.594,1733.03271484375,T6,256,1.0,0.0
16,2,26.594,1733.03271484375,T6,256,1.0,0.0
16,2,26.62,1734.810546875,T6,256,1.0,0.0
16,2,26.62,1734.810546875,T6,257,1.0,0.0
16,2,26.644,1736.60107421875,T6,257,1.0,0.0
16,2,26.644,1736.60107421875,T6,257,1.0,0.0
16,2,26.67,1738.3876953125,T6,257,1.0,0.0
16,2,26.67,1738.3876953125,T6,257,1.0,0.0
16,2,26.695,1740.1826171875,T6,257,1.0,0.0
16,2,26.695,1740.1826171875,T6,258,1.0,0.0
16,2,26.72,1741.9853515625,T6,258,1.0,0.0
16,2,26.72,1741.9853515625,T6,258,1.0,0.0
16,2,26.745,1743.78076171875,T6,258,1.0,0.0
16,2,26.745,1743.78076171875,T6,258,1.0,0.0
16,2,26.77,1745.5751953125,T6,258,1.0,0.0
16,2,26.77,1745.5751953125,T6,258,1.0,0.0
16,2,26.795,1747.3818359375,T6,258,1.0,0.0
16,2,26.795,1747.3818359375,T6,258,1.0,0.0
16,2,26.82,1749.17724609375,T6,258,1.0,0.0
16,2,26.82,1749.17724609375,T6,259,1.0,0.0
16,2,26.845,1750.99462890625,T6,259,1.0,0.0
16,2,26.845,1750.99462890625,T6,259,1.0,0.0
16,2,26.87,1752.8154296875,T6,259,1.0,0.0
16,2,26.87,1752.8154296875,T6,259,1.0,0.0
16,2,26.896,1754.646484375,T6,259,1.0,0.0
16,2,26.896,1754.646484375,T6,260,1.0,0.0
16,2,26.921,1756.4775390625,T6,260,1.0,0.0
16,2,26.921,1756.4775390625,T6,260,1.0,0.0
16,2,26.946,1758.31494140625,T6,260,1.0,0.0
16,2,26.946,1758.31494140625,T6,261,1.0,0.0
16,2,26.972,1760.1513671875,T6,261,1.0,0.0
16,2,26.972,1760.1513671875,T6,261,1.0,0.0
16,2,26.997,1762.033203125,T6,261,1.0,0.0
16,2,26.997,1762.033203125,T6,262,1.0,0.0
16,2,27.023,1763.8828125,T6,262,1.0,0.0
16,2,27.023,1763.8828125,T6,262,1.0,0.0
16,2,27.048,1765.7373046875,T6,262,1.0,0.0
16,2,27.048,1765.7373046875,T6,262,1.0,0.0
16,2,27.074,1767.6005859375,T6,262,1.0,0.0
16,2,27.074,1767.6005859375,T6,263,1.0,0.0
16,2,27.099,1769.47607421875,T6,263,1.0,0.0
16,2,27.099,1769.47607421875,T6,263,1.0,0.0
16,2,27.125,1771.3466796875,T6,263,1.0,0.0
16,2,27.125,1771.3466796875,T6,264,1.0,0.0
16,2,27.151,1773.25,T6,264,1.0,0.0
16,2,27.151,1773.25,T6,264,1.0,0.0
16,2,27.177,1775.10205078125,T6,264,1.0,0.0
16,2,27.177,1775.10205078125,T6,265,1.0,0.0
16,2,27.202,1776.978515625,T6,265,1.0,0.0
16,2,27.202,1776.978515625,T6,265,1.0,0.0
16,2,27.227,1778.859375,T6,265,1.0,0.0
16,2,27.227,1778.859375,T6,265,1.0,0.0
16,2,27.253,1780.7470703125,T6,265,1.0,0.0
16,2,27.253,1780.7470703125,T6,266,1.0,0.0
16,2,27.278,1782.61962890625,T6,266,1.0,0.0
16,2,27.278,1782.61962890625,T6,266,1.0,0.0
16,2,27.304,1784.53515625,T6,266,1.0,0.0
16,2,27.304,1784.53515625,T6,267,1.0,0.0
16,2,27.33,1786.3984375,T6,267,1.0,0.0
16,2,27.33,1786.3984375,T6,267,1.0,0.0
16,2,27.355,1788.30126953125,T6,267,1.0,0.0
16,2,27.355,1788.30126953125,T6,267,1.0,0.0
16,2,27.38,1790.2177734375,T6,267,1.0,0.0
16,2,27.38,1790.2177734375,T6,268,1.0,0.0
16,2,27.406,1792.1298828125,T6,268,1.0,0.0
16,2,27.406,1792.1298828125,T6,268,1.0,0.0
16,2,27.432,1794.02197265625,T6,268,1.0,0.0
16,2,27.432,1794.02197265625,T6,269,1.0,0.0
16,2,27.457,1795.904296875,T6,269,1.0,0.0
16,2,27.457,1795.904296875,T6,269,1.0,0.0
16,2,27.482,1797.767578125,T6,269,1.0,0.0
16,2,27.482,1797.767578125,T6,269,1.0,0.0
16,2,27.507,1799.6435546875,T6,269,1.0,0.0
16,2,27.507,1799.6435546875,T6,270,1.0,0.0
16,2,27.532,1801.53173828125,T6,270,1.0,0.0
16,2,27.532,1801.53173828125,T6,270,1.0,0.0
16,2,27.557,1803.390625,T6,270,1.0,0.0
16,2,27.557,1803.390625,T6,270,1.0,0.0
16,2,27.582,1805.2373046875,T6,270,1.0,0.0
16,2,27.582,1805.2373046875,T6,271,1.0,0.0
16,2,27.607,1807.10986328125,T6,271,1.0,0.0
16,2,27.607,1807.10986328125,T6,271,1.0,0.0
16,2,27.632,1809.0224609375,T6,271,1.0,0.0
16,2,27.632,1809.0224609375,T6,271,1.0,0.0
16,2,27.657,1810.9267578125,T6,271,1.0,0.0
16,2,27.657,1810.9267578125,T6,271,1.0,0.0
16,2,27.682,1812.845703125,T6,271,1.0,0.0
16,2,27.682,1812.845703125,T6,272,1.0,0.0
16,2,27.708,1814.7490234375,T6,272,1.0,0.0
16,2,27.708,1814.7490234375,T6,272,1.0,0.0
16,2,27.733,1816.69775390625,T6,272,1.0,0.0
16,2,27.733,1816.69775390625,T6,272,1.0,0.0
16,2,27.759,1818.67626953125,T6,272,1.0,0.0
16,2,27.759,1818.67626953125,T6,272,1.0,0.0
16,2,27.785,1820.654296875,T6,272,1.0,0.0
16,2,27.785,1820.654296875,T6,273,1.0,0.0
16,2,27.811,1822.61181640625,T6,273,1.0,0.0
16,2,27.811,1822.61181640625,T6,273,1.0,0.0
16,2,27.837,1824.58740234375,T6,273,1.0,0.0
16,2,27.837,1824.58740234375,T6,273,1.0,0.0
16,2,27.863,1826.57666015625,T6,273,1.0,0.0
16,2,27.863,1826.57666015625,T6,274,1.0,0.0
16,2,27.889,1828.5654296875,T6,274,1.0,0.0
16,2,27.889,1828.5654296875,T6,274,1.0,0.0
16,2,27.915,1830.55126953125,T6,274,1.0,0.0
16,2,27.915,1830.55126953125,T6,274,1.0,0.0
16,2,27.941,1832.53759765625,T6,274,1.0,0.0
16,2,27.941,1832.53759765625,T6,274,1.0,0.0
16,2,27.967,1834.51806640625,T6,274,1.0,0.0
16,2,27.967,1834.51806640625,T6,275,1.0,0.0
16,2,27.993,1836.5146484375,T6,275,1.0,0.0
16,2,27.993,1836.5146484375,T6,275,1.0,0.0
16,2,28.019,1838.52392578125,T6,275,1.0,0.0
16,2,28.019,1838.52392578125,T6,275,1.0,0.0
16,2,28.045,1840.50830078125,T6,275,1.0,0.0
16,2,28.045,1840.50830078125,T6,276,1.0,0.0
16,2,28.071,1842.5087890625,T6,276,1.0,0.0
16,2,28.071,1842.5087890625,T6,276,1.0,0.0
16,2,28.098,1844.48681640625,T6,276,1.0,0.0
16,2,28.098,1844.48681640625,T6,276,1.0,0.0
16,2,28.123,1846.462890625,T6,276,1.0,0.0
16,2,28.123,1846.462890625,T6,276,1.0,0.0
16,2,28.149,1848.43798828125,T6,276,1.0,0.0
16,2,28.149,1848.43798828125,T6,277,1.0,0.0
16,2,28.175,1850.4521484375,T6,277,1.0,0.0
16,2,28.175,1850.4521484375,T6,277,1.0,0.0
16,2,28.201,1852.38916015625,T6,277,1.0,0.0
16,2,28.201,1852.38916015625,T6,277,1.0,0.0
16,2,28.226,1854.3427734375,T6,277,1.0,0.0
16,2,28.226,1854.3427734375,T6,277,1.0,0.0
16,2,28.251,1856.2802734375,T6,277,1.0,0.0
16,2,28.251,1856.2802734375,T6,277,1.0,0.0
16,2,28.277,1858.22802734375,T6,277,1.0,0.0
16,2,28.277,1858.22802734375,T6,278,1.0,0.0
16,2,28.302,1860.1845703125,T6,278,1.0,0.0
16,2,28.302,1860.1845703125,T6,278,1.0,0.0
16,2,28.327,1862.154296875,T6,278,1.0,0.0
16,2,28.327,1862.154296875,T6,278,1.0,0.0
16,2,28.353,1864.087890625,T6,278,1.0,0.0
16,2,28.353,1864.087890625,T6,278,1.0,0.0
16,2,28.378,1866.0810546875,T6,278,1.0,0.0
16,2,28.378,1866.0810546875,T6,278,1.0,0.0
16,2,28.403,1868.06591796875,T6,278,1.0,0.0
16,2,28.403,1868.06591796875,T6,279,1.0,0.0
16,2,28.429,1870.0439453125,T6,279,1.0,0.0
16,2,28.429,1870.0439453125,T6,279,1.0,0.0
16,2,28.455,1872.0234375,T6,279,1.0,0.0
16,2,28.455,1872.0234375,T6,279,1.0,0.0
16,2,28.48,1874.0029296875,T6,279,1.0,0.0
16,2,28.48,1874.0029296875,T6,279,1.0,0.0
16,2,28.506,1875.97021484375,T6,279,1.0,0.0
16,2,28.506,1875.97021484375,T6,279,1.0,0.0
16,2,28.531,1877.91943359375,T6,279,1.0,0.0
16,2,28.531,1877.91943359375,T6,280,1.0,0.0
16,2,28.556,1879.8603515625,T6,280,1.0,0.0
16,2,28.556,1879.8603515625,T6,280,1.0,0.0
16,2,28.581,1881.8193359375,T6,280,1.0,0.0
16,2,28.581,1881.8193359375,T6,280,1.0,0.0
16,2,28.606,1883.775390625,T6,280,1.0,0.0
16,2,28.606,1883.775390625,T6,280,1.0,0.0
16,2,28.631,1885.74267578125,T6,280,1.0,0.0
16,2,28.631,1885.74267578125,T6,280,1.0,0.0
16,2,28.657,1887.6953125,T6,280,1.0,0.0
16,2,28.657,1887.6953125,T6,280,1.0,0.0
16,2,28.682,1889.681640625,T6,280,1.0,0.0
16,2,28.682,1889.681640625,T6,280,1.0,0.0
16,2,28.707,1891.6513671875,T6,280,1.0,0.0
16,2,28.707,1891.6513671875,T6,281,1.0,0.0
16,2,28.732,1893.63037109375,T6,281,1.0,0.0
16,2,28.732,1893.63037109375,T6,281,1.0,0.0
16,2,28.758,1895.65185546875,T6,281,1.0,0.0
16,2,28.758,1895.65185546875,T6,281,1.0,0.0
16,2,28.784,1897.642578125,T6,281,1.0,0.0
16,2,28.784,1897.642578125,T6,281,1.0,0.0
16,2,28.809,1899.625,T6,281,1.0,0.0
16,2,28.809,1899.625,T6,281,1.0,0.0
16,2,28.834,1901.6240234375,T6,281,1.0,0.0
16,2,28.834,1901.6240234375,T6,281,1.0,0.0
16,2,28.86,1903.6318359375,T6,281,1.0,0.0
16,2,28.86,1903.6318359375,T6,281,1.0,0.0
16,2,28.886,1905.669921875,T6,281,1.0,0.0
16,2,28.886,1905.669921875,T6,282,1.0,0.0
16,2,28.912,1907.72314453125,T6,282,1.0,0.0
16,2,28.912,1907.72314453125,T6,282,1.0,0.0
16,2,28.938,1909.7216796875,T6,282,1.0,0.0
16,2,28.938,1909.7216796875,T6,282,1.0,0.0
16,2,28.963,1911.78515625,T6,282,1.0,0.0
16,2,28.963,1911.78515625,T6,282,1.0,0.0
16,2,28.99,1913.85986328125,T6,282,1.0,0.0
16,2,28.99,1913.85986328125,T6,282,1.0,0.0
16,2,29.016,1915.9404296875,T6,282,1.0,0.0
16,2,29.016,1915.9404296875,T6,282,1.0,0.0
16,2,29.043,1917.984375,T6,282,1.0,0.0
16,2,29.043,1917.984375,T6,282,1.0,0.0
16,2,29.069,1920.068359375,T6,282,1.0,0.0
16,2,29.069,1920.068359375,T6,282,1.0,0.0
16,2,29.095,1922.1474609375,T6,282,1.0,0.0
16,2,29.095,1922.1474609375,T6,282,1.0,0.0
16,2,29.122,1924.255859375,T6,282,1.0,0.0
16,2,29.122,1924.255859375,T6,282,1.0,0.0
16,2,29.149,1926.35498046875,T6,282,1.0,0.0
16,2,29.149,1926.35498046875,T6,283,1.0,0.0
16,2,29.175,1928.4638671875,T6,283,1.0,0.0
16,2,29.175,1928.4638671875,T6,283,1.0,0.0
16,2,29.202,1930.5693359375,T6,283,1.0,0.0
16,2,29.202,1930.5693359375,T6,283,1.0,0.0
16,2,29.229,1932.6728515625,T6,283,1.0,0.0
16,2,29.229,1932.6728515625,T6,283,1.0,0.0
16,2,29.256,1934.7138671875,T6,283,1.0,0.0
16,2,29.256,1934.7138671875,T6,283,1.0,0.0
16,2,29.282,1936.7578125,T6,283,1.0,0.0
16,2,29.282,1936.7578125,T6,283,1.0,0.0
16,2,29.308,1938.77490234375,T6,283,1.0,0.0
16,2,29.308,1938.77490234375,T6,283,1.0,0.0
16,2,29.333,1940.78759765625,T6,283,1.0,0.0
16,2,29.333,1940.78759765625,T6,283,1.0,0.0
16,2,29.359,1942.77734375,T6,283,1.0,0.0
16,2,29.359,1942.77734375,T6,283,1.0,0.0
16,2,29.384,1944.74853515625,T6,283,1.0,0.0
16,2,29.384,1944.74853515625,T6,283,1.0,0.0
16,2,29.409,1946.71923828125,T6,283,1.0,0.0
16,2,29.409,1946.71923828125,T6,283,1.0,0.0
16,2,29.434,1948.72119140625,T6,283,1.0,0.0
16,2,29.434,1948.72119140625,T6,283,1.0,0.0
16,2,29.459,1950.6943359375,T6,283,1.0,0.0
16,2,29.459,1950.6943359375,T6,283,1.0,0.0
16,2,29.485,1952.66943359375,T6,283,1.0,0.0
16,2,29.485,1952.66943359375,T6,283,1.0,0.0
16,2,29.51,1954.63720703125,T6,283,1.0,0.0
16,2,29.51,1954.63720703125,T6,283,1.0,0.0
16,2,29.535,1956.609375,T6,283,1.0,0.0
16,2,29.535,1956.609375,T6,283,1.0,0.0
16,2,29.56,1958.603515625,T6,283,1.0,0.0
16,2,29.56,1958.603515625,T6,283,1.0,0.0
16,2,29.585,1960.609375,T6,283,1.0,0.0
16,2,29.585,1960.609375,T6,283,1.0,0.0
16,2,29.61,1962.5947265625,T6,283,1.0,0.0
16,2,29.61,1962.5947265625,T6,283,1.0,0.0
16,2,29.635,1964.63037109375,T6,283,1.0,0.0
16,2,29.635,1964.63037109375,T6,283,1.0,0.0
16,2,29.661,1966.63427734375,T6,283,1.0,0.0
16,2,29.661,1966.63427734375,T6,283,0.06284588575363159,0.0
16,2,29.687,1968.62451171875,T6,283,0.06284588575363159,0.0
16,2,29.687,1968.62451171875,T6,283,0.004726111888885498,0.0
16,2,29.712,1970.6474609375,T6,283,0.004726111888885498,0.0
16,2,29.712,1970.6474609375,T6,282,0.0,0.0
16,2,29.738,1972.6103515625,T6,282,0.0,0.0
16,2,29.738,1972.6103515625,T6,281,0.0,0.0
16,2,29.763,1974.54931640625,T6,281,0.0,0.0
16,2,29.763,1974.54931640625,T6,280,0.0,0.0
16,2,29.788,1976.4912109375,T6,280,0.0,0.0
16,2,29.788,1976.4912109375,T6,280,0.0,0.0
16,2,29.813,1978.39404296875,T6,280,0.0,0.0
16,2,29.813,1978.39404296875,T6,279,0.0,0.0
16,2,29.837,1980.32861328125,T6,279,0.0,0.0
16,2,29.837,1980.32861328125,T6,278,0.0,0.0
16,2,29.862,1982.25146484375,T6,278,0.0,0.0
16,2,29.862,1982.25146484375,T6,277,0.0,0.0
16,2,29.887,1984.13720703125,T6,277,0.0,0.0
16,2,29.887,1984.13720703125,T6,277,0.0,0.0
16,2,29.911,1986.07421875,T6,277,0.0,0.0
16,2,29.911,1986.07421875,T6,276,0.0,0.0
16,2,29.937,1987.99560546875,T6,276,0.0,0.0
16,2,29.937,1987.99560546875,T6,275,0.0,0.0
16,2,29.962,1989.90673828125,T6,275,0.0,0.0
16,2,29.962,1989.90673828125,T6,274,0.0,0.48032113909721375
16,2,29.987,1991.81396484375,T6,274,0.0,0.48032113909721375
16,2,29.987,1991.81396484375,T6,272,0.0,0.37916475534439087
16,2,30.012,1993.7109375,T6,272,0.0,0.37916475534439087
16,2,30.012,1993.7109375,T6,269,0.0,0.6512729525566101
16,2,30.037,1995.60498046875,T6,269,0.0,0.6512729525566101
16,2,30.037,1995.60498046875,T6,267,0.0,0.6126014590263367
16,2,30.063,1997.47607421875,T6,267,0.0,0.6126014590263367
16,2,30.063,1997.47607421875,T6,264,0.0,0.3608175814151764
16,2,30.088,1999.31103515625,T6,264,0.0,0.3608175814151764
16,2,30.088,1999.31103515625,T6,262,0.0,0.6269965767860413
16,2,30.113,2001.162109375,T7,262,0.0,0.6269965767860413
16,2,30.113,2001.162109375,T7,260,0.0,0.62373948097229
16,2,30.139,2002.99609375,T7,260,0.0,0.62373948097229
16,2,30.139,2002.99609375,T7,257,0.0,0.5806270241737366
16,2,30.164,2004.814453125,T7,257,0.0,0.5806270241737366
16,2,30.164,2004.814453125,T7,255,0.0,0.6347631216049194
16,2,30.19,2006.60546875,T7,255,0.0,0.6347631216049194
16,2,30.19,2006.60546875,T7,252,0.0,0.626691997051239
16,2,30.216,2008.3798828125,T7,252,0.0,0.626691997051239
16,2,30.216,2008.3798828125,T7,250,0.0,0.6183333992958069
16,2,30.241,2010.15576171875,T7,250,0.0,0.6183333992958069
16,2,30.241,2010.15576171875,T7,248,0.0,0.6112950444221497
16,2,30.267,2011.923828125,T7,248,0.0,0.6112950444221497
16,2,30.267,2011.923828125,T7,245,0.0,0.6052922010421753
16,2,30.293,2013.67236328125,T7,245,0.0,0.6052922010421753
16,2,30.293,2013.67236328125,T7,243,0.0,0.599361777305603
16,2,30.319,2015.4111328125,T7,243,0.0,0.599361777305603
16,2,30.319,2015.4111328125,T7,241,0.0,0.593223512172699
16,2,30.344,2017.138671875,T7,241,0.0,0.593223512172699
16,2,30.344,2017.138671875,T7,239,0.0,0.5871734023094177
16,2,30.37,2018.859375,T7,239,0.0,0.5871734023094177
16,2,30.37,2018.859375,T7,236,0.0,0.5818062424659729
16,2,30.396,2020.5771484375,T7,236,0.0,0.5818062424659729
16,2,30.396,2020.5771484375,T7,234,0.0,0.5754957795143127
16,2,30.422,2022.2900390625,T7,234,0.0,0.5754957795143127
16,2,30.422,2022.2900390625,T7,232,0.0,0.5706722140312195
16,2,30.448,2024.0263671875,T7,232,0.0,0.5706722140312195
16,2,30.448,2024.0263671875,T7,229,0.0,0.5669454336166382
16,2,30.474,2025.73388671875,T7,229,0.0,0.5669454336166382
16,2,30.474,2025.73388671875,T7,227,0.0,0.5626053214073181
16,2,30.501,2027.443359375,T7,227,0.0,0.5626053214073181
16,2,30.501,2027.443359375,T7,225,0.0,0.5570743680000305
16,2,30.527,2029.13671875,T7,225,0.0,0.5570743680000305
16,2,30.527,2029.13671875,T7,222,0.0,0.5520962476730347
16,2,30.553,2030.86376953125,T7,222,0.0,0.5520962476730347
16,2,30.553,2030.86376953125,T7,220,0.0,0.5473515391349792
16,2,30.579,2032.5615234375,T7,220,0.0,0.5473515391349792
16,2,30.579,2032.5615234375,T7,217,0.0,0.5432156324386597
16,2,30.606,2034.24267578125,T7,217,0.0,0.5432156324386597
16,2,30.606,2034.24267578125,T7,215,0.0,0.5406332612037659
16,2,30.632,2035.89111328125,T7,215,0.0,0.5406332612037659
16,2,30.632,2035.89111328125,T7,213,0.0,0.3267325758934021
16,2,30.658,2037.552734375,T7,213,0.0,0.3267325758934021
16,2,30.658,2037.552734375,T7,211,0.0,0.31910061836242676
16,2,30.685,2039.20703125,T7,211,0.0,0.31910061836242676
16,2,30.685,2039.20703125,T7,209,0.0,0.2942696809768677
16,2,30.711,2040.84130859375,T7,209,0.0,0.2942696809768677
16,2,30.711,2040.84130859375,T7,207,0.0,0.2461097091436386
16,2,30.738,2042.47900390625,T7,207,0.0,0.2461097091436386
16,2,30.738,2042.47900390625,T7,205,0.0,0.20919109880924225
16,2,30.765,2044.10693359375,T7,205,0.0,0.20919109880924225
16,2,30.765,2044.10693359375,T7,203,0.0,0.06908553838729858
16,2,30.792,2045.73974609375,T7,203,0.0,0.06908553838729858
16,2,30.792,2045.73974609375,T7,202,0.0,0.10765070468187332
16,2,30.818,2047.3564453125,T7,202,0.0,0.10765070468187332
16,2,30.818,2047.3564453125,T7,200,0.0,0.1455138474702835
16,2,30.845,2048.96435546875,T7,200,0.0,0.1455138474702835
16,2,30.845,2048.96435546875,T7,199,0.0,0.003578159725293517
16,2,30.872,2050.49169921875,T7,199,0.0,0.003578159725293517
16,2,30.872,2050.49169921875,T7,197,0.0,0.0028125736862421036
16,2,30.898,2052.0185546875,T7,197,0.0,0.0028125736862421036
16,2,30.898,2052.0185546875,T7,196,0.0,0.018843017518520355
16,2,30.925,2053.51806640625,T7,196,0.0,0.018843017518520355
16,2,30.925,2053.51806640625,T7,195,0.0,0.006086551584303379
16,2,30.951,2055.0048828125,T7,195,0.0,0.006086551584303379
16,2,30.951,2055.0048828125,T7,194,0.31064027547836304,0.0
16,2,30.978,2056.46875,T7,194,0.31064027547836304,0.0
16,2,30.978,2056.46875,T7,193,0.33149874210357666,0.0
16,2,31.004,2057.9228515625,T7,193,0.33149874210357666,0.0
16,2,31.004,2057.9228515625,T7,193,0.3612504005432129,0.0
16,2,31.03,2059.361328125,T7,193,0.3612504005432129,0.0
16,2,31.03,2059.361328125,T7,192,0.396716833114624,0.0
16,2,31.056,2060.787109375,T7,192,0.396716833114624,0.0
16,2,31.056,2060.787109375,T7,191,0.44103872776031494,0.0
16,2,31.081,2062.2060546875,T7,191,0.44103872776031494,0.0
16,2,31.081,2062.2060546875,T7,191,0.49400973320007324,0.0
16,2,31.107,2063.611328125,T7,191,0.49400973320007324,0.0
16,2,31.107,2063.611328125,T7,191,0.5532540082931519,0.0
16,2,31.133,2065.01953125,T7,191,0.5532540082931519,0.0
16,2,31.133,2065.01953125,T7,190,0.6172877550125122,0.0
16,2,31.158,2066.416015625,T7,190,0.6172877550125122,0.0
16,2,31.158,2066.416015625,T7,190,0.6855913400650024,0.0
16,2,31.184,2067.814453125,T7,190,0.6855913400650024,0.0
16,2,31.184,2067.814453125,T7,190,0.7578027248382568,0.0
16,2,31.209,2069.2138671875,T7,190,0.7578027248382568,0.0
16,2,31.209,2069.2138671875,T7,190,0.8319549560546875,0.0
16,2,31.235,2070.6337890625,T7,190,0.8319549560546875,0.0
16,2,31.235,2070.6337890625,T7,190,0.9072508811950684,0.0
16,2,31.26,2072.0458984375,T7,190,0.9072508811950684,0.0
16,2,31.26,2072.0458984375,T7,190,0.9835684299468994,0.0
16,2,31.286,2073.453125,T7,190,0.9835684299468994,0.0
16,2,31.286,2073.453125,T7,191,1.0,0.0
16,2,31.311,2074.88525390625,T7,191,1.0,0.0
16,2,31.311,2074.88525390625,T7,191,1.0,0.0
16,2,31.338,2076.2841796875,T7,191,1.0,0.0
16,2,31.338,2076.2841796875,T7,191,1.0,0.0
16,2,31.363,2077.6923828125,T7,191,1.0,0.0
16,2,31.363,2077.6923828125,T7,191,1.0,0.0
16,2,31.389,2079.109375,T7,191,1.0,0.0
16,2,31.389,2079.109375,T7,192,1.0,0.0
16,2,31.414,2080.5068359375,T7,192,1.0,0.0
16,2,31.414,2080.5068359375,T7,192,1.0,0.0
16,2,31.44,2081.93408203125,T7,192,1.0,0.0
16,2,31.44,2081.93408203125,T7,192,1.0,0.0
16,2,31.466,2083.357421875,T7,192,1.0,0.0
16,2,31.466,2083.357421875,T7,193,1.0,0.0
16,2,31.492,2084.75927734375,T7,193,1.0,0.0
16,2,31.492,2084.75927734375,T7,193,1.0,0.0
16,2,31.517,2086.21484375,T7,193,1.0,0.0
16,2,31.517,2086.21484375,T7,194,1.0,0.0
16,2,31.543,2087.6640625,T7,194,1.0,0.0
16,2,31.543,2087.6640625,T7,194,1.0,0.0
16,2,31.569,2089.1328125,T7,194,1.0,0.0
16,2,31.569,2089.1328125,T7,195,1.0,0.0
16,2,31.595,2090.599609375,T7,195,1.0,0.0
16,2,31.595,2090.599609375,T7,196,1.0,0.0
16,2,31.622,2092.041015625,T7,196,1.0,0.0
16,2,31.622,2092.041015625,T7,196,1.0,0.0
16,2,31.647,2093.5146484375,T7,196,1.0,0.0
16,2,31.647,2093.5146484375,T7,197,1.0,0.0
16,2,31.674,2094.9921875,T7,197,1.0,0.0
16,2,31.674,2094.9921875,T7,198,1.0,0.0
16,2,31.7,2096.44287109375,T7,198,1.0,0.0
16,2,31.7,2096.44287109375,T7,199,1.0,0.0
16,2,31.725,2097.8935546875,T7,199,1.0,0.0
16,2,31.725,2097.8935546875,T7,199,1.0,0.0
16,2,31.751,2099.33154296875,T7,199,1.0,0.0
16,2,31.751,2099.33154296875,T7,200,1.0,0.0
16,2,31.776,2100.7744140625,T7,200,1.0,0.0
16,2,31.776,2100.7744140625,T7,201,1.0,0.0
16,2,31.801,2102.2216796875,T7,201,1.0,0.0
16,2,31.801,2102.2216796875,T7,202,1.0,0.0
16,2,31.826,2103.6689453125,T7,202,1.0,0.0
16,2,31.826,2103.6689453125,T7,202,1.0,0.0
16,2,31.851,2105.099609375,T7,202,1.0,0.0
16,2,31.851,2105.099609375,T7,203,1.0,0.0
16,2,31.876,2106.5615234375,T7,203,1.0,0.0
16,2,31.876,2106.5615234375,T7,204,1.0,0.0
16,2,31.901,2108.02099609375,T7,204,1.0,0.0
16,2,31.901,2108.02099609375,T7,204,1.0,0.0
16,2,31.926,2109.474609375,T7,204,1.0,0.0
16,2,31.926,2109.474609375,T7,205,1.0,0.0
16,2,31.951,2110.92333984375,T7,205,1.0,0.0
16,2,31.951,2110.92333984375,T7,205,1.0,0.0
16,2,31.976,2112.3798828125,T7,205,1.0,0.0
16,2,31.976,2112.3798828125,T7,206,1.0,0.0
16,2,32.001,2113.8115234375,T7,206,1.0,0.0
16,2,32.001,2113.8115234375,T7,207,1.0,0.0
16,2,32.025,2115.2802734375,T7,207,1.0,0.0
16,2,32.025,2115.2802734375,T7,207,1.0,0.0
16,2,32.05,2116.7236328125,T7,207,1.0,0.0
16,2,32.05,2116.7236328125,T7,208,1.0,0.0
16,2,32.074,2118.1982421875,T7,208,1.0,0.0
16,2,32.074,2118.1982421875,T7,209,0.842352032661438,0.0
16,2,32.099,2119.68701171875,T7,209,0.842352032661438,0.0
16,2,32.099,2119.68701171875,T7,209,0.8769897222518921,0.0
16,2,32.124,2121.203125,T7,209,0.8769897222518921,0.0
16,2,32.124,2121.203125,T7,209,0.971049427986145,0.0
16,2,32.15,2122.7314453125,T7,209,0.971049427986145,0.0
16,2,32.15,2122.7314453125,T7,210,0.9851599931716919,0.0
16,2,32.175,2124.27392578125,T7,210,0.9851599931716919,0.0
16,2,32.175,2124.27392578125,T7,211,1.0,0.0
16,2,32.201,2125.794921875,T7,211,1.0,0.0
16,2,32.201,2125.794921875,T7,211,1.0,0.0
16,2,32.227,2127.36181640625,T7,211,1.0,0.0
16,2,32.227,2127.36181640625,T7,212,1.0,0.0
16,2,32.252,2128.9111328125,T7,212,1.0,0.0
16,2,32.252,2128.9111328125,T7,212,1.0,0.0
16,2,32.278,2130.4873046875,T7,212,1.0,0.0
16,2,32.278,2130.4873046875,T7,213,1.0,0.0
16,2,32.304,2132.02490234375,T7,213,1.0,0.0
16,2,32.304,2132.02490234375,T7,213,1.0,0.0
16,2,32.329,2133.5400390625,T7,213,1.0,0.0
16,2,32.329,2133.5400390625,T7,213,1.0,0.0
16,2,32.354,2135.056640625,T7,213,1.0,0.0
16,2,32.354,2135.056640625,T7,214,1.0,0.0
16,2,32.379,2136.57568359375,T7,214,1.0,0.0
16,2,32.379,2136.57568359375,T7,214,1.0,0.0
16,2,32.404,2138.08447265625,T7,214,1.0,0.0
16,2,32.404,2138.08447265625,T7,214,1.0,0.0
16,2,32.428,2139.5927734375,T8,214,1.0,0.0
16,2,32.428,2139.5927734375,T8,214,1.0,0.0
16,2,32.453,2141.07568359375,T8,214,1.0,0.0
16,2,32.453,2141.07568359375,T8,215,1.0,0.0
16,2,32.477,2142.5634765625,T8,215,1.0,0.0
16,2,32.477,2142.5634765625,T8,215,1.0,0.0
16,2,32.502,2144.06298828125,T8,215,1.0,0.0
16,2,32.502,2144.06298828125,T8,215,1.0,0.0
16,2,32.526,2145.5751953125,T8,215,1.0,0.0
16,2,32.526,2145.5751953125,T8,215,1.0,0.0
16,2,32.551,2147.08349609375,T8,215,1.0,0.0
16,2,32.551,2147.08349609375,T8,215,1.0,0.0
16,2,32.575,2148.60009765625,T8,215,1.0,0.0
16,2,32.575,2148.60009765625,T8,215,1.0,0.0
16,2,32.6,2150.12109375,T8,215,1.0,0.0
16,2,32.6,2150.12109375,T8,215,1.0,0.0
16,2,32.624,2151.626953125,T8,215,1.0,0.0
16,2,32.624,2151.626953125,T8,215,1.0,0.0
16,2,32.648,2153.173828125,T8,215,1.0,0.0
16,2,32.648,2153.173828125,T8,215,1.0,0.0
16,2,32.673,2154.7177734375,T8,215,1.0,0.0
16,2,32.673,2154.7177734375,T8,216,1.0,0.0
16,2,32.697,2156.2529296875,T8,216,1.0,0.0
16,2,32.697,2156.2529296875,T8,216,1.0,0.0
16,2,32.722,2157.796875,T8,216,1.0,0.0
16,2,32.722,2157.796875,T8,216,1.0,0.0
16,2,32.746,2159.318359375,T8,216,1.0,0.0
16,2,32.746,2159.318359375,T8,216,1.0,0.0
16,2,32.77,2160.84912109375,T8,216,1.0,0.0
16,2,32.77,2160.84912109375,T8,216,1.0,0.0
16,2,32.795,2162.396484375,T8,216,1.0,0.0
16,2,32.795,2162.396484375,T8,216,1.0,0.0
16,2,32.819,2163.927734375,T8,216,1.0,0.0
16,2,32.819,2163.927734375,T8,216,1.0,0.0
16,2,32.844,2165.46923828125,T8,216,1.0,0.0
16,2,32.844,2165.46923828125,T8,216,1.0,0.0
16,2,32.868,2167.0107421875,T8,216,1.0,0.0
16,2,32.868,2167.0107421875,T8,216,1.0,0.0
16,2,32.892,2168.5703125,T8,216,1.0,0.0
16,2,32.892,2168.5703125,T8,216,1.0,0.0
16,2,32.917,2170.15380859375,T8,216,1.0,0.0
16,2,32.917,2170.15380859375,T8,216,1.0,0.0
16,2,32.941,2171.73779296875,T8,216,1.0,0.0
16,2,32.941,2171.73779296875,T8,216,1.0,0.0
16,2,32.966,2173.31640625,T8,216,1.0,0.0
16,2,32.966,2173.31640625,T8,216,1.0,0.0
16,2,32.991,2174.90673828125,T8,216,1.0,0.0
16,2,32.991,2174.90673828125,T8,217,1.0,0.0
16,2,33.016,2176.501953125,T8,217,1.0,0.0
16,2,33.016,2176.501953125,T8,217,1.0,0.0
16,2,33.041,2178.1103515625,T8,217,1.0,0.0
16,2,33.041,2178.1103515625,T8,217,1.0,0.0
16,2,33.067,2179.712890625,T8,217,1.0,0.0
16,2,33.067,2179.712890625,T8,217,1.0,0.0
16,2,33.092,2181.32470703125,T8,217,1.0,0.0
16,2,33.092,2181.32470703125,T8,217,1.0,0.0
16,2,33.118,2182.95947265625,T8,217,1.0,0.0
16,2,33.118,2182.95947265625,T8,217,1.0,0.0
16,2,33.144,2184.5751953125,T8,217,1.0,0.0
16,2,33.144,2184.5751953125,T8,217,1.0,0.0
16,2,33.17,2186.189453125,T8,217,1.0,0.0
16,2,33.17,2186.189453125,T8,217,1.0,0.0
16,2,33.195,2187.81005859375,T8,217,1.0,0.0
16,2,33.195,2187.81005859375,T8,218,1.0,0.0
16,2,33.221,2189.3916015625,T8,218,1.0,0.0
16,2,33.221,2189.3916015625,T8,218,1.0,0.0
16,2,33.246,2190.966796875,T8,218,1.0,0.0
16,2,33.246,2190.966796875,T8,217,1.0,0.0
16,2,33.272,2192.541015625,T8,217,1.0,0.0
16,2,33.272,2192.541015625,T8,217,1.0,0.0
16,2,33.298,2194.06982421875,T8,217,1.0,0.0
16,2,33.298,2194.06982421875,T8,217,1.0,0.0
16,2,33.323,2195.595703125,T8,217,1.0,0.0
16,2,33.323,2195.595703125,T8,218,1.0,0.0
16,2,33.348,2197.107421875,T8,218,1.0,0.0
16,2,33.348,2197.107421875,T8,218,1.0,0.0
16,2,33.373,2198.58349609375,T8,218,1.0,0.0
16,2,33.373,2198.58349609375,T8,218,1.0,0.0
16,2,33.397,2200.0771484375,T8,218,1.0,0.0
16,2,33.397,2200.0771484375,T8,218,1.0,0.0
16,2,33.422,2201.548828125,T8,218,1.0,0.0
16,2,33.422,2201.548828125,T8,218,1.0,0.0
16,2,33.446,2202.9892578125,T8,218,1.0,0.0
16,2,33.446,2202.9892578125,T8,218,1.0,0.0
16,2,33.471,2204.44580078125,T8,218,1.0,0.0
16,2,33.471,2204.44580078125,T8,218,1.0,0.0
16,2,33.495,2205.9013671875,T8,218,1.0,0.0
16,2,33.495,2205.9013671875,T8,218,1.0,0.0
16,2,33.52,2207.3486328125,T8,218,1.0,0.0
16,2,33.52,2207.3486328125,T8,218,1.0,0.0
16,2,33.544,2208.783203125,T8,218,1.0,0.0
16,2,33.544,2208.783203125,T8,218,1.0,0.0
16,2,33.569,2210.205078125,T8,218,1.0,0.0
16,2,33.569,2210.205078125,T8,218,1.0,0.0
16,2,33.593,2211.646484375,T8,218,1.0,0.0
16,2,33.593,2211.646484375,T8,218,1.0,0.0
16,2,33.618,2213.07470703125,T8,218,1.0,0.0
16,2,33.618,2213.07470703125,T8,219,1.0,0.0
16,2,33.643,2214.48828125,T8,219,1.0,0.0
16,2,33.643,2214.48828125,T8,219,1.0,0.0
16,2,33.667,2215.9013671875,T8,219,1.0,0.0
16,2,33.667,2215.9013671875,T8,219,1.0,0.0
16,2,33.692,2217.3017578125,T8,219,1.0,0.0
16,2,33.692,2217.3017578125,T8,219,1.0,0.0
16,2,33.716,2218.7177734375,T8,219,1.0,0.0
16,2,33.716,2218.7177734375,T8,219,1.0,0.0
16,2,33.741,2220.16943359375,T8,219,1.0,0.0
16,2,33.741,2220.16943359375,T8,219,1.0,0.0
16,2,33.765,2221.6123046875,T8,219,1.0,0.0
16,2,33.765,2221.6123046875,T8,219,1.0,0.0
16,2,33.79,2223.078125,T8,219,1.0,0.0
16,2,33.79,2223.078125,T8,220,1.0,0.0
16,2,33.814,2224.560546875,T8,220,1.0,0.0
16,2,33.814,2224.560546875,T8,220,1.0,0.0
16,2,33.839,2226.044921875,T8,220,1.0,0.0
16,2,33.839,2226.044921875,T8,220,1.0,0.0
16,2,33.864,2227.56640625,T8,220,1.0,0.0
16,2,33.864,2227.56640625,T8,220,1.0,0.0
16,2,33.889,2229.111328125,T8,220,1.0,0.0
16,2,33.889,2229.111328125,T8,220,1.0,0.0
16,2,33.915,2230.68505859375,T8,220,1.0,0.0
16,2,33.915,2230.68505859375,T8,220,1.0,0.0
16,2,33.941,2232.28369140625,T8,220,1.0,0.0
16,2,33.941,2232.28369140625,T8,221,1.0,0.0
16,2,33.968,2233.88916015625,T8,221,1.0,0.0
16,2,33.968,2233.88916015625,T8,221,1.0,0.0
16,2,33.994,2235.5126953125,T8,221,1.0,0.0
16,2,33.994,2235.5126953125,T8,221,1.0,0.0
16,2,34.021,2237.1474609375,T8,221,1.0,0.0
16,2,34.021,2237.1474609375,T8,220,1.0,0.0
16,2,34.048,2238.7744140625,T8,220,1.0,0.0
16,2,34.048,2238.7744140625,T8,220,1.0,0.0
16,2,34.075,2240.38671875,T8,220,1.0,0.0
16,2,34.075,2240.38671875,T8,220,1.0,0.0
16,2,34.101,2241.994140625,T8,220,1.0,0.0
16,2,34.101,2241.994140625,T8,220,1.0,0.0
16,2,34.128,2243.572265625,T8,220,1.0,0.0
16,2,34.128,2243.572265625,T8,220,1.0,0.0
16,2,34.154,2245.158203125,T8,220,1.0,0.0
16,2,34.154,2245.158203125,T8,220,1.0,0.0
16,2,34.18,2246.7216796875,T8,220,1.0,0.0
16,2,34.18,2246.7216796875,T8,221,1.0,0.0
16,2,34.206,2248.27734375,T8,221,1.0,0.0
16,2,34.206,2248.27734375,T8,221,1.0,0.0
16,2,34.231,2249.82080078125,T8,221,1.0,0.0
16,2,34.231,2249.82080078125,T8,221,1.0,0.0
16,2,34.256,2251.359375,T8,221,1.0,0.0
16,2,34.256,2251.359375,T8,222,1.0,0.0
16,2,34.282,2252.8798828125,T8,222,1.0,0.0
16,2,34.282,2252.8798828125,T8,222,1.0,0.0
16,2,34.306,2254.42041015625,T8,222,1.0,0.0
16,2,34.306,2254.42041015625,T8,222,1.0,0.0
16,2,34.331,2255.9599609375,T8,222,1.0,0.0
16,2,34.331,2255.9599609375,T8,223,1.0,0.0
16,2,34.357,2257.50927734375,T8,223,1.0,0.0
16,2,34.357,2257.50927734375,T8,223,1.0,0.0
16,2,34.382,2259.07373046875,T8,223,1.0,0.0
16,2,34.382,2259.07373046875,T8,224,1.0,0.0
16,2,34.407,2260.6201171875,T8,224,1.0,0.0
16,2,34.407,2260.6201171875,T8,224,1.0,0.0
16,2,34.432,2262.18798828125,T8,224,1.0,0.0
16,2,34.432,2262.18798828125,T8,225,1.0,0.0
16,2,34.457,2263.734375,T8,225,1.0,0.0
16,2,34.457,2263.734375,T8,224,0.0,0.7438448071479797
16,2,34.482,2265.2626953125,T8,224,0.0,0.7438448071479797
16,2,34.482,2265.2626953125,T8,222,0.0,0.7653543949127197
16,2,34.507,2266.7763671875,T8,222,0.0,0.7653543949127197
16,2,34.507,2266.7763671875,T8,220,0.0,0.7847378253936768
16,2,34.532,2268.2578125,T8,220,0.0,0.7847378253936768
16,2,34.532,2268.2578125,T8,218,0.0,0.7970187067985535
16,2,34.557,2269.7109375,T8,218,0.0,0.7970187067985535
16,2,34.557,2269.7109375,T8,216,0.0,0.8014235496520996
16,2,34.581,2271.166015625,T8,216,0.0,0.8014235496520996
16,2,34.581,2271.166015625,T8,213,0.0,0.799386203289032
16,2,34.606,2272.5771484375,T8,213,0.0,0.799386203289032
16,2,34.606,2272.5771484375,T8,210,0.0,0.7973034381866455
16,2,34.63,2273.9970703125,T8,210,0.0,0.7973034381866455
16,2,34.63,2273.9970703125,T8,208,0.0,0.7981510162353516
16,2,34.654,2275.39892578125,T8,208,0.0,0.7981510162353516
16,2,34.654,2275.39892578125,T8,205,0.0,0.792877197265625
16,2,34.679,2276.8076171875,T8,205,0.0,0.792877197265625
16,2,34.679,2276.8076171875,T8,202,0.0,0.7841300368309021
16,2,34.704,2278.1875,T8,202,0.0,0.7841300368309021
16,2,34.704,2278.1875,T8,200,0.0,0.7890594005584717
16,2,34.729,2279.5595703125,T8,200,0.0,0.7890594005584717
16,2,34.729,2279.5595703125,T8,197,0.0,0.8087263107299805
16,2,34.754,2280.8974609375,T8,197,0.0,0.8087263107299805
16,2,34.754,2280.8974609375,T8,195,0.0,0.8803128004074097
16,2,34.778,2282.2216796875,T8,195,0.0,0.8803128004074097
16,2,34.778,2282.2216796875,T8,192,0.0,0.926584780216217
16,2,34.803,2283.53125,T8,192,0.0,0.926584780216217
16,2,34.803,2283.53125,T8,189,0.0,0.8883477449417114
16,2,34.828,2284.8291015625,T8,189,0.0,0.8883477449417114
16,2,34.828,2284.8291015625,T8,186,0.0,0.7608062624931335
16,2,34.853,2286.0771484375,T8,186,0.0,0.7608062624931335
16,2,34.853,2286.0771484375,T8,185,0.0,0.1988377720117569
16,2,34.877,2287.34765625,T8,185,0.0,0.1988377720117569
16,2,34.877,2287.34765625,T8,184,0.0,0.16847658157348633
16,2,34.902,2288.6064453125,T8,184,0.0,0.16847658157348633
16,2,34.902,2288.6064453125,T8,183,0.0,0.15433433651924133
16,2,34.927,2289.880859375,T8,183,0.0,0.15433433651924133
16,2,34.927,2289.880859375,T8,182,0.0,0.18322773277759552
16,2,34.952,2291.13671875,T8,182,0.0,0.18322773277759552
16,2,34.952,2291.13671875,T8,182,1.0,0.0
16,2,34.978,2292.4013671875,T8,182,1.0,0.0
16,2,34.978,2292.4013671875,T8,182,0.0,0.18325155973434448
16,2,35.003,2293.6640625,T8,182,0.0,0.18325155973434448
16,2,35.003,2293.6640625,T8,180,0.0,1.0
16,2,35.029,2294.92919921875,T8,180,0.0,1.0
16,2,35.029,2294.92919921875,T8,178,0.0,0.6862443685531616
16,2,35.055,2296.203125,T9,178,0.0,0.6862443685531616
16,2,35.055,2296.203125,T9,176,0.0,0.6806319952011108
16,2,35.081,2297.4765625,T9,176,0.0,0.6806319952011108
16,2,35.081,2297.4765625,T9,174,0.0,0.6755064725875854
16,2,35.107,2298.7353515625,T9,174,0.0,0.6755064725875854
16,2,35.107,2298.7353515625,T9,172,0.0,0.6745961904525757
16,2,35.134,2300.009765625,T9,172,0.0,0.6745961904525757
16,2,35.134,2300.009765625,T9,170,0.0,0.667169988155365
16,2,35.161,2301.244140625,T9,170,0.0,0.667169988155365
16,2,35.161,2301.244140625,T9,167,0.0,0.642297625541687
16,2,35.188,2302.4736328125,T9,167,0.0,0.642297625541687
16,2,35.188,2302.4736328125,T9,165,0.0,0.6303262710571289
16,2,35.215,2303.6865234375,T9,165,0.0,0.6303262710571289
16,2,35.215,2303.6865234375,T9,163,0.0,0.6111361980438232
16,2,35.242,2304.8828125,T9,163,0.0,0.6111361980438232
16,2,35.242,2304.8828125,T9,160,0.0,0.5866708755493164
16,2,35.269,2306.0625,T9,160,0.0,0.5866708755493164
16,2,35.269,2306.0625,T9,158,0.0,0.5852716565132141
16,2,35.296,2307.23291015625,T9,158,0.0,0.5852716565132141
16,2,35.296,2307.23291015625,T9,156,0.0,0.5739813446998596
16,2,35.323,2308.361328125,T9,156,0.0,0.5739813446998596
16,2,35.323,2308.361328125,T9,154,0.0,0.5664451122283936
16,2,35.35,2309.48291015625,T9,154,0.0,0.5664451122283936
16,2,35.35,2309.48291015625,T9,152,0.0,0.5590119361877441
16,2,35.376,2310.578125,T9,152,0.0,0.5590119361877441
16,2,35.376,2310.578125,T9,150,0.0,0.5511183738708496
16,2,35.403,2311.654296875,T9,150,0.0,0.5511183738708496
16,2,35.403,2311.654296875,T9,148,0.0,0.5423072576522827
16,2,35.429,2312.7197265625,T9,148,0.0,0.5423072576522827
16,2,35.429,2312.7197265625,T9,146,0.0,0.5337042212486267
16,2,35.456,2313.74609375,T9,146,0.0,0.5337042212486267
16,2,35.456,2313.74609375,T9,144,0.0,0.5207027196884155
16,2,35.482,2314.74951171875,T9,144,0.0,0.5207027196884155
16,2,35.482,2314.74951171875,T9,142,0.0,0.5132214426994324
16,2,35.507,2315.7392578125,T9,142,0.0,0.5132214426994324
16,2,35.507,2315.7392578125,T9,140,0.0,0.5083881616592407
16,2,35.533,2316.7275390625,T9,140,0.0,0.5083881616592407
16,2,35.533,2316.7275390625,T9,139,0.0,0.4967666268348694
16,2,35.559,2317.69091796875,T9,139,0.0,0.4967666268348694
16,2,35.559,2317.69091796875,T9,137,0.0,0.4888914227485657
16,2,35.584,2318.646484375,T9,137,0.0,0.4888914227485657
16,2,35.584,2318.646484375,T9,135,0.0,0.484550803899765
16,2,35.61,2319.5869140625,T9,135,0.0,0.484550803899765
16,2,35.61,2319.5869140625,T9,133,0.0,0.48155999183654785
16,2,35.635,2320.5244140625,T9,133,0.0,0.48155999183654785
16,2,35.635,2320.5244140625,T9,132,0.0,0.47837671637535095
16,2,35.661,2321.4560546875,T9,132,0.0,0.47837671637535095
16,2,35.661,2321.4560546875,T9,130,0.0,0.4726974666118622
16,2,35.686,2322.3740234375,T9,130,0.0,0.4726974666118622
16,2,35.686,2322.3740234375,T9,128,0.0,0.4665558636188507
16,2,35.712,2323.2744140625,T9,128,0.0,0.4665558636188507
16,2,35.712,2323.2744140625,T9,127,0.0,0.4598335027694702
16,2,35.737,2324.16845703125,T9,127,0.0,0.4598335027694702
16,2,35.737,2324.16845703125,T9,125,0.0,0.4548225998878479
16,2,35.763,2325.0615234375,T9,125,0.0,0.4548225998878479
16,2,35.763,2325.0615234375,T9,124,0.0,0.4507594108581543
16,2,35.788,2325.92578125,T9,124,0.0,0.4507594108581543
16,2,35.788,2325.92578125,T9,123,0.0,0.4475453794002533
16,2,35.813,2326.775390625,T9,123,0.0,0.4475453794002533
16,2,35.813,2326.775390625,T9,121,0.0,0.4461834728717804
16,2,35.838,2327.609375,T9,121,0.0,0.4461834728717804
16,2,35.838,2327.609375,T9,120,0.0,0.44214603304862976
16,2,35.863,2328.4345703125,T9,120,0.0,0.44214603304862976
16,2,35.863,2328.4345703125,T9,118,0.0,0.4395791292190552
16,2,35.888,2329.25390625,T9,118,0.0,0.4395791292190552
16,2,35.888,2329.25390625,T9,117,0.0,0.4369645118713379
16,2,35.912,2330.060546875,T9,117,0.0,0.4369645118713379
16,2,35.912,2330.060546875,T9,116,0.0,0.4363493025302887
16,2,35.937,2330.84765625,T9,116,0.0,0.4363493025302887
16,2,35.937,2330.84765625,T9,115,0.0,0.4356534481048584
16,2,35.961,2331.6416015625,T9,115,0.0,0.4356534481048584
16,2,35.961,2331.6416015625,T9,113,0.0,0.4351513385772705
16,2,35.986,2332.4365234375,T9,113,0.0,0.4351513385772705
16,2,35.986,2332.4365234375,T9,112,0.0,0.43452879786491394
16,2,36.011,2333.22265625,T9,112,0.0,0.43452879786491394
16,2,36.011,2333.22265625,T9,110,0.0,0.4339209794998169
16,2,36.036,2334.0205078125,T9,110,0.0,0.4339209794998169
16,2,36.036,2334.0205078125,T9,109,0.0,0.43199631571769714
16,2,36.061,2334.8017578125,T9,109,0.0,0.43199631571769714
16,2,36.061,2334.8017578125,T9,108,0.0,0.4299701452255249
16,2,36.086,2335.57568359375,T9,108,0.0,0.4299701452255249
16,2,36.086,2335.57568359375,T9,106,0.0,0.42794403433799744
16,2,36.112,2336.35205078125,T9,106,0.0,0.42794403433799744
16,2,36.112,2336.35205078125,T9,105,0.0,0.3694934844970703
16,2,36.137,2337.123046875,T9,105,0.0,0.3694934844970703
16,2,36.137,2337.123046875,T9,104,0.0,0.29752692580223083
16,2,36.162,2337.8857421875,T9,104,0.0,0.29752692580223083
16,2,36.162,2337.8857421875,T9,103,0.0,0.2282382994890213
16,2,36.188,2338.64599609375,T9,103,0.0,0.2282382994890213
16,2,36.188,2338.64599609375,T9,101,0.0,0.1607799530029297
16,2,36.213,2339.3857421875,T9,101,0.0,0.1607799530029297
16,2,36.213,2339.3857421875,T9,100,0.0,0.1281452178955078
16,2,36.238,2340.13330078125,T9,100,0.0,0.1281452178955078
16,2,36.238,2340.13330078125,T9,99,0.0,0.07397472858428955
16,2,36.263,2340.9013671875,T9,99,0.0,0.07397472858428955
16,2,36.263,2340.9013671875,T9,99,0.0,0.07360325008630753
16,2,36.289,2341.6826171875,T9,99,0.0,0.07360325008630753
16,2,36.289,2341.6826171875,T9,98,0.0,0.073267862200737
16,2,36.314,2342.455078125,T9,98,0.0,0.073267862200737
16,2,36.314,2342.455078125,T9,97,0.0,0.05336116999387741
16,2,36.339,2343.2197265625,T9,97,0.0,0.05336116999387741
16,2,36.339,2343.2197265625,T9,96,0.0,0.02302984893321991
16,2,36.364,2343.98681640625,T9,96,0.0,0.02302984893321991
16,2,36.364,2343.98681640625,T9,95,0.0,0.0
16,2,36.389,2344.765625,T9,95,0.0,0.0
16,2,36.389,2344.765625,T9,95,0.0,0.0
16,2,36.415,2345.5390625,T9,95,0.0,0.0
16,2,36.415,2345.5390625,T9,94,0.18148010969161987,0.0
16,2,36.441,2346.31494140625,T9,94,0.18148010969161987,0.0
16,2,36.441,2346.31494140625,T9,94,0.19057762622833252,0.0
16,2,36.466,2347.083984375,T9,94,0.19057762622833252,0.0
16,2,36.466,2347.083984375,T9,93,0.20628738403320312,0.0
16,2,36.492,2347.8603515625,T9,93,0.20628738403320312,0.0
16,2,36.492,2347.8603515625,T9,93,0.22419387102127075,0.0
16,2,36.517,2348.6474609375,T9,93,0.22419387102127075,0.0
16,2,36.517,2348.6474609375,T9,93,0.24429631233215332,0.0
16,2,36.543,2349.4404296875,T9,93,0.24429631233215332,0.0
16,2,36.543,2349.4404296875,T9,93,0.26680701971054077,0.0
16,2,36.569,2350.2451171875,T9,93,0.26680701971054077,0.0
16,2,36.569,2350.2451171875,T9,92,0.28961193561553955,0.0
16,2,36.595,2351.064453125,T9,92,0.28961193561553955,0.0
16,2,36.595,2351.064453125,T9,92,0.3164355158805847,0.0
16,2,36.621,2351.8994140625,T9,92,0.3164355158805847,0.0
16,2,36.621,2351.8994140625,T9,92,0.3447495698928833,0.0
16,2,36.647,2352.7587890625,T9,92,0.3447495698928833,0.0
16,2,36.647,2352.7587890625,T9,92,0.3748970031738281,0.0
16,2,36.674,2353.6357421875,T9,92,0.3748970031738281,0.0
16,2,36.674,2353.6357421875,T9,92,0.4064258933067322,0.0
16,2,36.701,2354.5380859375,T9,92,0.4064258933067322,0.0
16,2,36.701,2354.5380859375,T9,92,0.4386170506477356,0.0
16,2,36.728,2355.4775390625,T9,92,0.4386170506477356,0.0
16,2,36.728,2355.4775390625,T9,92,0.47064006328582764,0.0
16,2,36.755,2356.3994140625,T9,92,0.47064006328582764,0.0
16,2,36.755,2356.3994140625,T9,92,0.5019135475158691,0.0
16,2,36.782,2357.3173828125,T9,92,0.5019135475158691,0.0
16,2,36.782,2357.3173828125,T9,92,0.5326827764511108,0.0
16,2,36.809,2358.22607421875,T9,92,0.5326827764511108,0.0
16,2,36.809,2358.22607421875,T9,92,0.5624774098396301,0.0
16,2,36.835,2359.12353515625,T9,92,0.5624774098396301,0.0
16,2,36.835,2359.12353515625,T9,93,0.5909412503242493,0.0
16,2,36.862,2360.0234375,T9,93,0.5909412503242493,0.0
16,2,36.862,2360.0234375,T9,93,0.6169618368148804,0.0
16,2,36.889,2360.9140625,T9,93,0.6169618368148804,0.0
16,2,36.889,2360.9140625,T9,93,0.641113817691803,0.0
16,2,36.916,2361.802734375,T9,93,0.641113817691803,0.0
16,2,36.916,2361.802734375,T9,94,0.6633734703063965,0.0
16,2,36.942,2362.6982421875,T9,94,0.6633734703063965,0.0
16,2,36.942,2362.6982421875,T9,94,0.6835682392120361,0.0
16,2,36.969,2363.6015625,T9,94,0.6835682392120361,0.0
16,2,36.969,2363.6015625,T9,95,0.701819658279419,0.0
16,2,36.996,2364.4951171875,T9,95,0.701819658279419,0.0
16,2,36.996,2364.4951171875,T9,95,0.7175939083099365,0.0
16,2,37.022,2365.400390625,T9,95,0.7175939083099365,0.0
16,2,37.022,2365.400390625,T9,95,0.7279869318008423,0.0
16,2,37.048,2366.3076171875,T9,95,0.7279869318008423,0.0
16,2,37.048,2366.3076171875,T9,96,0.5713474154472351,0.0
16,2,37.075,2367.2197265625,T9,96,0.5713474154472351,0.0
16,2,37.075,2367.2197265625,T9,96,0.4455607533454895,0.0
16,2,37.101,2368.140625,T9,96,0.4455607533454895,0.0
16,2,37.101,2368.140625,T9,96,0.730289101600647,0.0
16,2,37.127,2369.06201171875,T9,96,0.730289101600647,0.0
16,2,37.127,2369.06201171875,T9,96,0.7086585760116577,0.0
16,2,37.152,2369.986328125,T9,96,0.7086585760116577,0.0
16,2,37.152,2369.986328125,T9,96,0.23709243535995483,0.0
16,2,37.178,2370.8740234375,T9,96,0.23709243535995483,0.0
16,2,37.178,2370.8740234375,T9,96,0.4178556203842163,0.0
16,2,37.203,2371.751953125,T9,96,0.4178556203842163,0.0
16,2,37.203,2371.751953125,T9,96,0.7777523994445801,0.0
16,2,37.229,2372.62255859375,T9,96,0.7777523994445801,0.0
16,2,37.229,2372.62255859375,T9,97,0.7874683141708374,0.0
16,2,37.255,2373.4853515625,T9,97,0.7874683141708374,0.0
16,2,37.255,2373.4853515625,T9,97,0.5816347599029541,0.0
16,2,37.281,2374.3427734375,T9,97,0.5816347599029541,0.0
16,2,37.281,2374.3427734375,T9,97,0.32783591747283936,0.0
16,2,37.307,2375.1884765625,T9,97,0.32783591747283936,0.0
16,2,37.307,2375.1884765625,T9,97,0.3691719174385071,0.0
16,2,37.332,2376.0263671875,T9,97,0.3691719174385071,0.0
16,2,37.332,2376.0263671875,T9,97,0.8136813044548035,0.0
16,2,37.358,2376.86083984375,T9,97,0.8136813044548035,0.0
16,2,37.358,2376.86083984375,T9,97,0.8265150785446167,0.0
16,2,37.384,2377.6904296875,T9,97,0.8265150785446167,0.0
16,2,37.384,2377.6904296875,T9,98,0.8406263589859009,0.0
16,2,37.409,2378.517578125,T9,98,0.8406263589859009,0.0
16,2,37.409,2378.517578125,T9,98,0.8551232218742371,0.0
16,2,37.435,2379.345703125,T9,98,0.8551232218742371,0.0
16,2,37.435,2379.345703125,T9,98,0.8724686503410339,0.0
16,2,37.46,2380.1748046875,T9,98,0.8724686503410339,0.0
16,2,37.46,2380.1748046875,T9,98,0.8937894701957703,0.0
16,2,37.486,2381.005859375,T9,98,0.8937894701957703,0.0
16,2,37.486,2381.005859375,T9,98,0.919206976890564,0.0
16,2,37.511,2381.8359375,T9,98,0.919206976890564,0.0
16,2,37.511,2381.8359375,T9,99,0.9463503360748291,0.0
16,2,37.537,2382.669921875,T9,99,0.9463503360748291,0.0
16,2,37.537,2382.669921875,T9,99,0.974897563457489,0.0
16,2,37.562,2383.50390625,T9,99,0.974897563457489,0.0
16,2,37.562,2383.50390625,T9,99,1.0,0.0
16,2,37.588,2384.34716796875,T9,99,1.0,0.0
16,2,37.588,2384.34716796875,T9,99,1.0,0.0
16,2,37.613,2385.20263671875,T9,99,1.0,0.0
16,2,37.613,2385.20263671875,T9,99,1.0,0.0
16,2,37.639,2385.953125,T9,99,1.0,0.0
16,2,37.639,2385.953125,T9,99,1.0,0.0
16,2,37.664,2386.69580078125,T9,99,1.0,0.0
16,2,37.664,2386.69580078125,T9,99,1.0,0.0
16,2,37.689,2387.4482421875,T9,99,1.0,0.0
16,2,37.689,2387.4482421875,T9,99,1.0,0.0
16,2,37.714,2388.1962890625,T9,99,1.0,0.0
16,2,37.714,2388.1962890625,T9,100,1.0,0.0
16,2,37.74,2388.9375,T9,100,1.0,0.0
16,2,37.74,2388.9375,T9,100,1.0,0.0
16,2,37.765,2389.67919921875,T9,100,1.0,0.0
16,2,37.765,2389.67919921875,T9,100,1.0,0.0
16,2,37.79,2390.4189453125,T9,100,1.0,0.0
16,2,37.79,2390.4189453125,T9,100,1.0,0.0
16,2,37.815,2391.1748046875,T9,100,1.0,0.0
16,2,37.815,2391.1748046875,T9,101,1.0,0.0
16,2,37.84,2391.9462890625,T9,101,1.0,0.0
16,2,37.84,2391.9462890625,T9,102,1.0,0.0
16,2,37.866,2392.69384765625,T9,102,1.0,0.0
16,2,37.866,2392.69384765625,T9,102,1.0,0.0
16,2,37.892,2393.455078125,T9,102,1.0,0.0
16,2,37.892,2393.455078125,T9,102,1.0,0.0
16,2,37.917,2394.23046875,T9,102,1.0,0.0
16,2,37.917,2394.23046875,T9,103,1.0,0.0
16,2,37.943,2395.00634765625,T9,103,1.0,0.0
16,2,37.943,2395.00634765625,T9,104,1.0,0.0
16,2,37.969,2395.79638671875,T9,104,1.0,0.0
16,2,37.969,2395.79638671875,T9,105,1.0,0.0
16,2,37.995,2396.595703125,T9,105,1.0,0.0
16,2,37.995,2396.595703125,T9,106,1.0,0.0
16,2,38.022,2397.38671875,T9,106,1.0,0.0
16,2,38.022,2397.38671875,T9,106,1.0,0.0
16,2,38.048,2398.205078125,T9,106,1.0,0.0
16,2,38.048,2398.205078125,T9,106,1.0,0.0
16,2,38.074,2399.03515625,T9,106,1.0,0.0
16,2,38.074,2399.03515625,T9,107,1.0,0.0
16,2,38.101,2399.8798828125,T9,107,1.0,0.0
16,2,38.101,2399.8798828125,T9,108,1.0,0.0
16,2,38.129,2400.7265625,T9,108,1.0,0.0
16,2,38.129,2400.7265625,T9,109,1.0,0.0
16,2,38.157,2401.58154296875,T9,109,1.0,0.0
16,2,38.157,2401.58154296875,T9,110,1.0,0.0
16,2,38.185,2402.435546875,T9,110,1.0,0.0
16,2,38.185,2402.435546875,T9,111,1.0,0.0
16,2,38.212,2403.3046875,T9,111,1.0,0.0
16,2,38.212,2403.3046875,T9,111,1.0,0.0
16,2,38.24,2404.18408203125,T9,111,1.0,0.0
16,2,38.24,2404.18408203125,T9,112,1.0,0.0
16,2,38.268,2405.0546875,T9,112,1.0,0.0
16,2,38.268,2405.0546875,T9,114,1.0,0.0
16,2,38.296,2405.9140625,T9,114,1.0,0.0
16,2,38.296,2405.9140625,T9,115,1.0,0.0
16,2,38.322,2406.7685546875,T9,115,1.0,0.0
16,2,38.322,2406.7685546875,T9,116,1.0,0.0
16,2,38.349,2407.6376953125,T9,116,1.0,0.0
16,2,38.349,2407.6376953125,T9,117,1.0,0.0
16,2,38.376,2408.5234375,T9,117,1.0,0.0
16,2,38.376,2408.5234375,T9,119,1.0,0.0
16,2,38.403,2409.4072265625,T9,119,1.0,0.0
16,2,38.403,2409.4072265625,T9,119,1.0,0.0
16,2,38.429,2410.2783203125,T9,119,1.0,0.0
16,2,38.429,2410.2783203125,T9,120,1.0,0.0
16,2,38.455,2411.15625,T9,120,1.0,0.0
16,2,38.455,2411.15625,T9,121,1.0,0.0
16,2,38.482,2412.0439453125,T9,121,1.0,0.0
16,2,38.482,2412.0439453125,T9,122,1.0,0.0
16,2,38.508,2412.94482421875,T9,122,1.0,0.0
16,2,38.508,2412.94482421875,T9,123,1.0,0.0
16,2,38.534,2413.8359375,T9,123,1.0,0.0
16,2,38.534,2413.8359375,T9,124,1.0,0.0
16,2,38.56,2414.7373046875,T9,124,1.0,0.0
16,2,38.56,2414.7373046875,T9,125,1.0,0.0
16,2,38.586,2415.6298828125,T9,125,1.0,0.0
16,2,38.586,2415.6298828125,T9,125,1.0,0.0
16,2,38.612,2416.525390625,T9,125,1.0,0.0
16,2,38.612,2416.525390625,T9,126,1.0,0.0
16,2,38.638,2417.42333984375,T9,126,1.0,0.0
16,2,38.638,2417.42333984375,T9,127,1.0,0.0
16,2,38.663,2418.32373046875,T9,127,1.0,0.0
16,2,38.663,2418.32373046875,T9,128,1.0,0.0
16,2,38.688,2419.23583984375,T9,128,1.0,0.0
16,2,38.688,2419.23583984375,T9,129,1.0,0.0
16,2,38.714,2420.169921875,T9,129,1.0,0.0
16,2,38.714,2420.169921875,T9,131,1.0,0.0
16,2,38.74,2421.0859375,T9,131,1.0,0.0
16,2,38.74,2421.0859375,T9,131,1.0,0.0
16,2,38.765,2422.0107421875,T9,131,1.0,0.0
16,2,38.765,2422.0107421875,T9,132,0.8905279636383057,0.0
16,2,38.791,2422.9404296875,T9,132,0.8905279636383057,0.0
16,2,38.791,2422.9404296875,T9,132,0.20155388116836548,0.0
16,2,38.816,2423.88427734375,T9,132,0.20155388116836548,0.0
16,2,38.816,2423.88427734375,T9,132,0.167597234249115,0.0
16,2,38.842,2424.8291015625,T9,132,0.167597234249115,0.0
16,2,38.842,2424.8291015625,T9,132,0.11981785297393799,0.0
16,2,38.869,2425.775390625,T10,132,0.11981785297393799,0.0
16,2,38.869,2425.775390625,T10,132,0.05864262580871582,0.0
16,2,38.895,2426.70654296875,T10,132,0.05864262580871582,0.0
16,2,38.895,2426.70654296875,T10,131,0.0,0.0
16,2,38.921,2427.7255859375,T10,131,0.0,0.0
16,2,38.921,2427.7255859375,T10,131,0.0,0.0
16,2,38.947,2428.759765625,T10,131,0.0,0.0
16,2,38.947,2428.759765625,T10,131,0.0,0.0
16,2,38.974,2429.8046875,T10,131,0.0,0.0
16,2,38.974,2429.8046875,T10,131,0.0,0.0
16,2,39.001,2430.8388671875,T10,131,0.0,0.0
16,2,39.001,2430.8388671875,T10,130,0.0,0.0
16,2,39.027,2431.8955078125,T10,130,0.0,0.0
16,2,39.027,2431.8955078125,T10,130,0.0,0.0
16,2,39.055,2432.9365234375,T10,130,0.0,0.0
16,2,39.055,2432.9365234375,T10,130,0.0,0.0
16,2,39.081,2434.00537109375,T10,130,0.0,0.0
16,2,39.081,2434.00537109375,T10,129,0.0,0.0
16,2,39.109,2435.0322265625,T10,129,0.0,0.0
16,2,39.109,2435.0322265625,T10,129,0.0,0.0
16,2,39.135,2436.0732421875,T10,129,0.0,0.0
16,2,39.135,2436.0732421875,T10,129,0.0,0.0
16,2,39.162,2437.11474609375,T10,129,0.0,0.0
16,2,39.162,2437.11474609375,T10,128,0.0,0.0
16,2,39.189,2438.1552734375,T10,128,0.0,0.0
16,2,39.189,2438.1552734375,T10,128,0.0,0.0
16,2,39.216,2439.1826171875,T10,128,0.0,0.0
16,2,39.216,2439.1826171875,T10,128,0.0,0.0
16,2,39.242,2440.21875,T10,128,0.0,0.0
16,2,39.242,2440.21875,T10,126,0.0,0.48200342059135437
16,2,39.269,2441.2177734375,T10,126,0.0,0.48200342059135437
16,2,39.269,2441.2177734375,T10,125,0.0,0.4800252914428711
16,2,39.295,2442.2431640625,T10,125,0.0,0.4800252914428711
16,2,39.295,2442.2431640625,T10,124,0.0,0.4765656888484955
16,2,39.322,2443.2548828125,T10,124,0.0,0.4765656888484955
16,2,39.322,2443.2548828125,T10,122,0.0,0.47247251868247986
16,2,39.348,2444.31640625,T10,122,0.0,0.47247251868247986
16,2,39.348,2444.31640625,T10,121,0.0,0.47019070386886597
16,2,39.374,2445.3857421875,T10,121,0.0,0.47019070386886597
16,2,39.374,2445.3857421875,T10,119,0.0,0.40550920367240906
16,2,39.401,2446.43701171875,T10,119,0.0,0.40550920367240906
16,2,39.401,2446.43701171875,T10,118,0.0,0.33775290846824646
16,2,39.428,2447.466796875,T10,118,0.0,0.33775290846824646
16,2,39.428,2447.466796875,T10,117,0.0,0.28705939650535583
16,2,39.454,2448.5048828125,T10,117,0.0,0.28705939650535583
16,2,39.454,2448.5048828125,T10,116,0.0,0.22030334174633026
16,2,39.481,2449.5166015625,T10,116,0.0,0.22030334174633026
16,2,39.481,2449.5166015625,T10,115,0.0,0.1675090789794922
16,2,39.508,2450.515625,T10,115,0.0,0.1675090789794922
16,2,39.508,2450.515625,T10,114,0.0,0.12904930114746094
16,2,39.535,2451.5029296875,T10,114,0.0,0.12904930114746094
16,2,39.535,2451.5029296875,T10,113,0.0,0.0880664810538292
16,2,39.561,2452.49169921875,T10,113,0.0,0.0880664810538292
16,2,39.561,2452.49169921875,T10,112,0.0,0.044911958277225494
16,2,39.588,2453.48046875,T10,112,0.0,0.044911958277225494
16,2,39.588,2453.48046875,T10,112,0.0,0.011062241159379482
16,2,39.615,2454.4658203125,T10,112,0.0,0.011062241159379482
16,2,39.615,2454.4658203125,T10,111,0.0,0.0
16,2,39.642,2455.4306640625,T10,111,0.0,0.0
16,2,39.642,2455.4306640625,T10,111,0.0,0.0
16,2,39.669,2456.4150390625,T10,111,0.0,0.0
16,2,39.669,2456.4150390625,T10,110,0.0,0.0
16,2,39.696,2457.4169921875,T10,110,0.0,0.0
16,2,39.696,2457.4169921875,T10,110,0.0,0.0
16,2,39.724,2458.419921875,T10,110,0.0,0.0
16,2,39.724,2458.419921875,T10,109,0.0,0.0
16,2,39.751,2459.37109375,T10,109,0.0,0.0
16,2,39.751,2459.37109375,T10,108,0.0,0.0
16,2,39.778,2460.3037109375,T10,108,0.0,0.0
16,2,39.778,2460.3037109375,T10,108,0.0,0.0
16,2,39.806,2461.236328125,T10,108,0.0,0.0
16,2,39.806,2461.236328125,T10,108,0.0,0.0
16,2,39.833,2462.17578125,T10,108,0.0,0.0
16,2,39.833,2462.17578125,T10,107,0.0,0.0
16,2,39.861,2463.0947265625,T10,107,0.0,0.0
16,2,39.861,2463.0947265625,T10,107,0.010999798774719238,0.0
16,2,39.888,2464.0166015625,T10,107,0.010999798774719238,0.0
16,2,39.888,2464.0166015625,T10,106,0.2124239206314087,0.0
16,2,39.915,2464.9287109375,T10,106,0.2124239206314087,0.0
16,2,39.915,2464.9287109375,T10,106,0.2228398323059082,0.0
16,2,39.943,2465.8330078125,T10,106,0.2228398323059082,0.0
16,2,39.943,2465.8330078125,T10,106,0.23333686590194702,0.0
16,2,39.97,2466.740234375,T10,106,0.23333686590194702,0.0
16,2,39.97,2466.740234375,T10,106,0.2439289093017578,0.0
16,2,39.997,2467.6513671875,T10,106,0.2439289093017578,0.0
16,2,39.997,2467.6513671875,T10,106,0.25476139783859253,0.0
16,2,40.025,2468.54345703125,T10,106,0.25476139783859253,0.0
16,2,40.025,2468.54345703125,T10,106,0.26557594537734985,0.0
16,2,40.051,2469.4306640625,T10,106,0.26557594537734985,0.0
16,2,40.051,2469.4306640625,T10,106,0.27600276470184326,0.0
16,2,40.078,2470.30712890625,T10,106,0.27600276470184326,0.0
16,2,40.078,2470.30712890625,T10,106,0.28612250089645386,0.0
16,2,40.104,2471.1962890625,T10,106,0.28612250089645386,0.0
16,2,40.104,2471.1962890625,T10,106,0.2958936095237732,0.0
16,2,40.13,2472.08984375,T10,106,0.2958936095237732,0.0
16,2,40.13,2472.08984375,T10,106,0.30532073974609375,0.0
16,2,40.157,2472.9736328125,T10,106,0.30532073974609375,0.0
16,2,40.157,2472.9736328125,T10,106,0.31418710947036743,0.0
16,2,40.183,2473.86474609375,T10,106,0.31418710947036743,0.0
16,2,40.183,2473.86474609375,T10,106,0.24055194854736328,0.0
16,2,40.209,2474.76025390625,T10,106,0.24055194854736328,0.0
16,2,40.209,2474.76025390625,T10,106,0.2678670287132263,0.0
16,2,40.235,2475.6533203125,T10,106,0.2678670287132263,0.0
16,2,40.235,2475.6533203125,T10,106,0.2717319130897522,0.0
16,2,40.261,2476.5302734375,T10,106,0.2717319130897522,0.0
16,2,40.261,2476.5302734375,T10,106,0.26551592350006104,0.0
16,2,40.287,2477.4130859375,T10,106,0.26551592350006104,0.0
16,2,40.287,2477.4130859375,T10,106,0.25603652000427246,0.0
16,2,40.313,2478.29248046875,T10,106,0.25603652000427246,0.0
16,2,40.313,2478.29248046875,T10,106,0.2641723155975342,0.0
16,2,40.339,2479.18017578125,T10,106,0.2641723155975342,0.0
16,2,40.339,2479.18017578125,T10,106,0.29470038414001465,0.0
16,2,40.365,2480.0439453125,T10,106,0.29470038414001465,0.0
16,2,40.365,2480.0439453125,T10,106,0.2960531711578369,0.0
16,2,40.391,2480.91162109375,T10,106,0.2960531711578369,0.0
16,2,40.391,2480.91162109375,T10,106,0.2790781259536743,0.0
16,2,40.417,2481.77734375,T10,106,0.2790781259536743,0.0
16,2,40.417,2481.77734375,T10,106,0.27871274948120117,0.0
16,2,40.443,2482.65625,T10,106,0.27871274948120117,0.0
16,2,40.443,2482.65625,T10,106,0.3098270297050476,0.0
16,2,40.47,2483.53125,T10,106,0.3098270297050476,0.0
16,2,40.47,2483.53125,T10,106,0.3062378168106079,0.0
16,2,40.496,2484.3984375,T10,106,0.3062378168106079,0.0
16,2,40.496,2484.3984375,T10,106,0.31236422061920166,0.0
16,2,40.522,2485.2568359375,T10,106,0.31236422061920166,0.0
16,2,40.522,2485.2568359375,T10,106,0.29076075553894043,0.0
16,2,40.548,2486.1240234375,T10,106,0.29076075553894043,0.0
16,2,40.548,2486.1240234375,T10,106,0.2973083257675171,0.0
16,2,40.574,2486.9921875,T10,106,0.2973083257675171,0.0
16,2,40.574,2486.9921875,T10,106,0.30727094411849976,0.0
16,2,40.6,2487.865234375,T10,106,0.30727094411849976,0.0
16,2,40.6,2487.865234375,T10,106,0.3073011040687561,0.0
16,2,40.626,2488.7451171875,T10,106,0.3073011040687561,0.0
16,2,40.626,2488.7451171875,T10,106,0.3071749210357666,0.0
16,2,40.652,2489.6044921875,T10,106,0.3071749210357666,0.0
16,2,40.652,2489.6044921875,T10,106,0.29372113943099976,0.0
16,2,40.678,2490.48193359375,T10,106,0.29372113943099976,0.0
16,2,40.678,2490.48193359375,T10,106,0.30568480491638184,0.0
16,2,40.704,2491.357421875,T10,106,0.30568480491638184,0.0
16,2,40.704,2491.357421875,T10,106,0.3087204694747925,0.0
16,2,40.729,2492.22607421875,T10,106,0.3087204694747925,0.0
16,2,40.729,2492.22607421875,T10,106,0.35904109477996826,0.0
16,2,40.755,2493.0966796875,T10,106,0.35904109477996826,0.0
16,2,40.755,2493.0966796875,T10,106,0.4415583610534668,0.0
16,2,40.781,2493.9560546875,T10,106,0.4415583610534668,0.0
16,2,40.781,2493.9560546875,T10,107,0.4402356743812561,0.0
16,2,40.807,2494.814453125,T10,107,0.4402356743812561,0.0
16,2,40.807,2494.814453125,T10,107,0.4622015357017517,0.0
16,2,40.833,2495.6728515625,T10,107,0.4622015357017517,0.0
16,2,40.833,2495.6728515625,T10,107,0.2709299325942993,0.0
16,2,40.859,2496.5517578125,T10,107,0.2709299325942993,0.0
16,2,40.859,2496.5517578125,T10,107,0.46176254749298096,0.0
16,2,40.886,2497.4072265625,T10,107,0.46176254749298096,0.0
16,2,40.886,2497.4072265625,T10,107,0.5324261784553528,0.0
16,2,40.912,2498.2568359375,T10,107,0.5324261784553528,0.0
16,2,40.912,2498.2568359375,T10,107,0.3445650339126587,0.0
16,2,40.937,2499.1025390625,T10,107,0.3445650339126587,0.0
16,2,40.937,2499.1025390625,T10,107,0.39095425605773926,0.0
16,2,40.963,2499.95703125,T10,107,0.39095425605773926,0.0
16,2,40.963,2499.95703125,T10,107,0.471899151802063,0.0
16,2,40.989,2500.8017578125,T10,107,0.471899151802063,0.0
16,2,40.989,2500.8017578125,T10,108,0.4154386520385742,0.0
16,2,41.015,2501.6591796875,T10,108,0.4154386520385742,0.0
16,2,41.015,2501.6591796875,T10,108,0.38101691007614136,0.0
16,2,41.041,2502.5166015625,T10,108,0.38101691007614136,0.0
16,2,41.041,2502.5166015625,T10,108,0.43660974502563477,0.0
16,2,41.067,2503.400390625,T10,108,0.43660974502563477,0.0
16,2,41.067,2503.400390625,T10,108,0.5874704122543335,0.0
16,2,41.093,2504.298828125,T10,108,0.5874704122543335,0.0
16,2,41.093,2504.298828125,T10,108,0.4752976894378662,0.0
16,2,41.12,2505.21435546875,T10,108,0.4752976894378662,0.0
16,2,41.12,2505.21435546875,T10,109,0.5562750101089478,0.0
16,2,41.148,2506.14111328125,T10,109,0.5562750101089478,0.0
16,2,41.148,2506.14111328125,T10,109,0.5869675278663635,0.0
16,2,41.175,2507.1171875,T10,109,0.5869675278663635,0.0
16,2,41.175,2507.1171875,T10,110,0.5565007925033569,0.0
16,2,41.203,2508.095703125,T10,110,0.5565007925033569,0.0
16,2,41.203,2508.095703125,T10,110,0.5351898670196533,0.0
16,2,41.23,2509.06689453125,T10,110,0.5351898670196533,0.0
16,2,41.23,2509.06689453125,T10,111,0.5408525466918945,0.0
16,2,41.258,2510.03759765625,T10,111,0.5408525466918945,0.0
16,2,41.258,2510.03759765625,T10,111,0.6557871103286743,0.0
16,2,41.285,2510.994140625,T10,111,0.6557871103286743,0.0
16,2,41.285,2510.994140625,T10,112,0.667039155960083,0.0
16,2,41.312,2511.943359375,T10,112,0.667039155960083,0.0
16,2,41.312,2511.943359375,T10,112,0.5790562033653259,0.0
16,2,41.339,2512.888671875,T10,112,0.5790562033653259,0.0
16,2,41.339,2512.888671875,T10,113,0.4430532455444336,0.0
16,2,41.365,2513.8310546875,T10,113,0.4430532455444336,0.0
16,2,41.365,2513.8310546875,T10,113,0.46893632411956787,0.0
16,2,41.392,2514.78515625,T10,113,0.46893632411956787,0.0
16,2,41.392,2514.78515625,T10,114,0.5232879519462585,0.0
16,2,41.418,2515.7421875,T10,114,0.5232879519462585,0.0
16,2,41.418,2515.7421875,T10,114,0.5617954730987549,0.0
16,2,41.445,2516.7001953125,T10,114,0.5617954730987549,0.0
16,2,41.445,2516.7001953125,T10,115,0.7166686058044434,0.0
16,2,41.471,2517.6904296875,T10,115,0.7166686058044434,0.0
16,2,41.471,2517.6904296875,T10,116,0.708392858505249,0.0
16,2,41.498,2518.6767578125,T10,116,0.708392858505249,0.0
16,2,41.498,2518.6767578125,T10,116,0.6457964181900024,0.0
16,2,41.525,2519.677734375,T10,116,0.6457964181900024,0.0
16,2,41.525,2519.677734375,T10,117,0.7317296266555786,0.0
16,2,41.552,2520.6845703125,T10,117,0.7317296266555786,0.0
16,2,41.552,2520.6845703125,T10,118,0.7216694355010986,0.0
16,2,41.579,2521.6982421875,T10,118,0.7216694355010986,0.0
16,2,41.579,2521.6982421875,T10,119,0.72833251953125,0.0
16,2,41.605,2522.720703125,T10,119,0.72833251953125,0.0
16,2,41.605,2522.720703125,T10,120,0.7502682209014893,0.0
16,2,41.631,2523.7607421875,T10,120,0.7502682209014893,0.0
16,2,41.631,2523.7607421875,T10,120,0.7610757350921631,0.0
16,2,41.658,2524.7724609375,T10,120,0.7610757350921631,0.0
16,2,41.658,2524.7724609375,T10,121,0.7894927263259888,0.0
16,2,41.683,2525.79052734375,T10,121,0.7894927263259888,0.0
16,2,41.683,2525.79052734375,T10,122,0.36243557929992676,0.0
16,2,41.709,2526.796875,T10,122,0.36243557929992676,0.0
16,2,41.709,2526.796875,T10,122,0.6955901384353638,0.0
16,2,41.735,2527.7958984375,T10,122,0.6955901384353638,0.0
16,2,41.735,2527.7958984375,T10,123,0.8182021379470825,0.0
16,2,41.761,2528.7939453125,T10,123,0.8182021379470825,0.0
16,2,41.761,2528.7939453125,T10,124,0.8375871181488037,0.0
16,2,41.787,2529.7763671875,T10,124,0.8375871181488037,0.0
16,2,41.787,2529.7763671875,T10,124,0.8528189063072205,0.0
16,2,41.812,2530.7666015625,T10,124,0.8528189063072205,0.0
16,2,41.812,2530.7666015625,T10,125,0.8718748092651367,0.0
16,2,41.837,2531.7646484375,T10,125,0.8718748092651367,0.0
16,2,41.837,2531.7646484375,T10,126,0.8966445326805115,0.0
16,2,41.863,2532.7802734375,T10,126,0.8966445326805115,0.0
16,2,41.863,2532.7802734375,T10,126,0.9252105951309204,0.0
16,2,41.889,2533.787109375,T10,126,0.9252105951309204,0.0
16,2,41.889,2533.787109375,T10,127,0.9567399024963379,0.0
16,2,41.914,2534.806640625,T10,127,0.9567399024963379,0.0
16,2,41.914,2534.806640625,T10,127,0.9941795468330383,0.0
16,2,41.94,2535.8154296875,T10,127,0.9941795468330383,0.0
16,2,41.94,2535.8154296875,T10,127,1.0,0.0
16,2,41.966,2536.8330078125,T10,127,1.0,0.0
16,2,41.966,2536.8330078125,T10,127,1.0,0.0
16,2,41.991,2537.8642578125,T10,127,1.0,0.0
16,2,41.991,2537.8642578125,T10,127,1.0,0.0
16,2,42.017,2538.810546875,T10,127,1.0,0.0
16,2,42.017,2538.810546875,T10,127,1.0,0.0
16,2,42.043,2539.74560546875,T10,127,1.0,0.0
16,2,42.043,2539.74560546875,T10,127,1.0,0.0
16,2,42.068,2540.6865234375,T10,127,1.0,0.0
16,2,42.068,2540.6865234375,T10,127,1.0,0.0
16,2,42.093,2541.6123046875,T10,127,1.0,0.0
16,2,42.093,2541.6123046875,T10,127,1.0,0.0
16,2,42.118,2542.55078125,T10,127,1.0,0.0
16,2,42.118,2542.55078125,T10,127,1.0,0.0
16,2,42.144,2543.47900390625,T10,127,1.0,0.0
16,2,42.144,2543.47900390625,T10,127,1.0,0.0
16,2,42.169,2544.40625,T10,127,1.0,0.0
16,2,42.169,2544.40625,T10,128,1.0,0.0
16,2,42.194,2545.34423828125,T10,128,1.0,0.0
16,2,42.194,2545.34423828125,T10,129,1.0,0.0
16,2,42.219,2546.2822265625,T10,129,1.0,0.0
16,2,42.219,2546.2822265625,T10,129,1.0,0.0
16,2,42.245,2547.21337890625,T10,129,1.0,0.0
16,2,42.245,2547.21337890625,T10,129,1.0,0.0
16,2,42.27,2548.15380859375,T10,129,1.0,0.0
16,2,42.27,2548.15380859375,T10,129,1.0,0.0
16,2,42.295,2549.0947265625,T10,129,1.0,0.0
16,2,42.295,2549.0947265625,T10,130,1.0,0.0
16,2,42.32,2550.041015625,T10,130,1.0,0.0
16,2,42.32,2550.041015625,T10,131,1.0,0.0
16,2,42.345,2550.9931640625,T10,131,1.0,0.0
16,2,42.345,2550.9931640625,T10,132,1.0,0.0
16,2,42.37,2551.9580078125,T10,132,1.0,0.0
16,2,42.37,2551.9580078125,T10,132,1.0,0.0
16,2,42.396,2552.931640625,T10,132,1.0,0.0
16,2,42.396,2552.931640625,T10,133,1.0,0.0
16,2,42.421,2553.9130859375,T10,133,1.0,0.0
16,2,42.421,2553.9130859375,T10,133,1.0,0.0
16,2,42.447,2554.87890625,T10,133,1.0,0.0
16,2,42.447,2554.87890625,T10,134,1.0,0.0
16,2,42.473,2555.8388671875,T10,134,1.0,0.0
16,2,42.473,2555.8388671875,T10,135,1.0,0.0
16,2,42.498,2556.8095703125,T10,135,1.0,0.0
16,2,42.498,2556.8095703125,T10,137,1.0,0.0
16,2,42.524,2557.7978515625,T10,137,1.0,0.0
16,2,42.524,2557.7978515625,T10,138,1.0,0.0
16,2,42.55,2558.7705078125,T10,138,1.0,0.0
16,2,42.55,2558.7705078125,T10,139,1.0,0.0
16,2,42.575,2559.751953125,T10,139,1.0,0.0
16,2,42.575,2559.751953125,T10,140,1.0,0.0
16,2,42.601,2560.72900390625,T10,140,1.0,0.0
16,2,42.601,2560.72900390625,T10,141,1.0,0.0
16,2,42.626,2561.7177734375,T10,141,1.0,0.0
16,2,42.626,2561.7177734375,T10,141,1.0,0.0
16,2,42.651,2562.7275390625,T10,141,1.0,0.0
16,2,42.651,2562.7275390625,T10,142,1.0,0.0
16,2,42.677,2563.74658203125,T10,142,1.0,0.0
16,2,42.677,2563.74658203125,T10,143,1.0,0.0
16,2,42.703,2564.7646484375,T10,143,1.0,0.0
16,2,42.703,2564.7646484375,T10,144,1.0,0.0
16,2,42.729,2565.79833984375,T10,144,1.0,0.0
16,2,42.729,2565.79833984375,T10,145,1.0,0.0
16,2,42.755,2566.8310546875,T10,145,1.0,0.0
16,2,42.755,2566.8310546875,T10,146,1.0,0.0
16,2,42.781,2567.8759765625,T10,146,1.0,0.0
16,2,42.781,2567.8759765625,T10,147,1.0,0.0
16,2,42.807,2568.93994140625,T10,147,1.0,0.0
16,2,42.807,2568.93994140625,T10,149,1.0,0.0
16,2,42.833,2570.005859375,T10,149,1.0,0.0
16,2,42.833,2570.005859375,T10,150,1.0,0.0
16,2,42.86,2571.07568359375,T10,150,1.0,0.0
16,2,42.86,2571.07568359375,T10,151,1.0,0.0
16,2,42.886,2572.1513671875,T10,151,1.0,0.0
16,2,42.886,2572.1513671875,T10,152,1.0,0.0
16,2,42.911,2573.228515625,T10,152,1.0,0.0
16,2,42.911,2573.228515625,T10,153,1.0,0.0
16,2,42.937,2574.306640625,T10,153,1.0,0.0
16,2,42.937,2574.306640625,T10,154,1.0,0.0
16,2,42.963,2575.4033203125,T10,154,1.0,0.0
16,2,42.963,2575.4033203125,T10,155,1.0,0.0
16,2,42.989,2576.4794921875,T10,155,1.0,0.0
16,2,42.989,2576.4794921875,T10,156,1.0,0.0
16,2,43.014,2577.56591796875,T10,156,1.0,0.0
16,2,43.014,2577.56591796875,T10,157,1.0,0.0
16,2,43.039,2578.6650390625,T10,157,1.0,0.0
16,2,43.039,2578.6650390625,T10,158,1.0,0.0
16,2,43.065,2579.765625,T10,158,1.0,0.0
16,2,43.065,2579.765625,T10,159,1.0,0.0
16,2,43.09,2580.88330078125,T10,159,1.0,0.0
16,2,43.09,2580.88330078125,T10,160,1.0,0.0
16,2,43.115,2582.0048828125,T10,160,1.0,0.0
16,2,43.115,2582.0048828125,T10,161,1.0,0.0
16,2,43.141,2583.1181640625,T10,161,1.0,0.0
16,2,43.141,2583.1181640625,T10,162,1.0,0.0
16,2,43.165,2584.24658203125,T10,162,1.0,0.0
16,2,43.165,2584.24658203125,T10,163,1.0,0.0
16,2,43.191,2585.384765625,T10,163,1.0,0.0
16,2,43.191,2585.384765625,T10,164,1.0,0.0
16,2,43.216,2586.51953125,T10,164,1.0,0.0
16,2,43.216,2586.51953125,T10,165,1.0,0.0
16,2,43.241,2587.666015625,T10,165,1.0,0.0
16,2,43.241,2587.666015625,T10,166,1.0,0.0
16,2,43.266,2588.81640625,T10,166,1.0,0.0
16,2,43.266,2588.81640625,T10,167,1.0,0.0
16,2,43.291,2589.9677734375,T10,167,1.0,0.0
16,2,43.291,2589.9677734375,T10,168,1.0,0.0
16,2,43.316,2591.1494140625,T10,168,1.0,0.0
16,2,43.316,2591.1494140625,T10,169,1.0,0.0
16,2,43.341,2592.3466796875,T10,169,1.0,0.0
16,2,43.341,2592.3466796875,T10,170,1.0,0.0
16,2,43.367,2593.548828125,T10,170,1.0,0.0
16,2,43.367,2593.548828125,T10,171,1.0,0.0
16,2,43.392,2594.7744140625,T10,171,1.0,0.0
16,2,43.392,2594.7744140625,T10,173,1.0,0.0
16,2,43.418,2596.013671875,T10,173,1.0,0.0
16,2,43.418,2596.013671875,T10,174,1.0,0.0
16,2,43.444,2597.27099609375,T10,174,1.0,0.0
16,2,43.444,2597.27099609375,T10,175,1.0,0.0
16,2,43.47,2598.56005859375,T10,175,1.0,0.0
16,2,43.47,2598.56005859375,T10,176,1.0,0.0
16,2,43.496,2599.8544921875,T10,176,1.0,0.0
16,2,43.496,2599.8544921875,T10,177,1.0,0.0
16,2,43.523,2601.1611328125,T10,177,1.0,0.0
16,2,43.523,2601.1611328125,T10,178,1.0,0.0
16,2,43.55,2602.50390625,T10,178,1.0,0.0
16,2,43.55,2602.50390625,T10,179,1.0,0.0
16,2,43.576,2603.875,T10,179,1.0,0.0
16,2,43.576,2603.875,T10,180,1.0,0.0
16,2,43.603,2605.259765625,T10,180,1.0,0.0
16,2,43.603,2605.259765625,T10,181,1.0,0.0
16,2,43.631,2606.6455078125,T10,181,1.0,0.0
16,2,43.631,2606.6455078125,T10,182,1.0,0.0
16,2,43.658,2608.05078125,T10,182,1.0,0.0
16,2,43.658,2608.05078125,T10,183,1.0,0.0
16,2,43.685,2609.4462890625,T10,183,1.0,0.0
16,2,43.685,2609.4462890625,T10,184,1.0,0.0
16,2,43.712,2610.84619140625,T10,184,1.0,0.0
16,2,43.712,2610.84619140625,T10,185,1.0,0.0
16,2,43.738,2612.2421875,T10,185,1.0,0.0
16,2,43.738,2612.2421875,T10,186,1.0,0.0
16,2,43.765,2613.65185546875,T10,186,1.0,0.0
16,2,43.765,2613.65185546875,T10,187,1.0,0.0
16,2,43.792,2615.0439453125,T10,187,1.0,0.0
16,2,43.792,2615.0439453125,T10,188,1.0,0.0
16,2,43.818,2616.4443359375,T10,188,1.0,0.0
16,2,43.818,2616.4443359375,T10,189,1.0,0.0
16,2,43.844,2617.8193359375,T10,189,1.0,0.0
16,2,43.844,2617.8193359375,T10,190,1.0,0.0
16,2,43.87,2619.2197265625,T10,190,1.0,0.0
16,2,43.87,2619.2197265625,T10,190,1.0,0.0
16,2,43.896,2620.6318359375,T10,190,1.0,0.0
16,2,43.896,2620.6318359375,T10,191,1.0,0.0
16,2,43.922,2622.044921875,T10,191,1.0,0.0
16,2,43.922,2622.044921875,T10,192,1.0,0.0
16,2,43.948,2623.4638671875,T10,192,1.0,0.0
16,2,43.948,2623.4638671875,T10,193,1.0,0.0
16,2,43.974,2624.89697265625,T10,193,1.0,0.0
16,2,43.974,2624.89697265625,T10,194,1.0,0.0
16,2,44.001,2626.330078125,T10,194,1.0,0.0
16,2,44.001,2626.330078125,T10,195,1.0,0.0
16,2,44.027,2627.7783203125,T10,195,1.0,0.0
16,2,44.027,2627.7783203125,T10,195,1.0,0.0
16,2,44.053,2629.2275390625,T10,195,1.0,0.0
16,2,44.053,2629.2275390625,T10,196,1.0,0.0
16,2,44.079,2630.6845703125,T10,196,1.0,0.0
16,2,44.079,2630.6845703125,T10,197,1.0,0.0
16,2,44.105,2632.1650390625,T10,197,1.0,0.0
16,2,44.105,2632.1650390625,T10,198,1.0,0.0
16,2,44.132,2633.6357421875,T10,198,1.0,0.0
16,2,44.132,2633.6357421875,T10,199,1.0,0.0
16,2,44.158,2635.1572265625,T10,199,1.0,0.0
16,2,44.158,2635.1572265625,T10,200,1.0,0.0
16,2,44.184,2636.71044921875,T10,200,1.0,0.0
16,2,44.184,2636.71044921875,T10,201,1.0,0.0
16,2,44.211,2638.27734375,T10,201,1.0,0.0
16,2,44.211,2638.27734375,T10,202,1.0,0.0
16,2,44.238,2639.857421875,T10,202,1.0,0.0
16,2,44.238,2639.857421875,T10,203,1.0,0.0
16,2,44.266,2641.41650390625,T10,203,1.0,0.0
16,2,44.266,2641.41650390625,T10,203,1.0,0.0
16,2,44.292,2642.9775390625,T10,203,1.0,0.0
16,2,44.292,2642.9775390625,T10,204,1.0,0.0
16,2,44.319,2644.5556640625,T10,204,1.0,0.0
16,2,44.319,2644.5556640625,T10,205,1.0,0.0
16,2,44.346,2646.14794921875,T10,205,1.0,0.0
16,2,44.346,2646.14794921875,T10,206,1.0,0.0
16,2,44.373,2647.728515625,T10,206,1.0,0.0
16,2,44.373,2647.728515625,T10,207,1.0,0.0
16,2,44.4,2649.306640625,T10,207,1.0,0.0
16,2,44.4,2649.306640625,T10,207,1.0,0.0
16,2,44.427,2650.8701171875,T10,207,1.0,0.0
16,2,44.427,2650.8701171875,T10,208,1.0,0.0
16,2,44.453,2652.4521484375,T10,208,1.0,0.0
16,2,44.453,2652.4521484375,T10,209,1.0,0.0
16,2,44.48,2654.03515625,T10,209,1.0,0.0
16,2,44.48,2654.03515625,T10,209,1.0,0.0
16,2,44.506,2655.6171875,T10,209,1.0,0.0
16,2,44.506,2655.6171875,T10,210,1.0,0.0
16,2,44.532,2657.1826171875,T10,210,1.0,0.0
16,2,44.532,2657.1826171875,T10,211,1.0,0.0
16,2,44.559,2658.74462890625,T10,211,1.0,0.0
16,2,44.559,2658.74462890625,T10,212,1.0,0.0
16,2,44.585,2660.3125,T10,212,1.0,0.0
16,2,44.585,2660.3125,T10,212,1.0,0.0
16,2,44.611,2661.87109375,T10,212,1.0,0.0
16,2,44.611,2661.87109375,T10,213,1.0,0.0
16,2,44.637,2663.439453125,T10,213,1.0,0.0
16,2,44.637,2663.439453125,T10,214,1.0,0.0
16,2,44.663,2665.0185546875,T10,214,1.0,0.0
16,2,44.663,2665.0185546875,T10,214,1.0,0.0
16,2,44.689,2666.5810546875,T10,214,1.0,0.0
16,2,44.689,2666.5810546875,T10,215,1.0,0.0
16,2,44.715,2668.14453125,T10,215,1.0,0.0
16,2,44.715,2668.14453125,T10,215,1.0,0.0
16,2,44.741,2669.701171875,T10,215,1.0,0.0
16,2,44.741,2669.701171875,T10,216,1.0,0.0
16,2,44.766,2671.2568359375,T10,216,1.0,0.0
16,2,44.766,2671.2568359375,T10,216,1.0,0.0
16,2,44.792,2672.826171875,T10,216,1.0,0.0
16,2,44.792,2672.826171875,T10,217,1.0,0.0
16,2,44.818,2674.392578125,T10,217,1.0,0.0
16,2,44.818,2674.392578125,T10,217,1.0,0.0
16,2,44.844,2675.982421875,T10,217,1.0,0.0
16,2,44.844,2675.982421875,T10,218,1.0,0.0
16,2,44.87,2677.603515625,T10,218,1.0,0.0
16,2,44.87,2677.603515625,T10,218,1.0,0.0
16,2,44.896,2679.18798828125,T10,218,1.0,0.0
16,2,44.896,2679.18798828125,T10,219,1.0,0.0
16,2,44.922,2680.7958984375,T10,219,1.0,0.0
16,2,44.922,2680.7958984375,T10,219,1.0,0.0
16,2,44.948,2682.396484375,T10,219,1.0,0.0
16,2,44.948,2682.396484375,T10,220,1.0,0.0
16,2,44.975,2684.013671875,T10,220,1.0,0.0
16,2,44.975,2684.013671875,T10,221,1.0,0.0
16,2,45.001,2685.6181640625,T10,221,1.0,0.0
16,2,45.001,2685.6181640625,T10,220,0.0,0.5077353119850159
16,2,45.028,2687.193359375,T10,220,0.0,0.5077353119850159
16,2,45.028,2687.193359375,T10,217,0.0,0.6861879229545593
16,2,45.054,2688.7197265625,T10,217,0.0,0.6861879229545593
16,2,45.054,2688.7197265625,T10,214,0.0,0.6861814856529236
16,2,45.08,2690.2822265625,T10,214,0.0,0.6861814856529236
16,2,45.08,2690.2822265625,T10,212,0.0,0.6487635970115662
16,2,45.107,2691.81689453125,T10,212,0.0,0.6487635970115662
16,2,45.107,2691.81689453125,T10,209,0.0,0.6786983013153076
16,2,45.133,2693.328125,T10,209,0.0,0.6786983013153076
16,2,45.133,2693.328125,T10,207,0.0,0.6846883893013
16,2,45.16,2694.822265625,T10,207,0.0,0.6846883893013
16,2,45.16,2694.822265625,T10,204,0.0,0.681898832321167
16,2,45.187,2696.3115234375,T10,204,0.0,0.681898832321167
16,2,45.187,2696.3115234375,T10,202,0.0,0.6857133507728577
16,2,45.214,2697.7802734375,T10,202,0.0,0.6857133507728577
16,2,45.214,2697.7802734375,T10,199,0.0,0.684844434261322
16,2,45.241,2699.2783203125,T10,199,0.0,0.684844434261322
16,2,45.241,2699.2783203125,T10,196,0.0,0.6850800514221191
16,2,45.268,2700.7294921875,T10,196,0.0,0.6850800514221191
16,2,45.268,2700.7294921875,T10,194,0.0,0.6867479681968689
16,2,45.295,2702.1787109375,T10,194,0.0,0.6867479681968689
16,2,45.295,2702.1787109375,T10,191,0.0,0.6837739944458008
16,2,45.322,2703.6279296875,T10,191,0.0,0.6837739944458008
16,2,45.322,2703.6279296875,T10,189,0.0,0.6800243258476257
16,2,45.35,2705.08203125,T10,189,0.0,0.6800243258476257
16,2,45.35,2705.08203125,T10,186,0.0,0.6762009859085083
16,2,45.378,2706.48828125,T10,186,0.0,0.6762009859085083
16,2,45.378,2706.48828125,T10,184,0.0,0.6748746633529663
16,2,45.406,2707.87109375,T10,184,0.0,0.6748746633529663
16,2,45.406,2707.87109375,T10,181,0.0,0.6742129325866699
16,2,45.433,2709.2197265625,T10,181,0.0,0.6742129325866699
16,2,45.433,2709.2197265625,T10,179,0.0,0.6735730767250061
16,2,45.46,2710.5673828125,T10,179,0.0,0.6735730767250061
16,2,45.46,2710.5673828125,T10,176,0.0,0.6708483695983887
16,2,45.487,2711.8798828125,T10,176,0.0,0.6708483695983887
16,2,45.487,2711.8798828125,T10,174,0.0,0.6676195859909058
16,2,45.514,2713.18994140625,T10,174,0.0,0.6676195859909058
16,2,45.514,2713.18994140625,T10,171,0.0,0.6644414067268372
16,2,45.542,2714.4375,T10,171,0.0,0.6644414067268372
16,2,45.542,2714.4375,T10,169,0.0,0.6528828740119934
16,2,45.568,2715.689453125,T11,169,0.0,0.6528828740119934
16,2,45.568,2715.689453125,T11,166,0.0,0.6207915544509888
16,2,45.595,2716.9423828125,T11,166,0.0,0.6207915544509888
16,2,45.595,2716.9423828125,T11,164,0.0,0.6341239213943481
16,2,45.622,2718.17578125,T11,164,0.0,0.6341239213943481
16,2,45.622,2718.17578125,T11,162,0.0,0.6237656474113464
16,2,45.65,2719.37939453125,T11,162,0.0,0.6237656474113464
16,2,45.65,2719.37939453125,T11,159,0.0,0.6141444444656372
16,2,45.676,2720.5673828125,T11,159,0.0,0.6141444444656372
16,2,45.676,2720.5673828125,T11,157,0.0,0.6044101715087891
16,2,45.703,2721.71826171875,T11,157,0.0,0.6044101715087891
16,2,45.703,2721.71826171875,T11,155,0.0,0.5953550934791565
16,2,45.73,2722.8525390625,T11,155,0.0,0.5953550934791565
16,2,45.73,2722.8525390625,T11,153,0.0,0.586854100227356
16,2,45.757,2723.95458984375,T11,153,0.0,0.586854100227356
16,2,45.757,2723.95458984375,T11,151,0.0,0.576958954334259
16,2,45.783,2725.0302734375,T11,151,0.0,0.576958954334259
16,2,45.783,2725.0302734375,T11,149,0.0,0.5691701173782349
16,2,45.81,2726.0869140625,T11,149,0.0,0.5691701173782349
16,2,45.81,2726.0869140625,T11,147,0.0,0.5623079538345337
16,2,45.836,2727.1357421875,T11,147,0.0,0.5623079538345337
16,2,45.836,2727.1357421875,T11,145,0.0,0.5555252432823181
16,2,45.863,2728.17333984375,T11,145,0.0,0.5555252432823181
16,2,45.863,2728.17333984375,T11,143,0.0,0.547924280166626
16,2,45.889,2729.20263671875,T11,143,0.0,0.547924280166626
16,2,45.889,2729.20263671875,T11,142,0.0,0.5409703850746155
16,2,45.916,2730.22265625,T11,142,0.0,0.5409703850746155
16,2,45.916,2730.22265625,T11,140,0.0,0.5327290296554565
16,2,45.942,2731.21240234375,T11,140,0.0,0.5327290296554565
16,2,45.942,2731.21240234375,T11,138,0.0,0.5192931890487671
16,2,45.969,2732.1982421875,T11,138,0.0,0.5192931890487671
16,2,45.969,2732.1982421875,T11,136,0.0,0.5128525495529175
16,2,45.995,2733.1728515625,T11,136,0.0,0.5128525495529175
16,2,45.995,2733.1728515625,T11,135,0.0,0.5063994526863098
16,2,46.022,2734.13037109375,T11,135,0.0,0.5063994526863098
16,2,46.022,2734.13037109375,T11,133,0.0,0.49478504061698914
16,2,46.048,2735.078125,T11,133,0.0,0.49478504061698914
16,2,46.048,2735.078125,T11,131,0.0,0.4880337119102478
16,2,46.074,2736.01416015625,T11,131,0.0,0.4880337119102478
16,2,46.074,2736.01416015625,T11,130,0.0,0.4837440550327301
16,2,46.1,2736.9267578125,T11,130,0.0,0.4837440550327301
16,2,46.1,2736.9267578125,T11,128,0.0,0.4809441864490509
16,2,46.126,2737.853515625,T11,128,0.0,0.4809441864490509
16,2,46.126,2737.853515625,T11,127,0.0,0.4772350490093231
16,2,46.153,2738.77587890625,T11,127,0.0,0.4772350490093231
16,2,46.153,2738.77587890625,T11,125,0.0,0.47144395112991333
16,2,46.18,2739.68603515625,T11,125,0.0,0.47144395112991333
16,2,46.18,2739.68603515625,T11,124,0.0,0.46483784914016724
16,2,46.206,2740.58544921875,T11,124,0.0,0.46483784914016724
16,2,46.206,2740.58544921875,T11,122,0.0,0.45778888463974
16,2,46.233,2741.48046875,T11,122,0.0,0.45778888463974
16,2,46.233,2741.48046875,T11,121,0.0,0.45362386107444763
16,2,46.26,2742.3681640625,T11,121,0.0,0.45362386107444763
16,2,46.26,2742.3681640625,T11,119,0.0,0.45142218470573425
16,2,46.287,2743.232421875,T11,119,0.0,0.45142218470573425
16,2,46.287,2743.232421875,T11,117,0.0,0.448516309261322
16,2,46.314,2744.0791015625,T11,117,0.0,0.448516309261322
16,2,46.314,2744.0791015625,T11,116,0.0,0.44464558362960815
16,2,46.341,2744.9013671875,T11,116,0.0,0.44464558362960815
16,2,46.341,2744.9013671875,T11,114,0.0,0.4408547878265381
16,2,46.368,2745.73828125,T11,114,0.0,0.4408547878265381
16,2,46.368,2745.73828125,T11,113,0.0,0.4368860721588135
16,2,46.395,2746.56298828125,T11,113,0.0,0.4368860721588135
16,2,46.395,2746.56298828125,T11,111,0.0,0.43570297956466675
16,2,46.422,2747.3740234375,T11,111,0.0,0.43570297956466675
16,2,46.422,2747.3740234375,T11,110,0.0,0.4346926212310791
16,2,46.449,2748.1865234375,T11,110,0.0,0.4346926212310791
16,2,46.449,2748.1865234375,T11,108,0.0,0.43381068110466003
16,2,46.477,2748.9912109375,T11,108,0.0,0.43381068110466003
16,2,46.477,2748.9912109375,T11,107,0.0,0.4318576157093048
16,2,46.504,2749.8017578125,T11,107,0.0,0.4318576157093048
16,2,46.504,2749.8017578125,T11,105,0.0,0.4288672208786011
16,2,46.532,2750.6162109375,T11,105,0.0,0.4288672208786011
16,2,46.532,2750.6162109375,T11,104,0.0,0.4261842370033264
16,2,46.56,2751.41064453125,T11,104,0.0,0.4261842370033264
16,2,46.56,2751.41064453125,T11,102,0.0,0.42515844106674194
16,2,46.588,2752.2099609375,T11,102,0.0,0.42515844106674194
16,2,46.588,2752.2099609375,T11,101,0.0,0.3580486476421356
16,2,46.616,2753.00390625,T11,101,0.0,0.3580486476421356
16,2,46.616,2753.00390625,T11,99,0.0,0.2800178527832031
16,2,46.644,2753.8046875,T11,99,0.0,0.2800178527832031
16,2,46.644,2753.8046875,T11,98,0.0,0.20187492668628693
16,2,46.672,2754.591796875,T11,98,0.0,0.20187492668628693
16,2,46.672,2754.591796875,T11,97,0.0,0.1691112220287323
16,2,46.7,2755.3701171875,T11,97,0.0,0.1691112220287323
16,2,46.7,2755.3701171875,T11,96,0.0,0.16361300647258759
16,2,46.728,2756.1318359375,T11,96,0.0,0.16361300647258759
16,2,46.728,2756.1318359375,T11,94,0.0,0.1428298056125641
16,2,46.755,2756.8935546875,T11,94,0.0,0.1428298056125641
16,2,46.755,2756.8935546875,T11,93,0.0,0.11189936101436615
16,2,46.782,2757.65283203125,T11,93,0.0,0.11189936101436615
16,2,46.782,2757.65283203125,T11,92,0.0,0.060659606009721756
16,2,46.809,2758.41796875,T11,92,0.0,0.060659606009721756
16,2,46.809,2758.41796875,T11,92,0.0,0.0
16,2,46.837,2759.177734375,T11,92,0.0,0.0
16,2,46.837,2759.177734375,T11,91,0.0,0.0
16,2,46.863,2759.95654296875,T11,91,0.0,0.0
16,2,46.863,2759.95654296875,T11,90,0.0,0.0
16,2,46.891,2760.72900390625,T11,90,0.0,0.0
16,2,46.891,2760.72900390625,T11,90,0.0,0.0
16,2,46.918,2761.50390625,T11,90,0.0,0.0
16,2,46.918,2761.50390625,T11,89,0.17837542295455933,0.0
16,2,46.946,2762.287109375,T11,89,0.17837542295455933,0.0
16,2,46.946,2762.287109375,T11,89,0.19270718097686768,0.0
16,2,46.974,2763.06640625,T11,89,0.19270718097686768,0.0
16,2,46.974,2763.06640625,T11,89,0.2095257043838501,0.0
16,2,47.002,2763.85546875,T11,89,0.2095257043838501,0.0
16,2,47.002,2763.85546875,T11,88,0.22863692045211792,0.0
16,2,47.03,2764.63525390625,T11,88,0.22863692045211792,0.0
16,2,47.03,2764.63525390625,T11,88,0.24967026710510254,0.0
16,2,47.058,2765.4033203125,T11,88,0.24967026710510254,0.0
16,2,47.058,2765.4033203125,T11,88,0.27205920219421387,0.0
16,2,47.086,2766.1923828125,T11,88,0.27205920219421387,0.0
16,2,47.086,2766.1923828125,T11,88,0.29567456245422363,0.0
16,2,47.114,2766.982421875,T11,88,0.29567456245422363,0.0
16,2,47.114,2766.982421875,T11,88,0.3204324245452881,0.0
16,2,47.142,2767.775390625,T11,88,0.3204324245452881,0.0
16,2,47.142,2767.775390625,T11,88,0.33995485305786133,0.0
16,2,47.17,2768.578125,T11,88,0.33995485305786133,0.0
16,2,47.17,2768.578125,T11,88,0.36583924293518066,0.0
16,2,47.197,2769.392578125,T11,88,0.36583924293518066,0.0
16,2,47.197,2769.392578125,T11,88,0.3890063762664795,0.0
16,2,47.225,2770.2216796875,T11,88,0.3890063762664795,0.0
16,2,47.225,2770.2216796875,T11,88,0.41064125299453735,0.0
16,2,47.253,2771.08349609375,T11,88,0.41064125299453735,0.0
16,2,47.253,2771.08349609375,T11,88,0.42721694707870483,0.0
16,2,47.281,2771.9345703125,T11,88,0.42721694707870483,0.0
16,2,47.281,2771.9345703125,T11,89,0.44456183910369873,0.0
16,2,47.308,2772.82421875,T11,89,0.44456183910369873,0.0
16,2,47.308,2772.82421875,T11,89,0.46005934476852417,0.0
16,2,47.336,2773.73388671875,T11,89,0.46005934476852417,0.0
16,2,47.336,2773.73388671875,T11,89,0.4737892746925354,0.0
16,2,47.363,2774.75390625,T11,89,0.4737892746925354,0.0
16,2,47.363,2774.75390625,T11,89,0.4860455393791199,0.0
16,2,47.391,2775.73828125,T11,89,0.4860455393791199,0.0
16,2,47.391,2775.73828125,T11,90,0.494515061378479,0.0
16,2,47.418,2776.7431640625,T11,90,0.494515061378479,0.0
16,2,47.418,2776.7431640625,T11,90,0.3469540476799011,0.0
16,2,47.446,2777.7060546875,T11,90,0.3469540476799011,0.0
16,2,47.446,2777.7060546875,T11,90,0.32028287649154663,0.0
16,2,47.473,2778.6630859375,T11,90,0.32028287649154663,0.0
16,2,47.473,2778.6630859375,T11,90,0.33358240127563477,0.0
16,2,47.5,2779.60400390625,T11,90,0.33358240127563477,0.0
16,2,47.5,2779.60400390625,T11,90,0.3676077127456665,0.0
16,2,47.527,2780.546875,T11,90,0.3676077127456665,0.0
16,2,47.527,2780.546875,T11,90,0.4308384656906128,0.0
16,2,47.554,2781.49853515625,T11,90,0.4308384656906128,0.0
16,2,47.554,2781.49853515625,T11,90,0.4793992042541504,0.0
16,2,47.582,2782.44140625,T11,90,0.4793992042541504,0.0
16,2,47.582,2782.44140625,T11,90,0.476884663105011,0.0
16,2,47.609,2783.35693359375,T11,90,0.476884663105011,0.0
16,2,47.609,2783.35693359375,T11,90,0.34155964851379395,0.0
16,2,47.635,2784.291015625,T11,90,0.34155964851379395,0.0
16,2,47.635,2784.291015625,T11,90,0.49462276697158813,0.0
16,2,47.662,2785.2412109375,T11,90,0.49462276697158813,0.0
16,2,47.662,2785.2412109375,T11,90,0.5769921541213989,0.0
16,2,47.689,2786.2001953125,T11,90,0.5769921541213989,0.0
16,2,47.689,2786.2001953125,T11,91,0.5870976448059082,0.0
16,2,47.715,2787.1767578125,T11,91,0.5870976448059082,0.0
16,2,47.715,2787.1767578125,T11,91,0.5847027897834778,0.0
16,2,47.742,2788.140625,T11,91,0.5847027897834778,0.0
16,2,47.742,2788.140625,T11,91,0.5858036279678345,0.0
16,2,47.769,2789.1298828125,T11,91,0.5858036279678345,0.0
16,2,47.769,2789.1298828125,T11,91,0.6147720217704773,0.0
16,2,47.795,2790.1279296875,T11,91,0.6147720217704773,0.0
16,2,47.795,2790.1279296875,T11,91,0.6259192228317261,0.0
16,2,47.822,2791.0576171875,T11,91,0.6259192228317261,0.0
16,2,47.822,2791.0576171875,T11,92,0.6378846764564514,0.0
16,2,47.848,2791.9638671875,T11,92,0.6378846764564514,0.0
16,2,47.848,2791.9638671875,T11,92,0.6498987078666687,0.0
16,2,47.874,2792.84716796875,T11,92,0.6498987078666687,0.0
16,2,47.874,2792.84716796875,T11,92,0.6603423953056335,0.0
16,2,47.901,2793.6982421875,T11,92,0.6603423953056335,0.0
16,2,47.901,2793.6982421875,T11,93,0.3272760510444641,0.0
16,2,47.926,2794.5361328125,T11,93,0.3272760510444641,0.0
16,2,47.926,2794.5361328125,T11,92,0.6755897998809814,0.0
16,2,47.952,2795.36083984375,T11,92,0.6755897998809814,0.0
16,2,47.952,2795.36083984375,T11,92,0.6885952949523926,0.0
16,2,47.978,2796.1689453125,T11,92,0.6885952949523926,0.0
16,2,47.978,2796.1689453125,T11,93,0.7049983739852905,0.0
16,2,48.004,2796.9677734375,T11,93,0.7049983739852905,0.0
16,2,48.004,2796.9677734375,T11,93,0.7243839502334595,0.0
16,2,48.03,2797.7568359375,T11,93,0.7243839502334595,0.0
16,2,48.03,2797.7568359375,T11,93,0.7456586360931396,0.0
16,2,48.055,2798.5419921875,T11,93,0.7456586360931396,0.0
16,2,48.055,2798.5419921875,T11,94,0.7652206420898438,0.0
16,2,48.081,2799.3291015625,T11,94,0.7652206420898438,0.0
16,2,48.081,2799.3291015625,T11,94,0.79137122631073,0.0
16,2,48.107,2800.123046875,T11,94,0.79137122631073,0.0
16,2,48.107,2800.123046875,T11,94,0.8194953203201294,0.0
16,2,48.134,2800.9013671875,T11,94,0.8194953203201294,0.0
16,2,48.134,2800.9013671875,T11,93,0.855471134185791,0.0
16,2,48.16,2801.6630859375,T11,93,0.855471134185791,0.0
16,2,48.16,2801.6630859375,T11,93,0.8968738317489624,0.0
16,2,48.186,2802.4423828125,T11,93,0.8968738317489624,0.0
16,2,48.186,2802.4423828125,T11,94,0.9431153535842896,0.0
16,2,48.212,2803.21484375,T11,94,0.9431153535842896,0.0
16,2,48.212,2803.21484375,T11,94,0.9913650155067444,0.0
16,2,48.238,2803.982421875,T11,94,0.9913650155067444,0.0
16,2,48.238,2803.982421875,T11,94,1.0,0.0
16,2,48.264,2804.7587890625,T11,94,1.0,0.0
16,2,48.264,2804.7587890625,T11,94,1.0,0.0
16,2,48.291,2805.51953125,T11,94,1.0,0.0
16,2,48.291,2805.51953125,T11,94,1.0,0.0
16,2,48.316,2806.283203125,T11,94,1.0,0.0
16,2,48.316,2806.283203125,T11,94,1.0,0.0
16,2,48.342,2807.005859375,T11,94,1.0,0.0
16,2,48.342,2807.005859375,T11,94,1.0,0.0
16,2,48.368,2807.6904296875,T11,94,1.0,0.0
16,2,48.368,2807.6904296875,T11,94,1.0,0.0
16,2,48.394,2808.3701171875,T11,94,1.0,0.0
16,2,48.394,2808.3701171875,T11,94,1.0,0.0
16,2,48.42,2809.0517578125,T11,94,1.0,0.0
16,2,48.42,2809.0517578125,T11,94,1.0,0.0
16,2,48.445,2809.73046875,T11,94,1.0,0.0
16,2,48.445,2809.73046875,T11,94,1.0,0.0
16,2,48.471,2810.40234375,T11,94,1.0,0.0
16,2,48.471,2810.40234375,T11,94,1.0,0.0
16,2,48.497,2811.0849609375,T11,94,1.0,0.0
16,2,48.497,2811.0849609375,T11,95,1.0,0.0
16,2,48.523,2811.78515625,T11,95,1.0,0.0
16,2,48.523,2811.78515625,T11,95,1.0,0.0
16,2,48.549,2812.484375,T11,95,1.0,0.0
16,2,48.549,2812.484375,T11,96,1.0,0.0
16,2,48.576,2813.1953125,T11,96,1.0,0.0
16,2,48.576,2813.1953125,T11,97,1.0,0.0
16,2,48.602,2813.91943359375,T11,97,1.0,0.0
16,2,48.602,2813.91943359375,T11,98,1.0,0.0
16,2,48.629,2814.6396484375,T11,98,1.0,0.0
16,2,48.629,2814.6396484375,T11,99,1.0,0.0
16,2,48.655,2815.376953125,T11,99,1.0,0.0
16,2,48.655,2815.376953125,T11,100,1.0,0.0
16,2,48.682,2816.111328125,T11,100,1.0,0.0
16,2,48.682,2816.111328125,T11,100,1.0,0.0
16,2,48.709,2816.830078125,T11,100,1.0,0.0
16,2,48.709,2816.830078125,T11,101,1.0,0.0
16,2,48.735,2817.55224609375,T11,101,1.0,0.0
16,2,48.735,2817.55224609375,T11,101,1.0,0.0
16,2,48.761,2818.28271484375,T11,101,1.0,0.0
16,2,48.761,2818.28271484375,T11,102,1.0,0.0
16,2,48.787,2819.0068359375,T11,102,1.0,0.0
16,2,48.787,2819.0068359375,T11,103,1.0,0.0
16,2,48.813,2819.7451171875,T11,103,1.0,0.0
16,2,48.813,2819.7451171875,T11,103,1.0,0.0
16,2,48.839,2820.4736328125,T11,103,1.0,0.0
16,2,48.839,2820.4736328125,T11,104,1.0,0.0
16,2,48.865,2821.2119140625,T11,104,1.0,0.0
16,2,48.865,2821.2119140625,T11,104,1.0,0.0
16,2,48.891,2821.9736328125,T11,104,1.0,0.0
16,2,48.891,2821.9736328125,T11,105,1.0,0.0
16,2,48.917,2822.7529296875,T11,105,1.0,0.0
16,2,48.917,2822.7529296875,T11,106,1.0,0.0
16,2,48.944,2823.544921875,T11,106,1.0,0.0
16,2,48.944,2823.544921875,T11,107,1.0,0.0
16,2,48.971,2824.345703125,T11,107,1.0,0.0
16,2,48.971,2824.345703125,T11,107,1.0,0.0
16,2,48.998,2825.14794921875,T11,107,1.0,0.0
16,2,48.998,2825.14794921875,T11,108,1.0,0.0
16,2,49.025,2825.9716796875,T11,108,1.0,0.0
16,2,49.025,2825.9716796875,T11,109,1.0,0.0
16,2,49.052,2826.81640625,T11,109,1.0,0.0
16,2,49.052,2826.81640625,T11,110,1.0,0.0
16,2,49.08,2827.65771484375,T11,110,1.0,0.0
16,2,49.08,2827.65771484375,T11,111,1.0,0.0
16,2,49.108,2828.49560546875,T11,111,1.0,0.0
16,2,49.108,2828.49560546875,T11,112,1.0,0.0
16,2,49.135,2829.34130859375,T11,112,1.0,0.0
16,2,49.135,2829.34130859375,T11,113,1.0,0.0
16,2,49.162,2830.18994140625,T11,113,1.0,0.0
16,2,49.162,2830.18994140625,T11,114,1.0,0.0
16,2,49.189,2831.0498046875,T11,114,1.0,0.0
16,2,49.189,2831.0498046875,T11,114,1.0,0.0
16,2,49.216,2831.91015625,T11,114,1.0,0.0
16,2,49.216,2831.91015625,T11,115,1.0,0.0
16,2,49.244,2832.77099609375,T11,115,1.0,0.0
16,2,49.244,2832.77099609375,T11,116,1.0,0.0
16,2,49.27,2833.64306640625,T11,116,1.0,0.0
16,2,49.27,2833.64306640625,T11,117,1.0,0.0
16,2,49.297,2834.5185546875,T11,117,1.0,0.0
16,2,49.297,2834.5185546875,T11,118,1.0,0.0
16,2,49.324,2835.39453125,T11,118,1.0,0.0
16,2,49.324,2835.39453125,T11,119,1.0,0.0
16,2,49.351,2836.2724609375,T11,119,1.0,0.0
16,2,49.351,2836.2724609375,T11,119,1.0,0.0
16,2,49.378,2837.1494140625,T11,119,1.0,0.0
16,2,49.378,2837.1494140625,T11,120,1.0,0.0
16,2,49.404,2838.041015625,T11,120,1.0,0.0
16,2,49.404,2838.041015625,T11,121,1.0,0.0
16,2,49.431,2838.9462890625,T11,121,1.0,0.0
16,2,49.431,2838.9462890625,T11,122,1.0,0.0
16,2,49.458,2839.8515625,T11,122,1.0,0.0
16,2,49.458,2839.8515625,T11,123,1.0,0.0
16,2,49.484,2840.7578125,T11,123,1.0,0.0
16,2,49.484,2840.7578125,T11,123,1.0,0.0
16,2,49.51,2841.681640625,T11,123,1.0,0.0
16,2,49.51,2841.681640625,T11,124,1.0,0.0
16,2,49.537,2842.611328125,T11,124,1.0,0.0
16,2,49.537,2842.611328125,T11,125,1.0,0.0
16,2,49.564,2843.55224609375,T11,125,1.0,0.0
16,2,49.564,2843.55224609375,T11,127,1.0,0.0
16,2,49.59,2844.501953125,T11,127,1.0,0.0
16,2,49.59,2844.501953125,T11,128,1.0,0.0
16,2,49.617,2845.466796875,T11,128,1.0,0.0
16,2,49.617,2845.466796875,T11,129,1.0,0.0
16,2,49.644,2846.451171875,T11,129,1.0,0.0
16,2,49.644,2846.451171875,T11,130,1.0,0.0
16,2,49.671,2847.4453125,T11,130,1.0,0.0
16,2,49.671,2847.4453125,T11,130,1.0,0.0
16,2,49.699,2848.44189453125,T11,130,1.0,0.0
16,2,49.699,2848.44189453125,T11,131,1.0,0.0
16,2,49.726,2849.453125,T11,131,1.0,0.0
16,2,49.726,2849.453125,T11,133,1.0,0.0
16,2,49.753,2850.4638671875,T11,133,1.0,0.0
16,2,49.753,2850.4638671875,T11,134,1.0,0.0
16,2,49.781,2851.5,T11,134,1.0,0.0
16,2,49.781,2851.5,T11,135,1.0,0.0
16,2,49.808,2852.5283203125,T11,135,1.0,0.0
16,2,49.808,2852.5283203125,T11,136,1.0,0.0
16,2,49.835,2853.5634765625,T11,136,1.0,0.0
16,2,49.835,2853.5634765625,T11,138,1.0,0.0
16,2,49.862,2854.6162109375,T11,138,1.0,0.0
16,2,49.862,2854.6162109375,T11,139,1.0,0.0
16,2,49.89,2855.6923828125,T11,139,1.0,0.0
16,2,49.89,2855.6923828125,T11,141,1.0,0.0
16,2,49.917,2856.7705078125,T11,141,1.0,0.0
16,2,49.917,2856.7705078125,T11,142,1.0,0.0
16,2,49.945,2857.875,T11,142,1.0,0.0
16,2,49.945,2857.875,T11,144,1.0,0.0
16,2,49.973,2858.9921875,T11,144,1.0,0.0
16,2,49.973,2858.9921875,T11,145,1.0,0.0
16,2,50.0,2860.15234375,T11,145,1.0,0.0
16,2,50.0,2860.15234375,T11,146,1.0,0.0
16,2,50.029,2861.318359375,T11,146,1.0,0.0
16,2,50.029,2861.318359375,T11,148,1.0,0.0
16,2,50.058,2862.5078125,T11,148,1.0,0.0
16,2,50.058,2862.5078125,T11,149,1.0,0.0
16,2,50.086,2863.71484375,T11,149,1.0,0.0
16,2,50.086,2863.71484375,T11,151,1.0,0.0
16,2,50.115,2864.9453125,T11,151,1.0,0.0
16,2,50.115,2864.9453125,T11,152,1.0,0.0
16,2,50.145,2866.185546875,T11,152,1.0,0.0
16,2,50.145,2866.185546875,T11,153,1.0,0.0
16,2,50.174,2867.4345703125,T11,153,1.0,0.0
16,2,50.174,2867.4345703125,T11,154,1.0,0.0
16,2,50.203,2868.6806640625,T11,154,1.0,0.0
16,2,50.203,2868.6806640625,T11,155,1.0,0.0
16,2,50.232,2869.9462890625,T11,155,1.0,0.0
16,2,50.232,2869.9462890625,T11,157,1.0,0.0
16,2,50.261,2871.2109375,T11,157,1.0,0.0
16,2,50.261,2871.2109375,T11,158,1.0,0.0
16,2,50.29,2872.46044921875,T11,158,1.0,0.0
16,2,50.29,2872.46044921875,T11,159,1.0,0.0
16,2,50.318,2873.71875,T11,159,1.0,0.0
16,2,50.318,2873.71875,T11,161,1.0,0.0
16,2,50.346,2874.9765625,T11,161,1.0,0.0
16,2,50.346,2874.9765625,T11,162,1.0,0.0
16,2,50.374,2876.2431640625,T11,162,1.0,0.0
16,2,50.374,2876.2431640625,T11,164,1.0,0.0
16,2,50.402,2877.50341796875,T11,164,1.0,0.0
16,2,50.402,2877.50341796875,T11,165,1.0,0.0
16,2,50.43,2878.7587890625,T11,165,1.0,0.0
16,2,50.43,2878.7587890625,T11,166,1.0,0.0
16,2,50.457,2880.0234375,T11,166,1.0,0.0
16,2,50.457,2880.0234375,T11,167,1.0,0.0
16,2,50.484,2881.3046875,T11,167,1.0,0.0
16,2,50.484,2881.3046875,T11,169,1.0,0.0
16,2,50.511,2882.5830078125,T11,169,1.0,0.0
16,2,50.511,2882.5830078125,T11,170,1.0,0.0
16,2,50.539,2883.8759765625,T11,170,1.0,0.0
16,2,50.539,2883.8759765625,T11,171,1.0,0.0
16,2,50.566,2885.177734375,T11,171,1.0,0.0
16,2,50.566,2885.177734375,T11,172,1.0,0.0
16,2,50.593,2886.48486328125,T11,172,1.0,0.0
16,2,50.593,2886.48486328125,T11,173,1.0,0.0
16,2,50.62,2887.83203125,T11,173,1.0,0.0
16,2,50.62,2887.83203125,T11,175,1.0,0.0
16,2,50.648,2889.154296875,T11,175,1.0,0.0
16,2,50.648,2889.154296875,T11,176,1.0,0.0
16,2,50.675,2890.47216796875,T11,176,1.0,0.0
16,2,50.675,2890.47216796875,T11,177,1.0,0.0
16,2,50.702,2891.8115234375,T11,177,1.0,0.0
16,2,50.702,2891.8115234375,T11,178,1.0,0.0
16,2,50.729,2893.15283203125,T11,178,1.0,0.0
16,2,50.729,2893.15283203125,T11,179,1.0,0.0
16,2,50.756,2894.5029296875,T11,179,1.0,0.0
16,2,50.756,2894.5029296875,T11,180,1.0,0.0
16,2,50.783,2895.87109375,T11,180,1.0,0.0
16,2,50.783,2895.87109375,T11,181,1.0,0.0
16,2,50.81,2897.2119140625,T11,181,1.0,0.0
16,2,50.81,2897.2119140625,T11,182,1.0,0.0
16,2,50.836,2898.5849609375,T11,182,1.0,0.0
16,2,50.836,2898.5849609375,T11,183,1.0,0.0
16,2,50.863,2899.9736328125,T11,183,1.0,0.0
16,2,50.863,2899.9736328125,T11,183,1.0,0.0
16,2,50.89,2901.39404296875,T11,183,1.0,0.0
16,2,50.89,2901.39404296875,T11,184,1.0,0.0
16,2,50.918,2902.7900390625,T11,184,1.0,0.0
16,2,50.918,2902.7900390625,T11,185,1.0,0.0
16,2,50.945,2904.1826171875,T11,185,1.0,0.0
16,2,50.945,2904.1826171875,T11,186,1.0,0.0
16,2,50.972,2905.546875,T11,186,1.0,0.0
16,2,50.972,2905.546875,T11,186,1.0,0.0
16,2,50.998,2906.923828125,T11,186,1.0,0.0
16,2,50.998,2906.923828125,T11,187,1.0,0.0
16,2,51.024,2908.31591796875,T11,187,1.0,0.0
16,2,51.024,2908.31591796875,T11,188,1.0,0.0
16,2,51.051,2909.744140625,T11,188,1.0,0.0
16,2,51.051,2909.744140625,T11,189,1.0,0.0
16,2,51.078,2911.1298828125,T11,189,1.0,0.0
16,2,51.078,2911.1298828125,T11,190,1.0,0.0
16,2,51.104,2912.54736328125,T11,190,1.0,0.0
16,2,51.104,2912.54736328125,T11,190,1.0,0.0
16,2,51.13,2913.9580078125,T11,190,1.0,0.0
16,2,51.13,2913.9580078125,T11,190,1.0,0.0
16,2,51.157,2915.38671875,T11,190,1.0,0.0
16,2,51.157,2915.38671875,T11,191,1.0,0.0
16,2,51.183,2916.82421875,T11,191,1.0,0.0
16,2,51.183,2916.82421875,T11,192,1.0,0.0
16,2,51.21,2918.25537109375,T11,192,1.0,0.0
16,2,51.21,2918.25537109375,T11,192,1.0,0.0
16,2,51.236,2919.66259765625,T11,192,1.0,0.0
16,2,51.236,2919.66259765625,T11,193,1.0,0.0
16,2,51.262,2921.091796875,T11,193,1.0,0.0
16,2,51.262,2921.091796875,T11,194,1.0,0.0
16,2,51.288,2922.52734375,T11,194,1.0,0.0
16,2,51.288,2922.52734375,T11,194,1.0,0.0
16,2,51.314,2923.9599609375,T11,194,1.0,0.0
16,2,51.314,2923.9599609375,T11,195,1.0,0.0
16,2,51.34,2925.400390625,T11,195,1.0,0.0
16,2,51.34,2925.400390625,T11,195,1.0,0.0
16,2,51.365,2926.8408203125,T11,195,1.0,0.0
16,2,51.365,2926.8408203125,T11,196,1.0,0.0
16,2,51.391,2928.27978515625,T12,196,1.0,0.0
16,2,51.391,2928.27978515625,T12,197,1.0,0.0
16,2,51.417,2929.72314453125,T12,197,1.0,0.0
16,2,51.417,2929.72314453125,T12,197,1.0,0.0
16,2,51.442,2931.1611328125,T12,197,1.0,0.0
16,2,51.442,2931.1611328125,T12,198,1.0,0.0
16,2,51.468,2932.6044921875,T12,198,1.0,0.0
16,2,51.468,2932.6044921875,T12,198,1.0,0.0
16,2,51.493,2934.0498046875,T12,198,1.0,0.0
16,2,51.493,2934.0498046875,T12,199,1.0,0.0
16,2,51.519,2935.5126953125,T12,199,1.0,0.0
16,2,51.519,2935.5126953125,T12,200,1.0,0.0
16,2,51.545,2936.974609375,T12,200,1.0,0.0
16,2,51.545,2936.974609375,T12,200,1.0,0.0
16,2,51.57,2938.4638671875,T12,200,1.0,0.0
16,2,51.57,2938.4638671875,T12,201,1.0,0.0
16,2,51.596,2939.96826171875,T12,201,1.0,0.0
16,2,51.596,2939.96826171875,T12,202,1.0,0.0
16,2,51.622,2941.50732421875,T12,202,1.0,0.0
16,2,51.622,2941.50732421875,T12,202,1.0,0.0
16,2,51.648,2943.0634765625,T12,202,1.0,0.0
16,2,51.648,2943.0634765625,T12,203,0.9856498837471008,0.0
16,2,51.674,2944.669921875,T12,203,0.9856498837471008,0.0
16,2,51.674,2944.669921875,T12,203,0.5117881298065186,0.0
16,2,51.701,2946.27001953125,T12,203,0.5117881298065186,0.0
16,2,51.701,2946.27001953125,T12,203,0.5385913848876953,0.0
16,2,51.728,2947.865234375,T12,203,0.5385913848876953,0.0
16,2,51.728,2947.865234375,T12,203,0.6805720329284668,0.0
16,2,51.755,2949.4794921875,T12,203,0.6805720329284668,0.0
16,2,51.755,2949.4794921875,T12,203,0.6719313859939575,0.0
16,2,51.783,2951.0751953125,T12,203,0.6719313859939575,0.0
16,2,51.783,2951.0751953125,T12,203,0.6367522478103638,0.0
16,2,51.81,2952.681640625,T12,203,0.6367522478103638,0.0
16,2,51.81,2952.681640625,T12,203,0.6311526298522949,0.0
16,2,51.837,2954.30029296875,T12,203,0.6311526298522949,0.0
16,2,51.837,2954.30029296875,T12,203,0.6516851782798767,0.0
16,2,51.864,2955.884765625,T12,203,0.6516851782798767,0.0
16,2,51.864,2955.884765625,T12,203,0.6334506273269653,0.0
16,2,51.891,2957.4619140625,T12,203,0.6334506273269653,0.0
16,2,51.891,2957.4619140625,T12,203,0.6559957265853882,0.0
16,2,51.917,2959.06884765625,T12,203,0.6559957265853882,0.0
16,2,51.917,2959.06884765625,T12,203,0.8268234729766846,0.0
16,2,51.944,2960.6484375,T12,203,0.8268234729766846,0.0
16,2,51.944,2960.6484375,T12,204,1.0,0.0
16,2,51.97,2962.24267578125,T12,204,1.0,0.0
16,2,51.97,2962.24267578125,T12,204,1.0,0.0
16,2,51.997,2963.814453125,T12,204,1.0,0.0
16,2,51.997,2963.814453125,T12,205,1.0,0.0
16,2,52.023,2965.380859375,T12,205,1.0,0.0
16,2,52.023,2965.380859375,T12,205,1.0,0.0
16,2,52.05,2966.9541015625,T12,205,1.0,0.0
16,2,52.05,2966.9541015625,T12,205,1.0,0.0
16,2,52.076,2968.509765625,T12,205,1.0,0.0
16,2,52.076,2968.509765625,T12,206,1.0,0.0
16,2,52.102,2970.05859375,T12,206,1.0,0.0
16,2,52.102,2970.05859375,T12,206,1.0,0.0
16,2,52.128,2971.6044921875,T12,206,1.0,0.0
16,2,52.128,2971.6044921875,T12,206,1.0,0.0
16,2,52.154,2973.17822265625,T12,206,1.0,0.0
16,2,52.154,2973.17822265625,T12,207,1.0,0.0
16,2,52.18,2974.7236328125,T12,207,1.0,0.0
16,2,52.18,2974.7236328125,T12,207,1.0,0.0
16,2,52.206,2976.2587890625,T12,207,1.0,0.0
16,2,52.206,2976.2587890625,T12,207,1.0,0.0
16,2,52.231,2977.79541015625,T12,207,1.0,0.0
16,2,52.231,2977.79541015625,T12,208,1.0,0.0
16,2,52.257,2979.359375,T12,208,1.0,0.0
16,2,52.257,2979.359375,T12,208,1.0,0.0
16,2,52.283,2980.94140625,T12,208,1.0,0.0
16,2,52.283,2980.94140625,T12,208,1.0,0.0
16,2,52.309,2982.5146484375,T12,208,1.0,0.0
16,2,52.309,2982.5146484375,T12,209,1.0,0.0
16,2,52.335,2984.0517578125,T12,209,1.0,0.0
16,2,52.335,2984.0517578125,T12,209,1.0,0.0
16,2,52.36,2985.61572265625,T12,209,1.0,0.0
16,2,52.36,2985.61572265625,T12,209,1.0,0.0
16,2,52.386,2987.208984375,T12,209,1.0,0.0
16,2,52.386,2987.208984375,T12,210,1.0,0.0
16,2,52.413,2988.8095703125,T12,210,1.0,0.0
16,2,52.413,2988.8095703125,T12,210,1.0,0.0
16,2,52.439,2990.4248046875,T12,210,1.0,0.0
16,2,52.439,2990.4248046875,T12,211,1.0,0.0
16,2,52.466,2992.00390625,T12,211,1.0,0.0
16,2,52.466,2992.00390625,T12,212,1.0,0.0
16,2,52.492,2993.60498046875,T12,212,1.0,0.0
16,2,52.492,2993.60498046875,T12,212,1.0,0.0
16,2,52.518,2995.228515625,T12,212,1.0,0.0
16,2,52.518,2995.228515625,T12,213,1.0,0.0
16,2,52.545,2996.86279296875,T12,213,1.0,0.0
16,2,52.545,2996.86279296875,T12,214,1.0,0.0
16,2,52.571,2998.48583984375,T12,214,1.0,0.0
16,2,52.571,2998.48583984375,T12,214,1.0,0.0
16,2,52.598,3000.1103515625,T12,214,1.0,0.0
16,2,52.598,3000.1103515625,T12,215,1.0,0.0
16,2,52.624,3001.7119140625,T12,215,1.0,0.0
16,2,52.624,3001.7119140625,T12,216,1.0,0.0
16,2,52.65,3003.427734375,T12,216,1.0,0.0
16,2,52.65,3003.427734375,T12,216,1.0,0.0
16,2,52.676,3005.14892578125,T12,216,1.0,0.0
16,2,52.676,3005.14892578125,T12,217,1.0,0.0
16,2,52.703,3006.84716796875,T12,217,1.0,0.0
16,2,52.703,3006.84716796875,T12,217,1.0,0.0
16,2,52.729,3008.55859375,T12,217,1.0,0.0
16,2,52.729,3008.55859375,T12,218,1.0,0.0
16,2,52.755,3010.271484375,T12,218,1.0,0.0
16,2,52.755,3010.271484375,T12,219,1.0,0.0
16,2,52.781,3011.9453125,T12,219,1.0,0.0
16,2,52.781,3011.9453125,T12,219,1.0,0.0
16,2,52.806,3013.6396484375,T12,219,1.0,0.0
16,2,52.806,3013.6396484375,T12,220,1.0,0.0
16,2,52.832,3015.3310546875,T12,220,1.0,0.0
16,2,52.832,3015.3310546875,T12,221,1.0,0.0
16,2,52.858,3017.013671875,T12,221,1.0,0.0
16,2,52.858,3017.013671875,T12,222,1.0,0.0
16,2,52.883,3018.71484375,T12,222,1.0,0.0
16,2,52.883,3018.71484375,T12,222,1.0,0.0
16,2,52.909,3020.3916015625,T12,222,1.0,0.0
16,2,52.909,3020.3916015625,T12,223,1.0,0.0
16,2,52.934,3022.076171875,T12,223,1.0,0.0
16,2,52.934,3022.076171875,T12,223,1.0,0.0
16,2,52.959,3023.759765625,T12,223,1.0,0.0
16,2,52.959,3023.759765625,T12,224,1.0,0.0
16,2,52.985,3025.453125,T12,224,1.0,0.0
16,2,52.985,3025.453125,T12,224,1.0,0.0
16,2,53.01,3027.1396484375,T12,224,1.0,0.0
16,2,53.01,3027.1396484375,T12,225,1.0,0.0
16,2,53.036,3028.8232421875,T12,225,1.0,0.0
16,2,53.036,3028.8232421875,T12,225,1.0,0.0
16,2,53.062,3030.501953125,T12,225,1.0,0.0
16,2,53.062,3030.501953125,T12,225,1.0,0.0
16,2,53.087,3032.21337890625,T12,225,1.0,0.0
16,2,53.087,3032.21337890625,T12,225,1.0,0.0
16,2,53.114,3033.9189453125,T12,225,1.0,0.0
16,2,53.114,3033.9189453125,T12,226,1.0,0.0
16,2,53.14,3035.6572265625,T12,226,1.0,0.0
16,2,53.14,3035.6572265625,T12,226,1.0,0.0
16,2,53.166,3037.41357421875,T12,226,1.0,0.0
16,2,53.166,3037.41357421875,T12,226,1.0,0.0
16,2,53.193,3039.1640625,T12,226,1.0,0.0
16,2,53.193,3039.1640625,T12,227,1.0,0.0
16,2,53.22,3040.9462890625,T12,227,1.0,0.0
16,2,53.22,3040.9462890625,T12,227,1.0,0.0
16,2,53.247,3042.7421875,T12,227,1.0,0.0
16,2,53.247,3042.7421875,T12,228,1.0,0.0
16,2,53.274,3044.4833984375,T12,228,1.0,0.0
16,2,53.274,3044.4833984375,T12,228,1.0,0.0
16,2,53.301,3046.23974609375,T12,228,1.0,0.0
16,2,53.301,3046.23974609375,T12,229,1.0,0.0
16,2,53.328,3048.01953125,T12,229,1.0,0.0
16,2,53.328,3048.01953125,T12,229,1.0,0.0
16,2,53.356,3049.755859375,T12,229,1.0,0.0
16,2,53.356,3049.755859375,T12,230,1.0,0.0
16,2,53.382,3051.5302734375,T12,230,1.0,0.0
16,2,53.382,3051.5302734375,T12,231,1.0,0.0
16,2,53.41,3053.27734375,T12,231,1.0,0.0
16,2,53.41,3053.27734375,T12,231,1.0,0.0
16,2,53.436,3055.029296875,T12,231,1.0,0.0
16,2,53.436,3055.029296875,T12,232,1.0,0.0
16,2,53.463,3056.7646484375,T12,232,1.0,0.0
16,2,53.463,3056.7646484375,T12,232,1.0,0.0
16,2,53.49,3058.4912109375,T12,232,1.0,0.0
16,2,53.49,3058.4912109375,T12,232,1.0,0.0
16,2,53.516,3060.19677734375,T12,232,1.0,0.0
16,2,53.516,3060.19677734375,T12,233,1.0,0.0
16,2,53.542,3061.9140625,T12,233,1.0,0.0
16,2,53.542,3061.9140625,T12,233,1.0,0.0
16,2,53.568,3063.619140625,T12,233,1.0,0.0
16,2,53.568,3063.619140625,T12,233,1.0,0.0
16,2,53.594,3065.3583984375,T12,233,1.0,0.0
16,2,53.594,3065.3583984375,T12,233,1.0,0.0
16,2,53.621,3067.0478515625,T12,233,1.0,0.0
16,2,53.621,3067.0478515625,T12,233,1.0,0.0
16,2,53.646,3068.73974609375,T12,233,1.0,0.0
16,2,53.646,3068.73974609375,T12,234,1.0,0.0
16,2,53.672,3070.423828125,T12,234,1.0,0.0
16,2,53.672,3070.423828125,T12,234,1.0,0.0
16,2,53.698,3072.080078125,T12,234,1.0,0.0
16,2,53.698,3072.080078125,T12,234,1.0,0.0
16,2,53.723,3073.7490234375,T12,234,1.0,0.0
16,2,53.723,3073.7490234375,T12,234,1.0,0.0
16,2,53.748,3075.38818359375,T12,234,1.0,0.0
16,2,53.748,3075.38818359375,T12,234,1.0,0.0
16,2,53.774,3077.005859375,T12,234,1.0,0.0
16,2,53.774,3077.005859375,T12,234,1.0,0.0
16,2,53.798,3078.62646484375,T12,234,1.0,0.0
16,2,53.798,3078.62646484375,T12,234,1.0,0.0
16,2,53.823,3080.248046875,T12,234,1.0,0.0
16,2,53.823,3080.248046875,T12,234,1.0,0.0
16,2,53.848,3081.87255859375,T12,234,1.0,0.0
16,2,53.848,3081.87255859375,T12,234,1.0,0.0
16,2,53.873,3083.4873046875,T12,234,1.0,0.0
16,2,53.873,3083.4873046875,T12,235,1.0,0.0
16,2,53.898,3085.091796875,T12,235,1.0,0.0
16,2,53.898,3085.091796875,T12,235,1.0,0.0
16,2,53.923,3086.75341796875,T12,235,1.0,0.0
16,2,53.923,3086.75341796875,T12,235,1.0,0.0
16,2,53.949,3088.388671875,T12,235,1.0,0.0
16,2,53.949,3088.388671875,T12,236,1.0,0.0
16,2,53.974,3090.05419921875,T12,236,1.0,0.0
16,2,53.974,3090.05419921875,T12,237,1.0,0.0
16,2,53.999,3091.740234375,T12,237,1.0,0.0
16,2,53.999,3091.740234375,T12,237,1.0,0.0
16,2,54.025,3093.43896484375,T12,237,1.0,0.0
16,2,54.025,3093.43896484375,T12,238,1.0,0.0
16,2,54.051,3095.134765625,T12,238,1.0,0.0
16,2,54.051,3095.134765625,T12,239,1.0,0.0
16,2,54.077,3096.81640625,T12,239,1.0,0.0
16,2,54.077,3096.81640625,T12,239,1.0,0.0
16,2,54.103,3098.462890625,T12,239,1.0,0.0
16,2,54.103,3098.462890625,T12,240,1.0,0.0
16,2,54.128,3100.142578125,T12,240,1.0,0.0
16,2,54.128,3100.142578125,T12,240,1.0,0.0
16,2,54.153,3101.826171875,T12,240,1.0,0.0
16,2,54.153,3101.826171875,T12,241,1.0,0.0
16,2,54.179,3103.4814453125,T12,241,1.0,0.0
16,2,54.179,3103.4814453125,T12,241,1.0,0.0
16,2,54.204,3105.138671875,T12,241,1.0,0.0
16,2,54.204,3105.138671875,T12,242,1.0,0.0
16,2,54.229,3106.7744140625,T12,242,1.0,0.0
16,2,54.229,3106.7744140625,T12,242,1.0,0.0
16,2,54.253,3108.419921875,T12,242,1.0,0.0
16,2,54.253,3108.419921875,T12,242,1.0,0.0
16,2,54.278,3110.07421875,T12,242,1.0,0.0
16,2,54.278,3110.07421875,T12,243,1.0,0.0
16,2,54.303,3111.7626953125,T12,243,1.0,0.0
16,2,54.303,3111.7626953125,T12,243,1.0,0.0
16,2,54.328,3113.40625,T12,243,1.0,0.0
16,2,54.328,3113.40625,T12,244,1.0,0.0
16,2,54.352,3115.0615234375,T12,244,1.0,0.0
16,2,54.352,3115.0615234375,T12,244,1.0,0.0
16,2,54.377,3116.703125,T12,244,1.0,0.0
16,2,54.377,3116.703125,T12,245,1.0,0.0
16,2,54.401,3118.3740234375,T12,245,1.0,0.0
16,2,54.401,3118.3740234375,T12,245,1.0,0.0
16,2,54.426,3120.0546875,T12,245,1.0,0.0
16,2,54.426,3120.0546875,T12,246,1.0,0.0
16,2,54.451,3121.72900390625,T12,246,1.0,0.0
16,2,54.451,3121.72900390625,T12,246,1.0,0.0
16,2,54.476,3123.3779296875,T12,246,1.0,0.0
16,2,54.476,3123.3779296875,T12,247,1.0,0.0
16,2,54.5,3125.076171875,T12,247,1.0,0.0
16,2,54.5,3125.076171875,T12,247,1.0,0.0
16,2,54.525,3126.7548828125,T12,247,1.0,0.0
16,2,54.525,3126.7548828125,T12,248,1.0,0.0
16,2,54.549,3128.44140625,T12,248,1.0,0.0
16,2,54.549,3128.44140625,T12,248,1.0,0.0
16,2,54.574,3130.1552734375,T12,248,1.0,0.0
16,2,54.574,3130.1552734375,T12,249,1.0,0.0
16,2,54.599,3131.8779296875,T12,249,1.0,0.0
16,2,54.599,3131.8779296875,T12,249,1.0,0.0
16,2,54.624,3133.6162109375,T12,249,1.0,0.0
16,2,54.624,3133.6162109375,T12,249,1.0,0.0
16,2,54.649,3135.3544921875,T12,249,1.0,0.0
16,2,54.649,3135.3544921875,T12,250,1.0,0.0
16,2,54.674,3137.10791015625,T12,250,1.0,0.0
16,2,54.674,3137.10791015625,T12,250,1.0,0.0
16,2,54.699,3138.8779296875,T12,250,1.0,0.0
16,2,54.699,3138.8779296875,T12,251,1.0,0.0
16,2,54.725,3140.6640625,T12,251,1.0,0.0
16,2,54.725,3140.6640625,T12,251,1.0,0.0
16,2,54.75,3142.42333984375,T12,251,1.0,0.0
16,2,54.75,3142.42333984375,T12,252,1.0,0.0
16,2,54.776,3144.162109375,T12,252,1.0,0.0
16,2,54.776,3144.162109375,T12,252,1.0,0.0
16,2,54.801,3145.87744140625,T12,252,1.0,0.0
16,2,54.801,3145.87744140625,T12,253,1.0,0.0
16,2,54.825,3147.60546875,T12,253,1.0,0.0
16,2,54.825,3147.60546875,T12,250,0.0,1.0
16,2,54.85,3149.26611328125,T12,250,0.0,1.0
16,2,54.85,3149.26611328125,T12,248,0.0,1.0
16,2,54.874,3150.9267578125,T12,248,0.0,1.0
16,2,54.874,3150.9267578125,T12,246,0.0,1.0
16,2,54.898,3152.5830078125,T12,246,0.0,1.0
16,2,54.898,3152.5830078125,T12,244,0.0,1.0
16,2,54.922,3154.21826171875,T12,244,0.0,1.0
16,2,54.922,3154.21826171875,T12,241,0.0,1.0
16,2,54.946,3155.8427734375,T12,241,0.0,1.0
16,2,54.946,3155.8427734375,T12,239,0.0,1.0
16,2,54.971,3157.4443359375,T12,239,0.0,1.0
16,2,54.971,3157.4443359375,T12,236,0.0,1.0
16,2,54.995,3159.0205078125,T12,236,0.0,1.0
16,2,54.995,3159.0205078125,T12,233,0.0,1.0
16,2,55.027,3160.59033203125,T12,233,0.0,1.0
16,2,55.027,3160.59033203125,T12,231,0.0,1.0
16,2,55.051,3162.1376953125,T12,231,0.0,1.0
16,2,55.051,3162.1376953125,T12,228,0.0,1.0
16,2,55.075,3163.6787109375,T12,228,0.0,1.0
16,2,55.075,3163.6787109375,T12,226,0.0,1.0
16,2,55.099,3165.216796875,T12,226,0.0,1.0
16,2,55.099,3165.216796875,T12,223,0.0,1.0
16,2,55.124,3166.734375,T12,223,0.0,1.0
16,2,55.124,3166.734375,T12,221,0.0,1.0
16,2,55.148,3168.232421875,T12,221,0.0,1.0
16,2,55.148,3168.232421875,T12,219,0.0,1.0
16,2,55.172,3169.7236328125,T12,219,0.0,1.0
16,2,55.172,3169.7236328125,T12,217,0.0,1.0
16,2,55.197,3171.2001953125,T12,217,0.0,1.0
16,2,55.197,3171.2001953125,T12,214,0.0,1.0
16,2,55.221,3172.6689453125,T12,214,0.0,1.0
16,2,55.221,3172.6689453125,T12,211,0.0,1.0
16,2,55.246,3174.11572265625,T12,211,0.0,1.0
16,2,55.246,3174.11572265625,T12,209,0.0,1.0
16,2,55.271,3175.548828125,T12,209,0.0,1.0
16,2,55.271,3175.548828125,T12,206,0.0,1.0
16,2,55.295,3176.9658203125,T12,206,0.0,1.0
16,2,55.295,3176.9658203125,T12,204,0.0,0.3228844106197357
16,2,55.32,3178.416015625,T12,204,0.0,0.3228844106197357
16,2,55.32,3178.416015625,T12,202,0.0,0.3178485631942749
16,2,55.346,3179.84130859375,T12,202,0.0,0.3178485631942749
16,2,55.346,3179.84130859375,T12,201,0.0,0.3126014471054077
16,2,55.371,3181.29736328125,T12,201,0.0,0.3126014471054077
16,2,55.371,3181.29736328125,T12,199,0.0,0.30987682938575745
16,2,55.397,3182.73828125,T12,199,0.0,0.30987682938575745
16,2,55.397,3182.73828125,T12,198,0.0,0.30696848034858704
16,2,55.423,3184.171875,T12,198,0.0,0.30696848034858704
16,2,55.423,3184.171875,T12,197,0.0,0.29844149947166443
16,2,55.449,3185.619140625,T12,197,0.0,0.29844149947166443
16,2,55.449,3185.619140625,T12,195,0.0,0.2951126992702484
16,2,55.475,3187.0634765625,T12,195,0.0,0.2951126992702484
16,2,55.475,3187.0634765625,T12,194,0.0,0.2913886308670044
16,2,55.502,3188.47412109375,T12,194,0.0,0.2913886308670044
16,2,55.502,3188.47412109375,T12,193,0.0,0.28754106163978577
16,2,55.528,3189.89111328125,T12,193,0.0,0.28754106163978577
16,2,55.528,3189.89111328125,T12,191,0.0,0.2833938002586365
16,2,55.554,3191.267578125,T12,191,0.0,0.2833938002586365
16,2,55.554,3191.267578125,T12,190,0.0,0.2788855731487274
16,2,55.581,3192.6865234375,T12,190,0.0,0.2788855731487274
16,2,55.581,3192.6865234375,T12,189,0.0,0.2822674810886383
16,2,55.608,3194.046875,T12,189,0.0,0.2822674810886383
16,2,55.608,3194.046875,T12,188,0.0,0.2770037055015564
16,2,55.634,3195.38818359375,T12,188,0.0,0.2770037055015564
16,2,55.634,3195.38818359375,T12,186,0.0,0.2712726891040802
16,2,55.659,3196.7314453125,T12,186,0.0,0.2712726891040802
16,2,55.659,3196.7314453125,T12,185,0.0,0.26524877548217773
16,2,55.685,3198.03759765625,T12,185,0.0,0.26524877548217773
16,2,55.685,3198.03759765625,T12,184,0.0,0.26047468185424805
16,2,55.711,3199.33984375,T12,184,0.0,0.26047468185424805
16,2,55.711,3199.33984375,T12,183,0.0,0.25566864013671875
16,2,55.737,3200.64013671875,T12,183,0.0,0.25566864013671875
16,2,55.737,3200.64013671875,T12,182,0.0,0.25058436393737793
16,2,55.762,3201.88525390625,T12,182,0.0,0.25058436393737793
16,2,55.762,3201.88525390625,T12,181,0.0,0.24782194197177887
16,2,55.787,3203.1533203125,T12,181,0.0,0.24782194197177887
16,2,55.787,3203.1533203125,T12,179,0.0,0.23835623264312744
16,2,55.813,3204.4033203125,T12,179,0.0,0.23835623264312744
16,2,55.813,3204.4033203125,T12,178,0.0,0.23112192749977112
16,2,55.838,3205.63720703125,T12,178,0.0,0.23112192749977112
16,2,55.838,3205.63720703125,T12,177,0.0,0.22727935016155243
16,2,55.863,3206.876953125,T12,177,0.0,0.22727935016155243
16,2,55.863,3206.876953125,T12,176,0.0,0.21438971161842346
16,2,55.888,3208.095703125,T12,176,0.0,0.21438971161842346
16,2,55.888,3208.095703125,T12,175,0.0,0.20965515077114105
16,2,55.913,3209.3056640625,T12,175,0.0,0.20965515077114105
16,2,55.913,3209.3056640625,T12,174,0.0,0.2032739222049713
16,2,55.938,3210.5,T12,174,0.0,0.2032739222049713
16,2,55.938,3210.5,T12,174,0.0,0.19926217198371887
16,2,55.963,3211.697265625,T12,174,0.0,0.19926217198371887
16,2,55.963,3211.697265625,T12,173,0.0,0.19325177371501923
16,2,55.988,3212.8720703125,T12,173,0.0,0.19325177371501923
16,2,55.988,3212.8720703125,T12,172,0.0,0.18339627981185913
16,2,56.012,3214.05078125,T12,172,0.0,0.18339627981185913
16,2,56.012,3214.05078125,T12,171,0.0,0.16277557611465454
16,2,56.037,3215.2197265625,T12,171,0.0,0.16277557611465454
16,2,56.037,3215.2197265625,T12,170,0.0,3.059333175770007e-05
16,2,56.062,3216.3798828125,T13,170,0.0,3.059333175770007e-05
16,2,56.062,3216.3798828125,T13,169,0.0,0.5823786854743958
16,2,56.086,3217.52783203125,T13,169,0.0,0.5823786854743958
16,2,56.086,3217.52783203125,T13,167,0.0,0.5762670040130615
16,2,56.111,3218.6875,T13,167,0.0,0.5762670040130615
16,2,56.111,3218.6875,T13,165,0.0,0.5750410556793213
16,2,56.136,3219.841796875,T13,165,0.0,0.5750410556793213
16,2,56.136,3219.841796875,T13,163,0.0,0.5763140320777893
16,2,56.161,3221.0087890625,T13,163,0.0,0.5763140320777893
16,2,56.161,3221.0087890625,T13,161,0.0,0.5543992519378662
16,2,56.187,3222.16357421875,T13,161,0.0,0.5543992519378662
16,2,56.187,3222.16357421875,T13,159,0.0,0.5255370140075684
16,2,56.213,3223.3154296875,T13,159,0.0,0.5255370140075684
16,2,56.213,3223.3154296875,T13,157,0.0,0.48536521196365356
16,2,56.24,3224.470703125,T13,157,0.0,0.48536521196365356
16,2,56.24,3224.470703125,T13,155,0.0,0.3797968327999115
16,2,56.266,3225.62255859375,T13,155,0.0,0.3797968327999115
16,2,56.266,3225.62255859375,T13,154,0.0,0.5269432663917542
16,2,56.293,3226.7490234375,T13,154,0.0,0.5269432663917542
16,2,56.293,3226.7490234375,T13,152,0.0,0.5142402648925781
16,2,56.32,3227.857421875,T13,152,0.0,0.5142402648925781
16,2,56.32,3227.857421875,T13,150,0.0,0.4918487071990967
16,2,56.346,3228.94775390625,T13,150,0.0,0.4918487071990967
16,2,56.346,3228.94775390625,T13,148,0.0,0.4574567973613739
16,2,56.373,3230.01953125,T13,148,0.0,0.4574567973613739
16,2,56.373,3230.01953125,T13,147,0.0,0.43568018078804016
16,2,56.399,3231.0830078125,T13,147,0.0,0.43568018078804016
16,2,56.399,3231.0830078125,T13,145,0.0,0.4591335356235504
16,2,56.425,3232.12451171875,T13,145,0.0,0.4591335356235504
16,2,56.425,3232.12451171875,T13,143,0.0,0.4295545518398285
16,2,56.451,3233.14306640625,T13,143,0.0,0.4295545518398285
16,2,56.451,3233.14306640625,T13,142,0.0,0.4116261303424835
16,2,56.477,3234.1455078125,T13,142,0.0,0.4116261303424835
16,2,56.477,3234.1455078125,T13,140,0.0,0.406943678855896
16,2,56.503,3235.140625,T13,140,0.0,0.406943678855896
16,2,56.503,3235.140625,T13,139,0.0,0.4007972180843353
16,2,56.528,3236.12109375,T13,139,0.0,0.4007972180843353
16,2,56.528,3236.12109375,T13,137,0.0,0.42259472608566284
16,2,56.554,3237.08837890625,T13,137,0.0,0.42259472608566284
16,2,56.554,3237.08837890625,T13,136,0.0,0.4165765047073364
16,2,56.58,3238.03955078125,T13,136,0.0,0.4165765047073364
16,2,56.58,3238.03955078125,T13,134,0.0,0.41348928213119507
16,2,56.605,3238.98046875,T13,134,0.0,0.41348928213119507
16,2,56.605,3238.98046875,T13,133,0.0,0.41185495257377625
16,2,56.631,3239.892578125,T13,133,0.0,0.41185495257377625
16,2,56.631,3239.892578125,T13,131,0.0,0.4090564548969269
16,2,56.656,3240.798828125,T13,131,0.0,0.4090564548969269
16,2,56.656,3240.798828125,T13,130,0.0,0.40596917271614075
16,2,56.681,3241.6982421875,T13,130,0.0,0.40596917271614075
16,2,56.681,3241.6982421875,T13,128,0.0,0.40409108996391296
16,2,56.707,3242.578125,T13,128,0.0,0.40409108996391296
16,2,56.707,3242.578125,T13,127,0.0,0.4024646282196045
16,2,56.732,3243.451171875,T13,127,0.0,0.4024646282196045
16,2,56.732,3243.451171875,T13,125,0.0,0.401583194732666
16,2,56.757,3244.30810546875,T13,125,0.0,0.401583194732666
16,2,56.757,3244.30810546875,T13,124,0.0,0.400310754776001
16,2,56.783,3245.15234375,T13,124,0.0,0.400310754776001
16,2,56.783,3245.15234375,T13,122,0.0,0.3990721106529236
16,2,56.808,3246.001953125,T13,122,0.0,0.3990721106529236
16,2,56.808,3246.001953125,T13,121,0.0,0.3977523148059845
16,2,56.833,3246.84326171875,T13,121,0.0,0.3977523148059845
16,2,56.833,3246.84326171875,T13,119,0.0,0.3729717433452606
16,2,56.859,3247.6552734375,T13,119,0.0,0.3729717433452606
16,2,56.859,3247.6552734375,T13,118,0.0,0.33046457171440125
16,2,56.884,3248.4677734375,T13,118,0.0,0.33046457171440125
16,2,56.884,3248.4677734375,T13,117,0.0,0.21995888650417328
16,2,56.909,3249.267578125,T13,117,0.0,0.21995888650417328
16,2,56.909,3249.267578125,T13,116,0.0,0.1698838323354721
16,2,56.934,3250.0693359375,T13,116,0.0,0.1698838323354721
16,2,56.934,3250.0693359375,T13,115,0.0,0.11451590806245804
16,2,56.96,3250.86181640625,T13,115,0.0,0.11451590806245804
16,2,56.96,3250.86181640625,T13,114,0.0,0.06921957433223724
16,2,56.985,3251.6455078125,T13,114,0.0,0.06921957433223724
16,2,56.985,3251.6455078125,T13,113,0.0,0.025936059653759003
16,2,57.01,3252.4140625,T13,113,0.0,0.025936059653759003
16,2,57.01,3252.4140625,T13,112,0.0,0.0005783687811344862
16,2,57.035,3253.185546875,T13,112,0.0,0.0005783687811344862
16,2,57.035,3253.185546875,T13,112,0.0,0.058360856026411057
16,2,57.061,3253.9521484375,T13,112,0.0,0.058360856026411057
16,2,57.061,3253.9521484375,T13,111,0.0,0.021588055416941643
16,2,57.086,3254.716796875,T13,111,0.0,0.021588055416941643
16,2,57.086,3254.716796875,T13,110,0.0,0.002500943373888731
16,2,57.111,3255.490234375,T13,110,0.0,0.002500943373888731
16,2,57.111,3255.490234375,T13,110,0.0,0.0
16,2,57.136,3256.26123046875,T13,110,0.0,0.0
16,2,57.136,3256.26123046875,T13,109,0.0,0.0
16,2,57.161,3257.0283203125,T13,109,0.0,0.0
16,2,57.161,3257.0283203125,T13,109,0.20483016967773438,0.0
16,2,57.186,3257.8037109375,T13,109,0.20483016967773438,0.0
16,2,57.186,3257.8037109375,T13,108,0.2174244523048401,0.0
16,2,57.212,3258.5791015625,T13,108,0.2174244523048401,0.0
16,2,57.212,3258.5791015625,T13,108,0.23244118690490723,0.0
16,2,57.237,3259.345703125,T13,108,0.23244118690490723,0.0
16,2,57.237,3259.345703125,T13,108,0.24073827266693115,0.0
16,2,57.262,3260.1142578125,T13,108,0.24073827266693115,0.0
16,2,57.262,3260.1142578125,T13,108,0.2590333819389343,0.0
16,2,57.287,3260.8876953125,T13,108,0.2590333819389343,0.0
16,2,57.287,3260.8876953125,T13,107,0.27914953231811523,0.0
16,2,57.312,3261.66845703125,T13,107,0.27914953231811523,0.0
16,2,57.312,3261.66845703125,T13,107,0.31224310398101807,0.0
16,2,57.337,3262.4501953125,T13,107,0.31224310398101807,0.0
16,2,57.337,3262.4501953125,T13,107,0.3356727361679077,0.0
16,2,57.362,3263.232421875,T13,107,0.3356727361679077,0.0
16,2,57.362,3263.232421875,T13,107,0.3478347063064575,0.0
16,2,57.387,3264.017578125,T13,107,0.3478347063064575,0.0
16,2,57.387,3264.017578125,T13,107,0.37274062633514404,0.0
16,2,57.412,3264.8134765625,T13,107,0.37274062633514404,0.0
16,2,57.412,3264.8134765625,T13,107,0.4108848571777344,0.0
16,2,57.437,3265.6220703125,T13,107,0.4108848571777344,0.0
16,2,57.437,3265.6220703125,T13,107,0.43681520223617554,0.0
16,2,57.462,3266.4326171875,T13,107,0.43681520223617554,0.0
16,2,57.462,3266.4326171875,T13,107,0.4498004913330078,0.0
16,2,57.487,3267.2490234375,T13,107,0.4498004913330078,0.0
16,2,57.487,3267.2490234375,T13,107,0.47508084774017334,0.0
16,2,57.512,3268.0791015625,T13,107,0.47508084774017334,0.0
16,2,57.512,3268.0791015625,T13,107,0.5110486745834351,0.0
16,2,57.537,3268.92236328125,T13,107,0.5110486745834351,0.0
16,2,57.537,3268.92236328125,T13,108,0.5342509746551514,0.0
16,2,57.562,3269.84619140625,T13,108,0.5342509746551514,0.0
16,2,57.562,3269.84619140625,T13,108,0.5560036301612854,0.0
16,2,57.587,3270.80224609375,T13,108,0.5560036301612854,0.0
16,2,57.587,3270.80224609375,T13,108,0.5761065483093262,0.0
16,2,57.613,3271.7548828125,T13,108,0.5761065483093262,0.0
16,2,57.613,3271.7548828125,T13,108,0.5950071811676025,0.0
16,2,57.639,3272.7353515625,T13,108,0.5950071811676025,0.0
16,2,57.639,3272.7353515625,T13,108,0.6155505180358887,0.0
16,2,57.665,3273.7255859375,T13,108,0.6155505180358887,0.0
16,2,57.665,3273.7255859375,T13,108,0.6371979117393494,0.0
16,2,57.692,3274.740234375,T13,108,0.6371979117393494,0.0
16,2,57.692,3274.740234375,T13,108,0.6591535806655884,0.0
16,2,57.719,3275.7470703125,T13,108,0.6591535806655884,0.0
16,2,57.719,3275.7470703125,T13,108,0.6804510354995728,0.0
16,2,57.746,3276.7685546875,T13,108,0.6804510354995728,0.0
16,2,57.746,3276.7685546875,T13,108,0.699442446231842,0.0
16,2,57.774,3277.79443359375,T13,108,0.699442446231842,0.0
16,2,57.774,3277.79443359375,T13,109,0.7183963060379028,0.0
16,2,57.801,3278.8310546875,T13,109,0.7183963060379028,0.0
16,2,57.801,3278.8310546875,T13,109,0.7371151447296143,0.0
16,2,57.828,3279.865234375,T13,109,0.7371151447296143,0.0
16,2,57.828,3279.865234375,T13,109,0.7545129060745239,0.0
16,2,57.855,3280.8984375,T13,109,0.7545129060745239,0.0
16,2,57.855,3280.8984375,T13,110,0.7683919668197632,0.0
16,2,57.882,3281.94580078125,T13,110,0.7683919668197632,0.0
16,2,57.882,3281.94580078125,T13,110,0.6813154220581055,0.0
16,2,57.908,3283.05419921875,T13,110,0.6813154220581055,0.0
16,2,57.908,3283.05419921875,T13,111,0.1360100507736206,0.0
16,2,57.935,3284.12890625,T13,111,0.1360100507736206,0.0
16,2,57.935,3284.12890625,T13,111,0.21908462047576904,0.0
16,2,57.961,3285.17041015625,T13,111,0.21908462047576904,0.0
16,2,57.961,3285.17041015625,T13,111,0.6902561187744141,0.0
16,2,57.987,3286.19384765625,T13,111,0.6902561187744141,0.0
16,2,57.987,3286.19384765625,T13,111,0.6876133680343628,0.0
16,2,58.012,3287.2109375,T13,111,0.6876133680343628,0.0
16,2,58.012,3287.2109375,T13,111,0.47482603788375854,0.0
16,2,58.038,3288.2099609375,T13,111,0.47482603788375854,0.0
16,2,58.038,3288.2099609375,T13,112,0.49481117725372314,0.0
16,2,58.064,3289.20263671875,T13,112,0.49481117725372314,0.0
16,2,58.064,3289.20263671875,T13,112,0.5109033584594727,0.0
16,2,58.089,3290.1826171875,T13,112,0.5109033584594727,0.0
16,2,58.089,3290.1826171875,T13,112,0.5230004191398621,0.0
16,2,58.115,3291.16845703125,T13,112,0.5230004191398621,0.0
16,2,58.115,3291.16845703125,T13,113,0.4217517375946045,0.0
16,2,58.14,3292.1416015625,T13,113,0.4217517375946045,0.0
16,2,58.14,3292.1416015625,T13,113,0.5851571559906006,0.0
16,2,58.166,3293.10595703125,T13,113,0.5851571559906006,0.0
16,2,58.166,3293.10595703125,T13,113,0.5536777973175049,0.0
16,2,58.191,3294.0673828125,T13,113,0.5536777973175049,0.0
16,2,58.191,3294.0673828125,T13,113,0.42911672592163086,0.0
16,2,58.216,3295.0234375,T13,113,0.42911672592163086,0.0
16,2,58.216,3295.0234375,T13,114,0.5294116139411926,0.0
16,2,58.242,3295.947265625,T13,114,0.5294116139411926,0.0
16,2,58.242,3295.947265625,T13,114,0.7805883884429932,0.0
16,2,58.267,3296.869140625,T13,114,0.7805883884429932,0.0
16,2,58.267,3296.869140625,T13,115,0.73716801404953,0.0
16,2,58.292,3297.7744140625,T13,115,0.73716801404953,0.0
16,2,58.292,3297.7744140625,T13,116,0.6408756971359253,0.0
16,2,58.317,3298.669921875,T13,116,0.6408756971359253,0.0
16,2,58.317,3298.669921875,T13,116,0.5141714215278625,0.0
16,2,58.342,3299.5634765625,T13,116,0.5141714215278625,0.0
16,2,58.342,3299.5634765625,T13,117,0.5702600479125977,0.0
16,2,58.367,3300.4423828125,T13,117,0.5702600479125977,0.0
16,2,58.367,3300.4423828125,T13,117,0.705559253692627,0.0
16,2,58.391,3301.31591796875,T13,117,0.705559253692627,0.0
16,2,58.391,3301.31591796875,T13,118,0.6914659142494202,0.0
16,2,58.416,3302.1904296875,T13,118,0.6914659142494202,0.0
16,2,58.416,3302.1904296875,T13,119,0.5786426067352295,0.0
16,2,58.441,3303.06640625,T13,119,0.5786426067352295,0.0
16,2,58.441,3303.06640625,T13,119,0.6086149215698242,0.0
16,2,58.466,3303.9423828125,T13,119,0.6086149215698242,0.0
16,2,58.466,3303.9423828125,T13,120,0.7186778783798218,0.0
16,2,58.491,3304.82421875,T13,120,0.7186778783798218,0.0
16,2,58.491,3304.82421875,T13,120,0.7696511149406433,0.0
16,2,58.517,3305.701171875,T13,120,0.7696511149406433,0.0
16,2,58.517,3305.701171875,T13,121,0.9473191499710083,0.0
16,2,58.542,3306.58056640625,T13,121,0.9473191499710083,0.0
16,2,58.542,3306.58056640625,T13,122,0.9617975950241089,0.0
16,2,58.567,3307.455078125,T13,122,0.9617975950241089,0.0
16,2,58.567,3307.455078125,T13,123,0.978256106376648,0.0
16,2,58.593,3308.337890625,T13,123,0.978256106376648,0.0
16,2,58.593,3308.337890625,T13,124,0.9969747066497803,0.0
16,2,58.618,3309.220703125,T13,124,0.9969747066497803,0.0
16,2,58.618,3309.220703125,T13,125,1.0,0.0
16,2,58.643,3310.0986328125,T13,125,1.0,0.0
16,2,58.643,3310.0986328125,T13,125,1.0,0.0
16,2,58.669,3310.9599609375,T13,125,1.0,0.0
16,2,58.669,3310.9599609375,T13,126,1.0,0.0
16,2,58.694,3311.830078125,T13,126,1.0,0.0
16,2,58.694,3311.830078125,T13,126,1.0,0.0
16,2,58.719,3312.685546875,T13,126,1.0,0.0
16,2,58.719,3312.685546875,T13,127,1.0,0.0
16,2,58.744,3313.548828125,T13,127,1.0,0.0
16,2,58.744,3313.548828125,T13,127,1.0,0.0
16,2,58.769,3314.400390625,T13,127,1.0,0.0
16,2,58.769,3314.400390625,T13,128,1.0,0.0
16,2,58.794,3315.2421875,T13,128,1.0,0.0
16,2,58.794,3315.2421875,T13,128,1.0,0.0
16,2,58.819,3316.087890625,T13,128,1.0,0.0
16,2,58.819,3316.087890625,T13,129,1.0,0.0
16,2,58.843,3316.9365234375,T13,129,1.0,0.0
16,2,58.843,3316.9365234375,T13,129,1.0,0.0
16,2,58.868,3317.7626953125,T13,129,1.0,0.0
16,2,58.868,3317.7626953125,T13,129,1.0,0.0
16,2,58.891,3318.60791015625,T13,129,1.0,0.0
16,2,58.891,3318.60791015625,T13,129,1.0,0.0
16,2,58.916,3319.44921875,T13,129,1.0,0.0
16,2,58.916,3319.44921875,T13,130,1.0,0.0
16,2,58.94,3320.302734375,T14,130,1.0,0.0
16,2,58.94,3320.302734375,T14,131,1.0,0.0
16,2,58.964,3321.1640625,T14,131,1.0,0.0
16,2,58.964,3321.1640625,T14,131,1.0,0.0
16,2,58.988,3322.029296875,T14,131,1.0,0.0
16,2,58.988,3322.029296875,T14,131,1.0,0.0
16,2,59.013,3322.8984375,T14,131,1.0,0.0
16,2,59.013,3322.8984375,T14,132,1.0,0.0
16,2,59.038,3323.7802734375,T14,132,1.0,0.0
16,2,59.038,3323.7802734375,T14,132,1.0,0.0
16,2,59.063,3324.67333984375,T14,132,1.0,0.0
16,2,59.063,3324.67333984375,T14,133,1.0,0.0
16,2,59.088,3325.57763671875,T14,133,1.0,0.0
16,2,59.088,3325.57763671875,T14,133,1.0,0.0
16,2,59.113,3326.4833984375,T14,133,1.0,0.0
16,2,59.113,3326.4833984375,T14,133,1.0,0.0
16,2,59.138,3327.38427734375,T14,133,1.0,0.0
16,2,59.138,3327.38427734375,T14,134,1.0,0.0
16,2,59.163,3328.3056640625,T14,134,1.0,0.0
16,2,59.163,3328.3056640625,T14,135,1.0,0.0
16,2,59.189,3329.24609375,T14,135,1.0,0.0
16,2,59.189,3329.24609375,T14,136,1.0,0.0
16,2,59.214,3330.2099609375,T14,136,1.0,0.0
16,2,59.214,3330.2099609375,T14,137,1.0,0.0
16,2,59.24,3331.17431640625,T14,137,1.0,0.0
16,2,59.24,3331.17431640625,T14,139,1.0,0.0
16,2,59.265,3332.140625,T14,139,1.0,0.0
16,2,59.265,3332.140625,T14,140,1.0,0.0
16,2,59.29,3333.12890625,T14,140,1.0,0.0
16,2,59.29,3333.12890625,T14,141,1.0,0.0
16,2,59.315,3334.13134765625,T14,141,1.0,0.0
16,2,59.315,3334.13134765625,T14,142,1.0,0.0
16,2,59.341,3335.1318359375,T14,142,1.0,0.0
16,2,59.341,3335.1318359375,T14,144,1.0,0.0
16,2,59.366,3336.1357421875,T14,144,1.0,0.0
16,2,59.366,3336.1357421875,T14,145,1.0,0.0
16,2,59.391,3337.15966796875,T14,145,1.0,0.0
16,2,59.391,3337.15966796875,T14,146,1.0,0.0
16,2,59.417,3338.19873046875,T14,146,1.0,0.0
16,2,59.417,3338.19873046875,T14,147,1.0,0.0
16,2,59.442,3339.2431640625,T14,147,1.0,0.0
16,2,59.442,3339.2431640625,T14,148,1.0,0.0
16,2,59.468,3340.2744140625,T14,148,1.0,0.0
16,2,59.468,3340.2744140625,T14,149,1.0,0.0
16,2,59.493,3341.326171875,T14,149,1.0,0.0
16,2,59.493,3341.326171875,T14,150,1.0,0.0
16,2,59.518,3342.37841796875,T14,150,1.0,0.0
16,2,59.518,3342.37841796875,T14,151,1.0,0.0
16,2,59.543,3343.43896484375,T14,151,1.0,0.0
16,2,59.543,3343.43896484375,T14,152,1.0,0.0
16,2,59.568,3344.4912109375,T14,152,1.0,0.0
16,2,59.568,3344.4912109375,T14,153,1.0,0.0
16,2,59.593,3345.5390625,T14,153,1.0,0.0
16,2,59.593,3345.5390625,T14,154,1.0,0.0
16,2,59.618,3346.5908203125,T14,154,1.0,0.0
16,2,59.618,3346.5908203125,T14,155,1.0,0.0
16,2,59.642,3347.662109375,T14,155,1.0,0.0
16,2,59.642,3347.662109375,T14,156,1.0,0.0
16,2,59.667,3348.73291015625,T14,156,1.0,0.0
16,2,59.667,3348.73291015625,T14,157,1.0,0.0
16,2,59.692,3349.8056640625,T14,157,1.0,0.0
16,2,59.692,3349.8056640625,T14,158,1.0,0.0
16,2,59.716,3350.89794921875,T14,158,1.0,0.0
16,2,59.716,3350.89794921875,T14,159,1.0,0.0
16,2,59.741,3351.99609375,T14,159,1.0,0.0
16,2,59.741,3351.99609375,T14,161,1.0,0.0
16,2,59.766,3353.10791015625,T14,161,1.0,0.0
16,2,59.766,3353.10791015625,T14,162,1.0,0.0
16,2,59.791,3354.23486328125,T14,162,1.0,0.0
16,2,59.791,3354.23486328125,T14,163,1.0,0.0
16,2,59.816,3355.3505859375,T14,163,1.0,0.0
16,2,59.816,3355.3505859375,T14,164,1.0,0.0
16,2,59.84,3356.46484375,T14,164,1.0,0.0
16,2,59.84,3356.46484375,T14,165,1.0,0.0
16,2,59.865,3357.599609375,T14,165,1.0,0.0
16,2,59.865,3357.599609375,T14,166,1.0,0.0
16,2,59.89,3358.7490234375,T14,166,1.0,0.0
16,2,59.89,3358.7490234375,T14,167,1.0,0.0
16,2,59.915,3359.8994140625,T14,167,1.0,0.0
16,2,59.915,3359.8994140625,T14,168,1.0,0.0
16,2,59.939,3361.056640625,T14,168,1.0,0.0
16,2,59.939,3361.056640625,T14,169,1.0,0.0
16,2,59.964,3362.2119140625,T14,169,1.0,0.0
16,2,59.964,3362.2119140625,T14,170,1.0,0.0
16,2,59.989,3363.3935546875,T14,170,1.0,0.0
16,2,59.989,3363.3935546875,T14,171,1.0,0.0
16,2,60.014,3364.6005859375,T14,171,1.0,0.0
16,2,60.014,3364.6005859375,T14,172,1.0,0.0
16,2,60.039,3365.8056640625,T14,172,1.0,0.0
16,2,60.039,3365.8056640625,T14,173,1.0,0.0
16,2,60.065,3367.02197265625,T14,173,1.0,0.0
16,2,60.065,3367.02197265625,T14,173,1.0,0.0
16,2,60.09,3368.25390625,T14,173,1.0,0.0
16,2,60.09,3368.25390625,T14,174,1.0,0.0
16,2,60.116,3369.517578125,T14,174,1.0,0.0
16,2,60.116,3369.517578125,T14,175,1.0,0.0
16,2,60.142,3370.779296875,T14,175,1.0,0.0
16,2,60.142,3370.779296875,T14,176,1.0,0.0
16,2,60.168,3372.0546875,T14,176,1.0,0.0
16,2,60.168,3372.0546875,T14,177,1.0,0.0
16,2,60.194,3373.31982421875,T14,177,1.0,0.0
16,2,60.194,3373.31982421875,T14,178,1.0,0.0
16,2,60.22,3374.603515625,T14,178,1.0,0.0
16,2,60.22,3374.603515625,T14,179,1.0,0.0
16,2,60.246,3375.88427734375,T14,179,1.0,0.0
16,2,60.246,3375.88427734375,T14,180,1.0,0.0
16,2,60.271,3377.1767578125,T14,180,1.0,0.0
16,2,60.271,3377.1767578125,T14,181,1.0,0.0
16,2,60.297,3378.451171875,T14,181,1.0,0.0
16,2,60.297,3378.451171875,T14,182,1.0,0.0
16,2,60.323,3379.74951171875,T14,182,1.0,0.0
16,2,60.323,3379.74951171875,T14,183,1.0,0.0
16,2,60.348,3381.0283203125,T14,183,1.0,0.0
16,2,60.348,3381.0283203125,T14,184,1.0,0.0
16,2,60.373,3382.32421875,T14,184,1.0,0.0
16,2,60.373,3382.32421875,T14,185,1.0,0.0
16,2,60.399,3383.609375,T14,185,1.0,0.0
16,2,60.399,3383.609375,T14,186,1.0,0.0
16,2,60.424,3384.87744140625,T14,186,1.0,0.0
16,2,60.424,3384.87744140625,T14,187,1.0,0.0
16,2,60.449,3386.1708984375,T14,187,1.0,0.0
16,2,60.449,3386.1708984375,T14,188,1.0,0.0
16,2,60.474,3387.431640625,T14,188,1.0,0.0
16,2,60.474,3387.431640625,T14,188,1.0,0.0
16,2,60.498,3388.6943359375,T14,188,1.0,0.0
16,2,60.498,3388.6943359375,T14,189,1.0,0.0
16,2,60.523,3389.98486328125,T14,189,1.0,0.0
16,2,60.523,3389.98486328125,T14,190,1.0,0.0
16,2,60.547,3391.26904296875,T14,190,1.0,0.0
16,2,60.547,3391.26904296875,T14,190,1.0,0.0
16,2,60.572,3392.564453125,T14,190,1.0,0.0
16,2,60.572,3392.564453125,T14,191,1.0,0.0
16,2,60.597,3393.87060546875,T14,191,1.0,0.0
16,2,60.597,3393.87060546875,T14,191,1.0,0.0
16,2,60.621,3395.1669921875,T14,191,1.0,0.0
16,2,60.621,3395.1669921875,T14,192,1.0,0.0
16,2,60.646,3396.5029296875,T14,192,1.0,0.0
16,2,60.646,3396.5029296875,T14,193,1.0,0.0
16,2,60.671,3397.8515625,T14,193,1.0,0.0
16,2,60.671,3397.8515625,T14,194,1.0,0.0
16,2,60.696,3399.20263671875,T14,194,1.0,0.0
16,2,60.696,3399.20263671875,T14,195,1.0,0.0
16,2,60.721,3400.5498046875,T14,195,1.0,0.0
16,2,60.721,3400.5498046875,T14,196,1.0,0.0
16,2,60.746,3401.91259765625,T14,196,1.0,0.0
16,2,60.746,3401.91259765625,T14,196,1.0,0.0
16,2,60.77,3403.28125,T14,196,1.0,0.0
16,2,60.77,3403.28125,T14,197,1.0,0.0
16,2,60.795,3404.65771484375,T14,197,1.0,0.0
16,2,60.795,3404.65771484375,T14,198,1.0,0.0
16,2,60.82,3406.0419921875,T14,198,1.0,0.0
16,2,60.82,3406.0419921875,T14,199,1.0,0.0
16,2,60.844,3407.4375,T14,199,1.0,0.0
16,2,60.844,3407.4375,T14,200,1.0,0.0
16,2,60.869,3408.876953125,T14,200,1.0,0.0
16,2,60.869,3408.876953125,T14,200,1.0,0.0
16,2,60.894,3410.318359375,T14,200,1.0,0.0
16,2,60.894,3410.318359375,T14,201,1.0,0.0
16,2,60.919,3411.751953125,T14,201,1.0,0.0
16,2,60.919,3411.751953125,T14,202,1.0,0.0
16,2,60.944,3413.1982421875,T14,202,1.0,0.0
16,2,60.944,3413.1982421875,T14,202,1.0,0.0
16,2,60.969,3414.6591796875,T14,202,1.0,0.0
16,2,60.969,3414.6591796875,T14,203,1.0,0.0
16,2,60.994,3416.13623046875,T14,203,1.0,0.0
16,2,60.994,3416.13623046875,T14,204,1.0,0.0
16,2,61.02,3417.6123046875,T14,204,1.0,0.0
16,2,61.02,3417.6123046875,T14,205,1.0,0.0
16,2,61.045,3419.0634765625,T14,205,1.0,0.0
16,2,61.045,3419.0634765625,T14,205,1.0,0.0
16,2,61.069,3420.5576171875,T14,205,1.0,0.0
16,2,61.069,3420.5576171875,T14,206,1.0,0.0
16,2,61.094,3422.0888671875,T14,206,1.0,0.0
16,2,61.094,3422.0888671875,T14,207,1.0,0.0
16,2,61.12,3423.6240234375,T14,207,1.0,0.0
16,2,61.12,3423.6240234375,T14,208,1.0,0.0
16,2,61.145,3425.10400390625,T14,208,1.0,0.0
16,2,61.145,3425.10400390625,T14,208,1.0,0.0
16,2,61.17,3426.5576171875,T14,208,1.0,0.0
16,2,61.17,3426.5576171875,T14,209,1.0,0.0
16,2,61.195,3428.0087890625,T14,209,1.0,0.0
16,2,61.195,3428.0087890625,T14,210,1.0,0.0
16,2,61.22,3429.462890625,T14,210,1.0,0.0
16,2,61.22,3429.462890625,T14,210,1.0,0.0
16,2,61.244,3430.9267578125,T14,210,1.0,0.0
16,2,61.244,3430.9267578125,T14,211,1.0,0.0
16,2,61.269,3432.35009765625,T14,211,1.0,0.0
16,2,61.269,3432.35009765625,T14,212,1.0,0.0
16,2,61.293,3433.76513671875,T14,212,1.0,0.0
16,2,61.293,3433.76513671875,T14,212,1.0,0.0
16,2,61.317,3435.1962890625,T14,212,1.0,0.0
16,2,61.317,3435.1962890625,T14,213,1.0,0.0
16,2,61.341,3436.638671875,T14,213,1.0,0.0
16,2,61.341,3436.638671875,T14,213,1.0,0.0
16,2,61.366,3438.076171875,T14,213,1.0,0.0
16,2,61.366,3438.076171875,T14,214,1.0,0.0
16,2,61.39,3439.50390625,T14,214,1.0,0.0
16,2,61.39,3439.50390625,T14,214,1.0,0.0
16,2,61.414,3440.91796875,T14,214,1.0,0.0
16,2,61.414,3440.91796875,T14,215,1.0,0.0
16,2,61.437,3442.36328125,T14,215,1.0,0.0
16,2,61.437,3442.36328125,T14,215,1.0,0.0
16,2,61.461,3443.80029296875,T14,215,1.0,0.0
16,2,61.461,3443.80029296875,T14,216,1.0,0.0
16,2,61.485,3445.24365234375,T14,216,1.0,0.0
16,2,61.485,3445.24365234375,T14,216,1.0,0.0
16,2,61.509,3446.6484375,T14,216,1.0,0.0
16,2,61.509,3446.6484375,T14,217,1.0,0.0
16,2,61.532,3448.0751953125,T14,217,1.0,0.0
16,2,61.532,3448.0751953125,T14,217,1.0,0.0
16,2,61.556,3449.521484375,T14,217,1.0,0.0
16,2,61.556,3449.521484375,T14,218,1.0,0.0
16,2,61.58,3450.97412109375,T14,218,1.0,0.0
16,2,61.58,3450.97412109375,T14,218,1.0,0.0
16,2,61.604,3452.4248046875,T14,218,1.0,0.0
16,2,61.604,3452.4248046875,T14,219,1.0,0.0
16,2,61.627,3453.8935546875,T14,219,1.0,0.0
16,2,61.627,3453.8935546875,T14,219,1.0,0.0
16,2,61.651,3455.3623046875,T14,219,1.0,0.0
16,2,61.651,3455.3623046875,T14,219,1.0,0.0
16,2,61.675,3456.86474609375,T14,219,1.0,0.0
16,2,61.675,3456.86474609375,T14,220,1.0,0.0
16,2,61.7,3458.3779296875,T14,220,1.0,0.0
16,2,61.7,3458.3779296875,T14,221,1.0,0.0
16,2,61.724,3459.892578125,T14,221,1.0,0.0
16,2,61.724,3459.892578125,T14,221,1.0,0.0
16,2,61.749,3461.40185546875,T14,221,1.0,0.0
16,2,61.749,3461.40185546875,T14,222,1.0,0.0
16,2,61.773,3462.92529296875,T14,222,1.0,0.0
16,2,61.773,3462.92529296875,T14,222,1.0,0.0
16,2,61.798,3464.4775390625,T14,222,1.0,0.0
16,2,61.798,3464.4775390625,T14,223,1.0,0.0
16,2,61.823,3466.041015625,T14,223,1.0,0.0
16,2,61.823,3466.041015625,T14,224,1.0,0.0
16,2,61.848,3467.611328125,T14,224,1.0,0.0
16,2,61.848,3467.611328125,T14,224,1.0,0.0
16,2,61.873,3469.1875,T14,224,1.0,0.0
16,2,61.873,3469.1875,T14,225,1.0,0.0
16,2,61.898,3470.77099609375,T14,225,1.0,0.0
16,2,61.898,3470.77099609375,T14,225,1.0,0.0
16,2,61.923,3472.365234375,T14,225,1.0,0.0
16,2,61.923,3472.365234375,T14,225,1.0,0.0
16,2,61.949,3473.9501953125,T14,225,1.0,0.0
16,2,61.949,3473.9501953125,T14,226,1.0,0.0
16,2,61.974,3475.53759765625,T14,226,1.0,0.0
16,2,61.974,3475.53759765625,T14,226,1.0,0.0
16,2,61.999,3477.10986328125,T14,226,1.0,0.0
16,2,61.999,3477.10986328125,T14,227,1.0,0.0
16,2,62.024,3478.6845703125,T14,227,1.0,0.0
16,2,62.024,3478.6845703125,T14,228,1.0,0.0
16,2,62.049,3480.2568359375,T14,228,1.0,0.0
16,2,62.049,3480.2568359375,T14,228,1.0,0.0
16,2,62.074,3481.8515625,T14,228,1.0,0.0
16,2,62.074,3481.8515625,T14,229,1.0,0.0
16,2,62.099,3483.4638671875,T14,229,1.0,0.0
16,2,62.099,3483.4638671875,T14,229,1.0,0.0
16,2,62.124,3485.0595703125,T14,229,1.0,0.0
16,2,62.124,3485.0595703125,T14,230,1.0,0.0
16,2,62.149,3486.64892578125,T14,230,1.0,0.0
16,2,62.149,3486.64892578125,T14,230,1.0,0.0
16,2,62.174,3488.267578125,T14,230,1.0,0.0
16,2,62.174,3488.267578125,T14,231,1.0,0.0
16,2,62.199,3489.8798828125,T14,231,1.0,0.0
16,2,62.199,3489.8798828125,T14,232,1.0,0.0
16,2,62.224,3491.494140625,T14,232,1.0,0.0
16,2,62.224,3491.494140625,T14,232,1.0,0.0
16,2,62.249,3493.08349609375,T14,232,1.0,0.0
16,2,62.249,3493.08349609375,T14,233,1.0,0.0
16,2,62.274,3494.67138671875,T14,233,1.0,0.0
16,2,62.274,3494.67138671875,T14,233,1.0,0.0
16,2,62.298,3496.25,T14,233,1.0,0.0
16,2,62.298,3496.25,T14,233,1.0,0.0
16,2,62.322,3497.8291015625,T14,233,1.0,0.0
16,2,62.322,3497.8291015625,T14,234,1.0,0.0
16,2,62.346,3499.4033203125,T14,234,1.0,0.0
16,2,62.346,3499.4033203125,T14,234,1.0,0.0
16,2,62.371,3500.9970703125,T14,234,1.0,0.0
16,2,62.371,3500.9970703125,T14,235,1.0,0.0
16,2,62.395,3502.5634765625,T14,235,1.0,0.0
16,2,62.395,3502.5634765625,T14,235,1.0,0.0
16,2,62.419,3504.1240234375,T14,235,1.0,0.0
16,2,62.419,3504.1240234375,T14,236,1.0,0.0
16,2,62.442,3505.6767578125,T14,236,1.0,0.0
16,2,62.442,3505.6767578125,T14,236,1.0,0.0
16,2,62.466,3507.2607421875,T14,236,1.0,0.0
16,2,62.466,3507.2607421875,T14,237,1.0,0.0
16,2,62.49,3508.84375,T14,237,1.0,0.0
16,2,62.49,3508.84375,T14,237,1.0,0.0
16,2,62.514,3510.42626953125,T14,237,1.0,0.0
16,2,62.514,3510.42626953125,T14,238,1.0,0.0
16,2,62.538,3511.9873046875,T14,238,1.0,0.0
16,2,62.538,3511.9873046875,T14,238,1.0,0.0
16,2,62.561,3513.5771484375,T14,238,1.0,0.0
16,2,62.561,3513.5771484375,T14,239,1.0,0.0
16,2,62.585,3515.1904296875,T14,239,1.0,0.0
16,2,62.585,3515.1904296875,T14,239,1.0,0.0
16,2,62.609,3516.8056640625,T14,239,1.0,0.0
16,2,62.609,3516.8056640625,T14,240,1.0,0.0
16,2,62.633,3518.43408203125,T14,240,1.0,0.0
16,2,62.633,3518.43408203125,T14,240,1.0,0.0
16,2,62.658,3520.07666015625,T14,240,1.0,0.0
16,2,62.658,3520.07666015625,T14,240,1.0,0.0
16,2,62.682,3521.7412109375,T14,240,1.0,0.0
16,2,62.682,3521.7412109375,T14,241,1.0,0.0
16,2,62.707,3523.423828125,T14,241,1.0,0.0
16,2,62.707,3523.423828125,T14,241,1.0,0.0
16,2,62.732,3525.134765625,T14,241,1.0,0.0
16,2,62.732,3525.134765625,T14,242,1.0,0.0
16,2,62.757,3526.85205078125,T14,242,1.0,0.0
16,2,62.757,3526.85205078125,T14,242,1.0,0.0
16,2,62.783,3528.5849609375,T14,242,1.0,0.0
16,2,62.783,3528.5849609375,T14,243,1.0,0.0
16,2,62.808,3530.33251953125,T14,243,1.0,0.0
16,2,62.808,3530.33251953125,T14,243,1.0,0.0
16,2,62.834,3532.0869140625,T14,243,1.0,0.0
16,2,62.834,3532.0869140625,T14,243,1.0,0.0
16,2,62.86,3533.85693359375,T14,243,1.0,0.0
16,2,62.86,3533.85693359375,T14,244,1.0,0.0
16,2,62.886,3535.6484375,T14,244,1.0,0.0
16,2,62.886,3535.6484375,T14,244,1.0,0.0
16,2,62.912,3537.43701171875,T14,244,1.0,0.0
16,2,62.912,3537.43701171875,T14,245,1.0,0.0
16,2,62.939,3539.2431640625,T14,245,1.0,0.0
16,2,62.939,3539.2431640625,T14,245,1.0,0.0
16,2,62.965,3541.03564453125,T14,245,1.0,0.0
16,2,62.965,3541.03564453125,T14,246,1.0,0.0
16,2,62.991,3542.82568359375,T14,246,1.0,0.0
16,2,62.991,3542.82568359375,T14,246,1.0,0.0
16,2,63.018,3544.6279296875,T14,246,1.0,0.0
16,2,63.018,3544.6279296875,T14,247,1.0,0.0
16,2,63.044,3546.40869140625,T14,247,1.0,0.0
16,2,63.044,3546.40869140625,T14,247,1.0,0.0
16,2,63.07,3548.18798828125,T14,247,1.0,0.0
16,2,63.07,3548.18798828125,T14,247,1.0,0.0
16,2,63.096,3549.95068359375,T14,247,1.0,0.0
16,2,63.096,3549.95068359375,T14,248,1.0,0.0
16,2,63.121,3551.6943359375,T14,248,1.0,0.0
16,2,63.121,3551.6943359375,T14,248,1.0,0.0
16,2,63.146,3553.4501953125,T14,248,1.0,0.0
16,2,63.146,3553.4501953125,T14,249,1.0,0.0
16,2,63.172,3555.1923828125,T14,249,1.0,0.0
16,2,63.172,3555.1923828125,T14,249,1.0,0.0
16,2,63.197,3556.9267578125,T14,249,1.0,0.0
16,2,63.197,3556.9267578125,T14,250,1.0,0.0
16,2,63.222,3558.6728515625,T14,250,1.0,0.0
16,2,63.222,3558.6728515625,T14,250,1.0,0.0
16,2,63.247,3560.4033203125,T14,250,1.0,0.0
16,2,63.247,3560.4033203125,T14,251,1.0,0.0
16,2,63.272,3562.1337890625,T14,251,1.0,0.0
16,2,63.272,3562.1337890625,T14,251,1.0,0.0
16,2,63.297,3563.85791015625,T14,251,1.0,0.0
16,2,63.297,3563.85791015625,T14,251,1.0,0.0
16,2,63.321,3565.583984375,T14,251,1.0,0.0
16,2,63.321,3565.583984375,T14,252,1.0,0.0
16,2,63.346,3567.33154296875,T14,252,1.0,0.0
16,2,63.346,3567.33154296875,T14,252,1.0,0.0
16,2,63.371,3569.07470703125,T14,252,1.0,0.0
16,2,63.371,3569.07470703125,T14,252,1.0,0.0
16,2,63.396,3570.8203125,T14,252,1.0,0.0
16,2,63.396,3570.8203125,T14,253,1.0,0.0
16,2,63.421,3572.55078125,T14,253,1.0,0.0
16,2,63.421,3572.55078125,T14,253,1.0,0.0
16,2,63.445,3574.32861328125,T14,253,1.0,0.0
16,2,63.445,3574.32861328125,T14,254,1.0,0.0
16,2,63.471,3576.119140625,T14,254,1.0,0.0
16,2,63.471,3576.119140625,T14,254,1.0,0.0
16,2,63.496,3577.89892578125,T14,254,1.0,0.0
16,2,63.496,3577.89892578125,T14,254,1.0,0.0
16,2,63.521,3579.6796875,T14,254,1.0,0.0
16,2,63.521,3579.6796875,T14,255,1.0,0.0
16,2,63.546,3581.47607421875,T14,255,1.0,0.0
16,2,63.546,3581.47607421875,T14,255,1.0,0.0
16,2,63.572,3583.30712890625,T14,255,1.0,0.0
16,2,63.572,3583.30712890625,T14,256,1.0,0.0
16,2,63.597,3585.1689453125,T14,256,1.0,0.0
16,2,63.597,3585.1689453125,T14,256,1.0,0.0
16,2,63.624,3587.0107421875,T14,256,1.0,0.0
16,2,63.624,3587.0107421875,T14,256,1.0,0.0
16,2,63.649,3588.86865234375,T14,256,1.0,0.0
16,2,63.649,3588.86865234375,T14,256,1.0,0.0
16,2,63.675,3590.77978515625,T14,256,1.0,0.0
16,2,63.675,3590.77978515625,T14,257,1.0,0.0
16,2,63.702,3592.697265625,T15,257,1.0,0.0
16,2,63.702,3592.697265625,T15,257,1.0,0.0
16,2,63.729,3594.64111328125,T15,257,1.0,0.0
16,2,63.729,3594.64111328125,T15,257,1.0,0.0
16,2,63.756,3596.55224609375,T15,257,1.0,0.0
16,2,63.756,3596.55224609375,T15,258,1.0,0.0
16,2,63.783,3598.4638671875,T15,258,1.0,0.0
16,2,63.783,3598.4638671875,T15,258,1.0,0.0
16,2,63.809,3600.384765625,T15,258,1.0,0.0
16,2,63.809,3600.384765625,T15,258,1.0,0.0
16,2,63.836,3602.3125,T15,258,1.0,0.0
16,2,63.836,3602.3125,T15,258,1.0,0.0
16,2,63.863,3604.2119140625,T15,258,1.0,0.0
16,2,63.863,3604.2119140625,T15,258,1.0,0.0
16,2,63.889,3606.099609375,T15,258,1.0,0.0
16,2,63.889,3606.099609375,T15,259,1.0,0.0
16,2,63.916,3607.998046875,T15,259,1.0,0.0
16,2,63.916,3607.998046875,T15,259,1.0,0.0
16,2,63.942,3609.9248046875,T15,259,1.0,0.0
16,2,63.942,3609.9248046875,T15,259,1.0,0.0
16,2,63.969,3611.86328125,T15,259,1.0,0.0
16,2,63.969,3611.86328125,T15,259,1.0,0.0
16,2,63.995,3613.80615234375,T15,259,1.0,0.0
16,2,63.995,3613.80615234375,T15,259,1.0,0.0
16,2,64.022,3615.7294921875,T15,259,1.0,0.0
16,2,64.022,3615.7294921875,T15,259,1.0,0.0
16,2,64.049,3617.6591796875,T15,259,1.0,0.0
16,2,64.049,3617.6591796875,T15,260,1.0,0.0
16,2,64.076,3619.623046875,T15,260,1.0,0.0
16,2,64.076,3619.623046875,T15,260,1.0,0.0
16,2,64.103,3621.5458984375,T15,260,1.0,0.0
16,2,64.103,3621.5458984375,T15,260,1.0,0.0
16,2,64.129,3623.44873046875,T15,260,1.0,0.0
16,2,64.129,3623.44873046875,T15,261,1.0,0.0
16,2,64.155,3625.3447265625,T15,261,1.0,0.0
16,2,64.155,3625.3447265625,T15,261,1.0,0.0
16,2,64.181,3627.21875,T15,261,1.0,0.0
16,2,64.181,3627.21875,T15,261,1.0,0.0
16,2,64.207,3629.12548828125,T15,261,1.0,0.0
16,2,64.207,3629.12548828125,T15,262,1.0,0.0
16,2,64.232,3631.0234375,T15,262,1.0,0.0
16,2,64.232,3631.0234375,T15,262,1.0,0.0
16,2,64.258,3632.876953125,T15,262,1.0,0.0
16,2,64.258,3632.876953125,T15,262,1.0,0.0
16,2,64.283,3634.744140625,T15,262,1.0,0.0
16,2,64.283,3634.744140625,T15,263,1.0,0.0
16,2,64.309,3636.6103515625,T15,263,1.0,0.0
16,2,64.309,3636.6103515625,T15,263,1.0,0.0
16,2,64.334,3638.4833984375,T15,263,1.0,0.0
16,2,64.334,3638.4833984375,T15,263,1.0,0.0
16,2,64.359,3640.38427734375,T15,263,1.0,0.0
16,2,64.359,3640.38427734375,T15,263,1.0,0.0
16,2,64.385,3642.236328125,T15,263,1.0,0.0
16,2,64.385,3642.236328125,T15,264,1.0,0.0
16,2,64.409,3644.083984375,T15,264,1.0,0.0
16,2,64.409,3644.083984375,T15,264,1.0,0.0
16,2,64.434,3645.95703125,T15,264,1.0,0.0
16,2,64.434,3645.95703125,T15,264,1.0,0.0
16,2,64.459,3647.83740234375,T15,264,1.0,0.0
16,2,64.459,3647.83740234375,T15,264,1.0,0.0
16,2,64.484,3649.7431640625,T15,264,1.0,0.0
16,2,64.484,3649.7431640625,T15,264,1.0,0.0
16,2,64.51,3651.6787109375,T15,264,1.0,0.0
16,2,64.51,3651.6787109375,T15,264,1.0,0.0
16,2,64.535,3653.5634765625,T15,264,1.0,0.0
16,2,64.535,3653.5634765625,T15,265,1.0,0.0
16,2,64.56,3655.47607421875,T15,265,1.0,0.0
16,2,64.56,3655.47607421875,T15,265,1.0,0.0
16,2,64.586,3657.4345703125,T15,265,1.0,0.0
16,2,64.586,3657.4345703125,T15,265,1.0,0.0
16,2,64.612,3659.375,T15,265,1.0,0.0
16,2,64.612,3659.375,T15,266,1.0,0.0
16,2,64.637,3661.3486328125,T15,266,1.0,0.0
16,2,64.637,3661.3486328125,T15,266,1.0,0.0
16,2,64.663,3663.31640625,T15,266,1.0,0.0
16,2,64.663,3663.31640625,T15,266,1.0,0.0
16,2,64.689,3665.2646484375,T15,266,1.0,0.0
16,2,64.689,3665.2646484375,T15,266,1.0,0.0
16,2,64.715,3667.28125,T15,266,1.0,0.0
16,2,64.715,3667.28125,T15,267,1.0,0.0
16,2,64.742,3669.3046875,T15,267,1.0,0.0
16,2,64.742,3669.3046875,T15,267,1.0,0.0
16,2,64.769,3671.322265625,T15,267,1.0,0.0
16,2,64.769,3671.322265625,T15,267,1.0,0.0
16,2,64.795,3673.3896484375,T15,267,1.0,0.0
16,2,64.795,3673.3896484375,T15,267,1.0,0.0
16,2,64.823,3675.4697265625,T15,267,1.0,0.0
16,2,64.823,3675.4697265625,T15,267,1.0,0.0
16,2,64.85,3677.5380859375,T15,267,1.0,0.0
16,2,64.85,3677.5380859375,T15,267,1.0,0.0
16,2,64.877,3679.62158203125,T15,267,1.0,0.0
16,2,64.877,3679.62158203125,T15,267,1.0,0.0
16,2,64.905,3681.7001953125,T15,267,1.0,0.0
16,2,64.905,3681.7001953125,T15,267,1.0,0.0
16,2,64.932,3683.78515625,T15,267,1.0,0.0
16,2,64.932,3683.78515625,T15,267,1.0,0.0
16,2,64.959,3685.8740234375,T15,267,1.0,0.0
16,2,64.959,3685.8740234375,T15,267,1.0,0.0
16,2,64.987,3687.94873046875,T15,267,1.0,0.0
16,2,64.987,3687.94873046875,T15,266,1.0,0.0
16,2,65.014,3690.0361328125,T15,266,1.0,0.0
16,2,65.014,3690.0361328125,T15,266,1.0,0.0
16,2,65.041,3692.10546875,T15,266,1.0,0.0
16,2,65.041,3692.10546875,T15,267,1.0,0.0
16,2,65.068,3694.14111328125,T15,267,1.0,0.0
16,2,65.068,3694.14111328125,T15,267,1.0,0.0
16,2,65.095,3696.189453125,T15,267,1.0,0.0
16,2,65.095,3696.189453125,T15,267,1.0,0.0
16,2,65.122,3698.3046875,T15,267,1.0,0.0
16,2,65.122,3698.3046875,T15,267,1.0,0.0
16,2,65.15,3700.3828125,T15,267,1.0,0.0
16,2,65.15,3700.3828125,T15,268,1.0,0.0
16,2,65.177,3702.47265625,T15,268,1.0,0.0
16,2,65.177,3702.47265625,T15,268,1.0,0.0
16,2,65.204,3704.50390625,T15,268,1.0,0.0
16,2,65.204,3704.50390625,T15,268,1.0,0.0
16,2,65.231,3706.5693359375,T15,268,1.0,0.0
16,2,65.231,3706.5693359375,T15,269,1.0,0.0
16,2,65.258,3708.66357421875,T15,269,1.0,0.0
16,2,65.258,3708.66357421875,T15,269,1.0,0.0
16,2,65.285,3710.759765625,T15,269,1.0,0.0
16,2,65.285,3710.759765625,T15,269,1.0,0.0
16,2,65.313,3712.775390625,T15,269,1.0,0.0
16,2,65.313,3712.775390625,T15,270,1.0,0.0
16,2,65.339,3714.8125,T15,270,1.0,0.0
16,2,65.339,3714.8125,T15,270,1.0,0.0
16,2,65.366,3716.8564453125,T15,270,1.0,0.0
16,2,65.366,3716.8564453125,T15,270,1.0,0.0
16,2,65.393,3718.90283203125,T15,270,1.0,0.0
16,2,65.393,3718.90283203125,T15,270,1.0,0.0
16,2,65.419,3720.9453125,T15,270,1.0,0.0
16,2,65.419,3720.9453125,T15,270,1.0,0.0
16,2,65.446,3722.96533203125,T15,270,1.0,0.0
16,2,65.446,3722.96533203125,T15,270,1.0,0.0
16,2,65.472,3724.96484375,T15,270,1.0,0.0
16,2,65.472,3724.96484375,T15,271,1.0,0.0
16,2,65.498,3726.970703125,T15,271,1.0,0.0
16,2,65.498,3726.970703125,T15,271,1.0,0.0
16,2,65.524,3728.9638671875,T15,271,1.0,0.0
16,2,65.524,3728.9638671875,T15,271,1.0,0.0
16,2,65.55,3730.9384765625,T15,271,1.0,0.0
16,2,65.55,3730.9384765625,T15,272,1.0,0.0
16,2,65.576,3732.9248046875,T15,272,1.0,0.0
16,2,65.576,3732.9248046875,T15,272,1.0,0.0
16,2,65.602,3734.908203125,T15,272,1.0,0.0
16,2,65.602,3734.908203125,T15,272,1.0,0.0
16,2,65.628,3736.9013671875,T15,272,1.0,0.0
16,2,65.628,3736.9013671875,T15,273,1.0,0.0
16,2,65.654,3738.87109375,T15,273,1.0,0.0
16,2,65.654,3738.87109375,T15,273,1.0,0.0
16,2,65.68,3740.8369140625,T15,273,1.0,0.0
16,2,65.68,3740.8369140625,T15,273,1.0,0.0
16,2,65.706,3742.79296875,T15,273,1.0,0.0
16,2,65.706,3742.79296875,T15,273,1.0,0.0
16,2,65.732,3744.75927734375,T15,273,1.0,0.0
16,2,65.732,3744.75927734375,T15,273,1.0,0.0
16,2,65.757,3746.72607421875,T15,273,1.0,0.0
16,2,65.757,3746.72607421875,T15,273,1.0,0.0
16,2,65.783,3748.67578125,T15,273,1.0,0.0
16,2,65.783,3748.67578125,T15,273,1.0,0.0
16,2,65.809,3750.6259765625,T15,273,1.0,0.0
16,2,65.809,3750.6259765625,T15,274,1.0,0.0
16,2,65.835,3752.57421875,T15,274,1.0,0.0
16,2,65.835,3752.57421875,T15,274,1.0,0.0
16,2,65.86,3754.54443359375,T15,274,1.0,0.0
16,2,65.86,3754.54443359375,T15,274,1.0,0.0
16,2,65.886,3756.5283203125,T15,274,1.0,0.0
16,2,65.886,3756.5283203125,T15,274,1.0,0.0
16,2,65.912,3758.494140625,T15,274,1.0,0.0
16,2,65.912,3758.494140625,T15,275,1.0,0.0
16,2,65.938,3760.453125,T15,275,1.0,0.0
16,2,65.938,3760.453125,T15,275,1.0,0.0
16,2,65.963,3762.4267578125,T15,275,1.0,0.0
16,2,65.963,3762.4267578125,T15,275,1.0,0.0
16,2,65.989,3764.41015625,T15,275,1.0,0.0
16,2,65.989,3764.41015625,T15,275,1.0,0.0
16,2,66.015,3766.43701171875,T15,275,1.0,0.0
16,2,66.015,3766.43701171875,T15,275,1.0,0.0
16,2,66.042,3768.4296875,T15,275,1.0,0.0
16,2,66.042,3768.4296875,T15,275,1.0,0.0
16,2,66.068,3770.44140625,T15,275,1.0,0.0
16,2,66.068,3770.44140625,T15,275,1.0,0.0
16,2,66.094,3772.4775390625,T15,275,1.0,0.0
16,2,66.094,3772.4775390625,T15,275,1.0,0.0
16,2,66.121,3774.5390625,T15,275,1.0,0.0
16,2,66.121,3774.5390625,T15,275,1.0,0.0
16,2,66.148,3776.6171875,T15,275,1.0,0.0
16,2,66.148,3776.6171875,T15,275,1.0,0.0
16,2,66.175,3778.697265625,T15,275,1.0,0.0
16,2,66.175,3778.697265625,T15,275,1.0,0.0
16,2,66.202,3780.77197265625,T15,275,1.0,0.0
16,2,66.202,3780.77197265625,T15,276,1.0,0.0
16,2,66.23,3782.8798828125,T15,276,1.0,0.0
16,2,66.23,3782.8798828125,T15,276,1.0,0.0
16,2,66.257,3784.9931640625,T15,276,1.0,0.0
16,2,66.257,3784.9931640625,T15,276,1.0,0.0
16,2,66.285,3787.107421875,T15,276,1.0,0.0
16,2,66.285,3787.107421875,T15,276,1.0,0.0
16,2,66.313,3789.24462890625,T15,276,1.0,0.0
16,2,66.313,3789.24462890625,T15,276,1.0,0.0
16,2,66.341,3791.38720703125,T15,276,1.0,0.0
16,2,66.341,3791.38720703125,T15,277,1.0,0.0
16,2,66.368,3793.55078125,T15,277,1.0,0.0
16,2,66.368,3793.55078125,T15,277,1.0,0.0
16,2,66.397,3795.7041015625,T15,277,1.0,0.0
16,2,66.397,3795.7041015625,T15,277,1.0,0.0
16,2,66.425,3797.869140625,T15,277,1.0,0.0
16,2,66.425,3797.869140625,T15,277,1.0,0.0
16,2,66.453,3800.0400390625,T15,277,1.0,0.0
16,2,66.453,3800.0400390625,T15,278,1.0,0.0
16,2,66.481,3802.1953125,T15,278,1.0,0.0
16,2,66.481,3802.1953125,T15,278,1.0,0.0
16,2,66.509,3804.3291015625,T15,278,1.0,0.0
16,2,66.509,3804.3291015625,T15,278,1.0,0.0
16,2,66.537,3806.453125,T15,278,1.0,0.0
16,2,66.537,3806.453125,T15,279,1.0,0.0
16,2,66.564,3808.56591796875,T15,279,1.0,0.0
16,2,66.564,3808.56591796875,T15,279,1.0,0.0
16,2,66.592,3810.71044921875,T15,279,1.0,0.0
16,2,66.592,3810.71044921875,T15,279,1.0,0.0
16,2,66.62,3812.8681640625,T15,279,1.0,0.0
16,2,66.62,3812.8681640625,T15,280,1.0,0.0
16,2,66.647,3815.041015625,T15,280,1.0,0.0
16,2,66.647,3815.041015625,T15,280,1.0,0.0
16,2,66.675,3817.2529296875,T15,280,1.0,0.0
16,2,66.675,3817.2529296875,T15,281,1.0,0.0
16,2,66.704,3819.4873046875,T15,281,1.0,0.0
16,2,66.704,3819.4873046875,T15,281,1.0,0.0
16,2,66.733,3821.75390625,T15,281,1.0,0.0
16,2,66.733,3821.75390625,T15,281,1.0,0.0
16,2,66.762,3824.0341796875,T15,281,1.0,0.0
16,2,66.762,3824.0341796875,T15,282,1.0,0.0
16,2,66.791,3826.30517578125,T15,282,1.0,0.0
16,2,66.791,3826.30517578125,T15,282,1.0,0.0
16,2,66.82,3828.5654296875,T15,282,1.0,0.0
16,2,66.82,3828.5654296875,T15,282,1.0,0.0
16,2,66.849,3830.83349609375,T15,282,1.0,0.0
16,2,66.849,3830.83349609375,T15,283,1.0,0.0
16,2,66.878,3833.068359375,T15,283,1.0,0.0
16,2,66.878,3833.068359375,T15,283,1.0,0.0
16,2,66.906,3835.2998046875,T15,283,1.0,0.0
16,2,66.906,3835.2998046875,T15,283,1.0,0.0
16,2,66.935,3837.50439453125,T15,283,1.0,0.0
16,2,66.935,3837.50439453125,T15,284,1.0,0.0
16,2,66.963,3839.70703125,T15,284,1.0,0.0
16,2,66.963,3839.70703125,T15,284,1.0,0.0
16,2,66.99,3841.8955078125,T15,284,1.0,0.0
16,2,66.99,3841.8955078125,T15,284,1.0,0.0
16,2,67.018,3844.0732421875,T15,284,1.0,0.0
16,2,67.018,3844.0732421875,T15,284,1.0,0.0
16,2,67.045,3846.234375,T15,284,1.0,0.0
16,2,67.045,3846.234375,T15,285,1.0,0.0
16,2,67.073,3848.4033203125,T15,285,1.0,0.0
16,2,67.073,3848.4033203125,T15,285,1.0,0.0
16,2,67.1,3850.5634765625,T15,285,1.0,0.0
16,2,67.1,3850.5634765625,T15,285,1.0,0.0
16,2,67.127,3852.72119140625,T15,285,1.0,0.0
16,2,67.127,3852.72119140625,T15,286,1.0,0.0
16,2,67.154,3854.8798828125,T15,286,1.0,0.0
16,2,67.154,3854.8798828125,T15,286,1.0,0.0
16,2,67.181,3857.025390625,T15,286,1.0,0.0
16,2,67.181,3857.025390625,T15,286,1.0,0.0
16,2,67.208,3859.17236328125,T15,286,1.0,0.0
16,2,67.208,3859.17236328125,T15,286,1.0,0.0
16,2,67.235,3861.296875,T15,286,1.0,0.0
16,2,67.235,3861.296875,T15,287,1.0,0.0
16,2,67.262,3863.42431640625,T15,287,1.0,0.0
16,2,67.262,3863.42431640625,T15,287,1.0,0.0
16,2,67.288,3865.576171875,T15,287,1.0,0.0
16,2,67.288,3865.576171875,T15,287,1.0,0.0
16,2,67.315,3867.72314453125,T15,287,1.0,0.0
16,2,67.315,3867.72314453125,T15,287,1.0,0.0
16,2,67.342,3869.85400390625,T15,287,1.0,0.0
16,2,67.342,3869.85400390625,T15,288,1.0,0.0
16,2,67.369,3872.00244140625,T15,288,1.0,0.0
16,2,67.369,3872.00244140625,T15,288,1.0,0.0
16,2,67.395,3874.1318359375,T15,288,1.0,0.0
16,2,67.395,3874.1318359375,T15,288,1.0,0.0
16,2,67.422,3876.287109375,T15,288,1.0,0.0
16,2,67.422,3876.287109375,T15,288,1.0,0.0
16,2,67.449,3878.42529296875,T15,288,1.0,0.0
16,2,67.449,3878.42529296875,T15,288,1.0,0.0
16,2,67.475,3880.53369140625,T15,288,1.0,0.0
16,2,67.475,3880.53369140625,T15,288,1.0,0.0
16,2,67.502,3882.64306640625,T15,288,1.0,0.0
16,2,67.502,3882.64306640625,T15,289,1.0,0.0
16,2,67.528,3884.75537109375,T15,289,1.0,0.0
16,2,67.528,3884.75537109375,T15,289,1.0,0.0
16,2,67.554,3886.8466796875,T15,289,1.0,0.0
16,2,67.554,3886.8466796875,T15,289,1.0,0.0
16,2,67.58,3888.97705078125,T15,289,1.0,0.0
16,2,67.58,3888.97705078125,T15,289,1.0,0.0
16,2,67.607,3891.08447265625,T15,289,1.0,0.0
16,2,67.607,3891.08447265625,T15,289,1.0,0.0
16,2,67.633,3893.197265625,T15,289,1.0,0.0
16,2,67.633,3893.197265625,T15,289,1.0,0.0
16,2,67.659,3895.306640625,T15,289,1.0,0.0
16,2,67.659,3895.306640625,T15,290,1.0,0.0
16,2,67.685,3897.4013671875,T15,290,1.0,0.0
16,2,67.685,3897.4013671875,T15,290,1.0,0.0
16,2,67.711,3899.4912109375,T15,290,1.0,0.0
16,2,67.711,3899.4912109375,T15,290,1.0,0.0
16,2,67.737,3901.64453125,T15,290,1.0,0.0
16,2,67.737,3901.64453125,T15,290,1.0,0.0
16,2,67.764,3903.7294921875,T15,290,1.0,0.0
16,2,67.764,3903.7294921875,T15,290,1.0,0.0
16,2,67.79,3905.8095703125,T15,290,1.0,0.0
16,2,67.79,3905.8095703125,T15,290,1.0,0.0
16,2,67.816,3907.8857421875,T15,290,1.0,0.0
16,2,67.816,3907.8857421875,T15,291,1.0,0.0
16,2,67.841,3910.0009765625,T15,291,1.0,0.0
16,2,67.841,3910.0009765625,T15,291,1.0,0.0
16,2,67.867,3912.1318359375,T15,291,1.0,0.0
16,2,67.867,3912.1318359375,T15,291,1.0,0.0
16,2,67.894,3914.2626953125,T15,291,1.0,0.0
16,2,67.894,3914.2626953125,T15,291,1.0,0.0
16,2,67.92,3916.2890625,T15,291,1.0,0.0
16,2,67.92,3916.2890625,T15,291,1.0,0.0
16,2,67.945,3918.3642578125,T15,291,1.0,0.0
16,2,67.945,3918.3642578125,T15,291,1.0,0.0
16,2,67.971,3920.4580078125,T15,291,1.0,0.0
16,2,67.971,3920.4580078125,T15,291,1.0,0.0
16,2,67.997,3922.5693359375,T15,291,1.0,0.0
16,2,67.997,3922.5693359375,T15,291,1.0,0.0
16,2,68.023,3924.640625,T15,291,1.0,0.0
16,2,68.023,3924.640625,T15,291,1.0,0.0
16,2,68.048,3926.724609375,T15,291,1.0,0.0
16,2,68.048,3926.724609375,T15,292,1.0,0.0
16,2,68.074,3928.8212890625,T15,292,1.0,0.0
16,2,68.074,3928.8212890625,T15,292,1.0,0.0
16,2,68.1,3930.962890625,T15,292,1.0,0.0
16,2,68.1,3930.962890625,T15,292,1.0,0.0
16,2,68.127,3933.1064453125,T15,292,1.0,0.0
16,2,68.127,3933.1064453125,T15,292,1.0,0.0
16,2,68.153,3935.2470703125,T15,292,1.0,0.0
16,2,68.153,3935.2470703125,T15,292,1.0,0.0
16,2,68.179,3937.416015625,T15,292,1.0,0.0
16,2,68.179,3937.416015625,T15,292,1.0,0.0
16,2,68.206,3939.5888671875,T15,292,1.0,0.0
16,2,68.206,3939.5888671875,T15,292,1.0,0.0
16,2,68.233,3941.7578125,T15,292,1.0,0.0
16,2,68.233,3941.7578125,T15,292,1.0,0.0
16,2,68.26,3943.9033203125,T15,292,1.0,0.0
16,2,68.26,3943.9033203125,T15,293,1.0,0.0
16,2,68.286,3946.0595703125,T15,293,1.0,0.0
16,2,68.286,3946.0595703125,T15,293,1.0,0.0
16,2,68.313,3948.2080078125,T15,293,1.0,0.0
16,2,68.313,3948.2080078125,T15,293,1.0,0.0
16,2,68.339,3950.3515625,T15,293,1.0,0.0
16,2,68.339,3950.3515625,T15,293,1.0,0.0
16,2,68.366,3952.48046875,T15,293,1.0,0.0
16,2,68.366,3952.48046875,T15,293,1.0,0.0
16,2,68.392,3954.5830078125,T15,293,1.0,0.0
16,2,68.392,3954.5830078125,T15,293,1.0,0.0
16,2,68.418,3956.666015625,T15,293,1.0,0.0
16,2,68.418,3956.666015625,T15,293,1.0,0.0
16,2,68.444,3958.7607421875,T15,293,1.0,0.0
16,2,68.444,3958.7607421875,T15,293,1.0,0.0
16,2,68.47,3960.841796875,T15,293,1.0,0.0
16,2,68.47,3960.841796875,T15,293,1.0,0.0
16,2,68.495,3962.9091796875,T15,293,1.0,0.0
16,2,68.495,3962.9091796875,T15,293,1.0,0.0
16,2,68.521,3964.98046875,T15,293,1.0,0.0
16,2,68.521,3964.98046875,T15,293,1.0,0.0
16,2,68.546,3967.0205078125,T15,293,1.0,0.0
16,2,68.546,3967.0205078125,T15,293,1.0,0.0
16,2,68.571,3969.087890625,T15,293,1.0,0.0
16,2,68.571,3969.087890625,T15,293,1.0,0.0
16,2,68.597,3971.1904296875,T15,293,1.0,0.0
16,2,68.597,3971.1904296875,T15,293,1.0,0.0
16,2,68.623,3973.263671875,T15,293,1.0,0.0
16,2,68.623,3973.263671875,T15,294,1.0,0.0
16,2,68.649,3975.3525390625,T15,294,1.0,0.0
16,2,68.649,3975.3525390625,T15,294,1.0,0.0
16,2,68.674,3977.451171875,T15,294,1.0,0.0
16,2,68.674,3977.451171875,T15,294,1.0,0.0
16,2,68.7,3979.5244140625,T15,294,1.0,0.0
16,2,68.7,3979.5244140625,T15,294,1.0,0.0
16,2,68.726,3981.6142578125,T15,294,1.0,0.0
16,2,68.726,3981.6142578125,T15,294,1.0,0.0
16,2,68.752,3983.6669921875,T15,294,1.0,0.0
16,2,68.752,3983.6669921875,T15,294,1.0,0.0
16,2,68.777,3985.6943359375,T15,294,1.0,0.0
16,2,68.777,3985.6943359375,T15,294,1.0,0.0
16,2,68.802,3987.7353515625,T15,294,1.0,0.0
16,2,68.802,3987.7353515625,T15,294,1.0,0.0
16,2,68.827,3989.7802734375,T15,294,1.0,0.0
16,2,68.827,3989.7802734375,T15,294,1.0,0.0
16,2,68.852,3991.826171875,T15,294,1.0,0.0
16,2,68.852,3991.826171875,T15,295,1.0,0.0
16,2,68.877,3993.8798828125,T15,295,1.0,0.0
16,2,68.877,3993.8798828125,T15,295,1.0,0.0
16,2,68.903,3995.9169921875,T15,295,1.0,0.0
16,2,68.903,3995.9169921875,T15,295,1.0,0.0
16,2,68.928,3998.044921875,T15,295,1.0,0.0
16,2,68.928,3998.044921875,T15,295,1.0,0.0
16,2,68.954,4000.2177734375,T15,295,1.0,0.0
16,2,68.954,4000.2177734375,T15,295,1.0,0.0
16,2,68.98,4002.4140625,T15,295,1.0,0.0
16,2,68.98,4002.4140625,T15,295,1.0,0.0
16,2,69.007,4004.634765625,T15,295,1.0,0.0
16,2,69.007,4004.634765625,T15,295,1.0,0.0
16,2,69.035,4006.83984375,Unknown/Main Straight,295,1.0,0.0
16,2,69.035,4006.83984375,Unknown/Main Straight,295,1.0,0.0
16,2,69.062,4009.080078125,Unknown/Main Straight,295,1.0,0.0
16,2,69.062,4009.080078125,Unknown/Main Straight,295,1.0,0.0
16,2,69.09,4011.3662109375,Unknown/Main Straight,295,1.0,0.0
16,2,69.09,4011.3662109375,Unknown/Main Straight,295,1.0,0.0
16,2,69.118,4013.6025390625,Unknown/Main Straight,295,1.0,0.0
16,2,69.118,4013.6025390625,Unknown/Main Straight,295,1.0,0.0
16,2,69.145,4015.7939453125,Unknown/Main Straight,295,1.0,0.0
16,2,69.145,4015.7939453125,Unknown/Main Straight,295,1.0,0.0
16,2,69.172,4017.9921875,Unknown/Main Straight,295,1.0,0.0
16,2,69.172,4017.9921875,Unknown/Main Straight,295,1.0,0.0
16,2,69.199,4020.201171875,Unknown/Main Straight,295,1.0,0.0
16,2,69.199,4020.201171875,Unknown/Main Straight,295,1.0,0.0
16,2,69.226,4022.390625,Unknown/Main Straight,295,1.0,0.0
16,2,69.226,4022.390625,Unknown/Main Straight,295,1.0,0.0
16,2,69.253,4024.5751953125,Unknown/Main Straight,295,1.0,0.0
16,2,69.253,4024.5751953125,Unknown/Main Straight,295,1.0,0.0
16,2,69.28,4026.7275390625,Unknown/Main Straight,295,1.0,0.0
16,2,69.28,4026.7275390625,Unknown/Main Straight,295,1.0,0.0
16,2,69.306,4028.8681640625,Unknown/Main Straight,295,1.0,0.0
16,2,69.306,4028.8681640625,Unknown/Main Straight,295,1.0,0.0
16,2,69.332,4031.0068359375,Unknown/Main Straight,295,1.0,0.0
16,2,69.332,4031.0068359375,Unknown/Main Straight,295,1.0,0.0
16,2,69.358,4033.134765625,Unknown/Main Straight,295,1.0,0.0
16,2,69.358,4033.134765625,Unknown/Main Straight,296,1.0,0.0
16,2,69.384,4035.2236328125,Unknown/Main Straight,296,1.0,0.0
16,2,69.384,4035.2236328125,Unknown/Main Straight,296,1.0,0.0
16,2,69.41,4037.3662109375,Unknown/Main Straight,296,1.0,0.0
16,2,69.41,4037.3662109375,Unknown/Main Straight,296,1.0,0.0
16,2,69.436,4039.4638671875,Unknown/Main Straight,296,1.0,0.0
16,2,69.436,4039.4638671875,Unknown/Main Straight,296,1.0,0.0
16,2,69.462,4041.63671875,Unknown/Main Straight,296,1.0,0.0
16,2,69.462,4041.63671875,Unknown/Main Straight,296,1.0,0.0
16,2,69.487,4043.845703125,Unknown/Main Straight,296,1.0,0.0
16,2,69.487,4043.845703125,Unknown/Main Straight,296,1.0,0.0
16,2,69.513,4046.0517578125,Unknown/Main Straight,296,1.0,0.0
16,2,69.513,4046.0517578125,Unknown/Main Straight,296,1.0,0.0
16,2,69.538,4048.2265625,Unknown/Main Straight,296,1.0,0.0
16,2,69.538,4048.2265625,Unknown/Main Straight,296,1.0,0.0
16,2,69.564,4050.4482421875,Unknown/Main Straight,296,1.0,0.0
16,2,69.564,4050.4482421875,Unknown/Main Straight,296,1.0,0.0
16,2,69.589,4052.6689453125,Unknown/Main Straight,296,1.0,0.0
16,2,69.589,4052.6689453125,Unknown/Main Straight,296,1.0,0.0
16,2,69.615,4054.962890625,Unknown/Main Straight,296,1.0,0.0
16,2,69.615,4054.962890625,Unknown/Main Straight,296,1.0,0.0
16,2,69.641,4057.294921875,Unknown/Main Straight,296,1.0,0.0
16,2,69.641,4057.294921875,Unknown/Main Straight,296,1.0,0.0
16,2,69.668,4059.654296875,Unknown/Main Straight,296,1.0,0.0
16,2,69.668,4059.654296875,Unknown/Main Straight,296,1.0,0.0
16,2,69.695,4061.8623046875,Unknown/Main Straight,296,1.0,0.0
16,2,69.695,4061.8623046875,Unknown/Main Straight,296,1.0,0.0
16,2,69.722,4064.115234375,Unknown/Main Straight,296,1.0,0.0
16,2,69.722,4064.115234375,Unknown/Main Straight,297,1.0,0.0
16,2,69.749,4066.3916015625,Unknown/Main Straight,297,1.0,0.0
16,2,69.749,4066.3916015625,Unknown/Main Straight,297,1.0,0.0
16,2,69.776,4068.71484375,Unknown/Main Straight,297,1.0,0.0
16,2,69.776,4068.71484375,Unknown/Main Straight,297,1.0,0.0
16,2,69.803,4071.0244140625,Unknown/Main Straight,297,1.0,0.0
16,2,69.803,4071.0244140625,Unknown/Main Straight,297,1.0,0.0
16,2,69.83,4073.3271484375,Unknown/Main Straight,297,1.0,0.0
16,2,69.83,4073.3271484375,Unknown/Main Straight,297,1.0,0.0
16,2,69.855,4075.6484375,Unknown/Main Straight,297,1.0,0.0
16,2,69.855,4075.6484375,Unknown/Main Straight,297,1.0,0.0
16,2,69.881,4078.1962890625,Unknown/Main Straight,297,1.0,0.0
16,2,69.881,4078.1962890625,Unknown/Main Straight,297,1.0,0.0
16,2,69.907,4080.447265625,Unknown/Main Straight,297,1.0,0.0
16,2,69.907,4080.447265625,Unknown/Main Straight,297,1.0,0.0
16,2,69.933,4082.6865234375,Unknown/Main Straight,297,1.0,0.0
16,2,69.933,4082.6865234375,Unknown/Main Straight,298,1.0,0.0
16,2,69.958,4084.8466796875,Unknown/Main Straight,298,1.0,0.0
16,2,69.958,4084.8466796875,Unknown/Main Straight,298,1.0,0.0
16,2,69.984,4086.9814453125,Unknown/Main Straight,298,1.0,0.0
16,2,69.984,4086.9814453125,Unknown/Main Straight,298,1.0,0.0
16,2,70.009,4089.0830078125,Unknown/Main Straight,298,1.0,0.0
16,2,70.009,4089.0830078125,Unknown/Main Straight,298,1.0,0.0
16,2,70.034,4091.205078125,Unknown/Main Straight,298,1.0,0.0
16,2,70.034,4091.205078125,Unknown/Main Straight,298,1.0,0.0
16,2,70.06,4093.2763671875,Unknown/Main Straight,298,1.0,0.0
16,2,70.06,4093.2763671875,Unknown/Main Straight,298,1.0,0.0
16,2,70.084,4095.33984375,Unknown/Main Straight,298,1.0,0.0
16,2,70.084,4095.33984375,Unknown/Main Straight,298,1.0,0.0
16,2,70.109,4097.4130859375,Unknown/Main Straight,298,1.0,0.0
16,2,70.109,4097.4130859375,Unknown/Main Straight,298,1.0,0.0
16,2,70.134,4099.470703125,Unknown/Main Straight,298,1.0,0.0
16,2,70.134,4099.470703125,Unknown/Main Straight,299,1.0,0.0
16,2,70.158,4101.5244140625,Unknown/Main Straight,299,1.0,0.0
16,2,70.158,4101.5244140625,Unknown/Main Straight,299,1.0,0.0
16,2,70.183,4103.603515625,Unknown/Main Straight,299,1.0,0.0
16,2,70.183,4103.603515625,Unknown/Main Straight,299,1.0,0.0
16,2,70.208,4105.6611328125,Unknown/Main Straight,299,1.0,0.0
16,2,70.208,4105.6611328125,Unknown/Main Straight,299,1.0,0.0
16,2,70.232,4107.7705078125,Unknown/Main Straight,299,1.0,0.0
16,2,70.232,4107.7705078125,Unknown/Main Straight,299,1.0,0.0
16,2,70.258,4109.8564453125,Unknown/Main Straight,299,1.0,0.0
16,2,70.258,4109.8564453125,Unknown/Main Straight,299,1.0,0.0
16,2,70.283,4111.9072265625,Unknown/Main Straight,299,1.0,0.0
16,2,70.283,4111.9072265625,Unknown/Main Straight,299,1.0,0.0
16,2,70.307,4113.9814453125,Unknown/Main Straight,299,1.0,0.0
16,2,70.307,4113.9814453125,Unknown/Main Straight,299,1.0,0.0
16,2,70.332,4116.044921875,Unknown/Main Straight,299,1.0,0.0
16,2,70.332,4116.044921875,Unknown/Main Straight,300,1.0,0.0
16,2,70.356,4118.1201171875,Unknown/Main Straight,300,1.0,0.0
16,2,70.356,4118.1201171875,Unknown/Main Straight,300,1.0,0.0
16,2,70.381,4120.2109375,Unknown/Main Straight,300,1.0,0.0
16,2,70.381,4120.2109375,Unknown/Main Straight,300,1.0,0.0
16,2,70.406,4122.27734375,Unknown/Main Straight,300,1.0,0.0
16,2,70.406,4122.27734375,Unknown/Main Straight,300,1.0,0.0
16,2,70.43,4124.3564453125,Unknown/Main Straight,300,1.0,0.0
16,2,70.43,4124.3564453125,Unknown/Main Straight,300,1.0,0.0
16,2,70.455,4126.4638671875,Unknown/Main Straight,300,1.0,0.0
16,2,70.455,4126.4638671875,Unknown/Main Straight,300,1.0,0.0
16,2,70.48,4128.57421875,Unknown/Main Straight,300,1.0,0.0
16,2,70.48,4128.57421875,Unknown/Main Straight,300,1.0,0.0
16,2,70.505,4130.703125,Unknown/Main Straight,300,1.0,0.0
16,2,70.505,4130.703125,Unknown/Main Straight,300,1.0,0.0
16,2,70.531,4132.8173828125,Unknown/Main Straight,300,1.0,0.0
16,2,70.531,4132.8173828125,Unknown/Main Straight,300,1.0,0.0
16,2,70.556,4134.90234375,Unknown/Main Straight,300,1.0,0.0
16,2,70.556,4134.90234375,Unknown/Main Straight,300,1.0,0.0
16,2,70.581,4137.0146484375,Unknown/Main Straight,300,1.0,0.0
16,2,70.581,4137.0146484375,Unknown/Main Straight,300,1.0,0.0
16,2,70.606,4139.150390625,Unknown/Main Straight,300,1.0,0.0
16,2,70.606,4139.150390625,Unknown/Main Straight,300,1.0,0.0
16,2,70.631,4141.2783203125,Unknown/Main Straight,300,1.0,0.0
16,2,70.631,4141.2783203125,Unknown/Main Straight,300,1.0,0.0
16,2,70.657,4143.423828125,Unknown/Main Straight,300,1.0,0.0
16,2,70.657,4143.423828125,Unknown/Main Straight,300,1.0,0.0
16,2,70.682,4145.5693359375,Unknown/Main Straight,300,1.0,0.0
16,2,70.682,4145.5693359375,Unknown/Main Straight,300,1.0,0.0
16,2,70.708,4147.73046875,Unknown/Main Straight,300,1.0,0.0
16,2,70.708,4147.73046875,Unknown/Main Straight,300,1.0,0.0
16,2,70.734,4149.9111328125,Unknown/Main Straight,300,1.0,0.0
16,2,70.734,4149.9111328125,Unknown/Main Straight,300,1.0,0.0
16,2,70.76,4152.0390625,Unknown/Main Straight,300,1.0,0.0
16,2,70.76,4152.0390625,Unknown/Main Straight,301,1.0,0.0
16,2,70.785,4154.1611328125,Unknown/Main Straight,301,1.0,0.0
16,2,70.785,4154.1611328125,Unknown/Main Straight,301,1.0,0.0
16,2,70.811,4156.2900390625,Unknown/Main Straight,301,1.0,0.0
16,2,70.811,4156.2900390625,Unknown/Main Straight,301,1.0,0.0
16,2,70.836,4158.4130859375,Unknown/Main Straight,301,1.0,0.0
16,2,70.836,4158.4130859375,Unknown/Main Straight,301,1.0,0.0
16,2,70.862,4160.5107421875,Unknown/Main Straight,301,1.0,0.0
16,2,70.862,4160.5107421875,Unknown/Main Straight,301,1.0,0.0
16,2,70.887,4162.6025390625,Unknown/Main Straight,301,1.0,0.0
16,2,70.887,4162.6025390625,Unknown/Main Straight,301,1.0,0.0
16,2,70.912,4164.6708984375,Unknown/Main Straight,301,1.0,0.0
16,2,70.912,4164.6708984375,Unknown/Main Straight,301,1.0,0.0
16,2,70.937,4166.751953125,Unknown/Main Straight,301,1.0,0.0
16,2,70.937,4166.751953125,Unknown/Main Straight,301,1.0,0.0
16,2,70.962,4168.8271484375,Unknown/Main Straight,301,1.0,0.0
16,2,70.962,4168.8271484375,Unknown/Main Straight,301,1.0,0.0
16,2,70.986,4170.9052734375,Unknown/Main Straight,301,1.0,0.0
16,2,70.986,4170.9052734375,Unknown/Main Straight,301,1.0,0.0
16,2,71.011,4172.9931640625,Unknown/Main Straight,301,1.0,0.0
16,2,71.011,4172.9931640625,Unknown/Main Straight,301,1.0,0.0
16,2,71.036,4175.0654296875,Unknown/Main Straight,301,1.0,0.0
16,2,71.036,4175.0654296875,Unknown/Main Straight,302,1.0,0.0
16,2,71.061,4177.1435546875,Unknown/Main Straight,302,1.0,0.0
16,2,71.061,4177.1435546875,Unknown/Main Straight,302,1.0,0.0
16,2,71.086,4179.2431640625,Unknown/Main Straight,302,1.0,0.0
16,2,71.086,4179.2431640625,Unknown/Main Straight,302,1.0,0.0
16,2,71.111,4181.3857421875,Unknown/Main Straight,302,1.0,0.0
16,2,71.111,4181.3857421875,Unknown/Main Straight,302,1.0,0.0
16,2,71.137,4183.513671875,Unknown/Main Straight,302,1.0,0.0
16,2,71.137,4183.513671875,Unknown/Main Straight,302,1.0,0.0
16,2,71.162,4185.6650390625,Unknown/Main Straight,302,1.0,0.0
16,2,71.162,4185.6650390625,Unknown/Main Straight,302,1.0,0.0
16,2,71.188,4187.7978515625,Unknown/Main Straight,302,1.0,0.0
16,2,71.188,4187.7978515625,Unknown/Main Straight,302,1.0,0.0
16,2,71.213,4189.9521484375,Unknown/Main Straight,302,1.0,0.0
16,2,71.213,4189.9521484375,Unknown/Main Straight,302,1.0,0.0
16,2,71.239,4192.1064453125,Unknown/Main Straight,302,1.0,0.0
16,2,71.239,4192.1064453125,Unknown/Main Straight,302,1.0,0.0
16,2,71.264,4194.271484375,Unknown/Main Straight,302,1.0,0.0
16,2,71.264,4194.271484375,Unknown/Main Straight,302,1.0,0.0
16,2,71.29,4196.384765625,Unknown/Main Straight,302,1.0,0.0
16,2,71.29,4196.384765625,Unknown/Main Straight,302,1.0,0.0
16,2,71.315,4198.5166015625,Unknown/Main Straight,302,1.0,0.0
16,2,71.315,4198.5166015625,Unknown/Main Straight,302,1.0,0.0
16,2,71.341,4200.6240234375,Unknown/Main Straight,302,1.0,0.0
16,2,71.341,4200.6240234375,Unknown/Main Straight,302,1.0,0.0
16,2,71.366,4202.7568359375,Unknown/Main Straight,302,1.0,0.0
16,2,71.366,4202.7568359375,Unknown/Main Straight,302,1.0,0.0
16,2,71.391,4204.892578125,Unknown/Main Straight,302,1.0,0.0
16,2,71.391,4204.892578125,Unknown/Main Straight,303,1.0,0.0
16,2,71.417,4206.998046875,Unknown/Main Straight,303,1.0,0.0
16,2,71.417,4206.998046875,Unknown/Main Straight,303,1.0,0.0
16,2,71.442,4209.0927734375,Unknown/Main Straight,303,1.0,0.0
16,2,71.442,4209.0927734375,Unknown/Main Straight,303,1.0,0.0
16,2,71.466,4211.2099609375,Unknown/Main Straight,303,1.0,0.0
16,2,71.466,4211.2099609375,Unknown/Main Straight,303,1.0,0.0
16,2,71.492,4213.3291015625,Unknown/Main Straight,303,1.0,0.0
16,2,71.492,4213.3291015625,Unknown/Main Straight,303,1.0,0.0
16,2,71.517,4215.439453125,Unknown/Main Straight,303,1.0,0.0
16,2,71.517,4215.439453125,Unknown/Main Straight,303,1.0,0.0
16,2,71.542,4217.541015625,Unknown/Main Straight,303,1.0,0.0
16,2,71.542,4217.541015625,Unknown/Main Straight,303,1.0,0.0
16,2,71.567,4219.6396484375,Unknown/Main Straight,303,1.0,0.0
16,2,71.567,4219.6396484375,Unknown/Main Straight,303,1.0,0.0
16,2,71.591,4221.7763671875,Unknown/Main Straight,303,1.0,0.0
16,2,71.591,4221.7763671875,Unknown/Main Straight,303,1.0,0.0
16,2,71.617,4223.9248046875,Unknown/Main Straight,303,1.0,0.0
16,2,71.617,4223.9248046875,Unknown/Main Straight,303,1.0,0.0
16,2,71.642,4226.08984375,Unknown/Main Straight,303,1.0,0.0
16,2,71.642,4226.08984375,Unknown/Main Straight,303,1.0,0.0
16,2,71.668,4228.2431640625,Unknown/Main Straight,303,1.0,0.0
16,2,71.668,4228.2431640625,Unknown/Main Straight,304,1.0,0.0
16,2,71.693,4230.4169921875,Unknown/Main Straight,304,1.0,0.0
16,2,71.693,4230.4169921875,Unknown/Main Straight,304,1.0,0.0
16,2,71.719,4232.5810546875,Unknown/Main Straight,304,1.0,0.0
16,2,71.719,4232.5810546875,Unknown/Main Straight,304,1.0,0.0
16,2,71.744,4234.7578125,Unknown/Main Straight,304,1.0,0.0
16,2,71.744,4234.7578125,Unknown/Main Straight,304,1.0,0.0
16,2,71.77,4236.9765625,Unknown/Main Straight,304,1.0,0.0
16,2,71.77,4236.9765625,Unknown/Main Straight,304,1.0,0.0
16,2,71.796,4239.1455078125,Unknown/Main Straight,304,1.0,0.0
16,2,71.796,4239.1455078125,Unknown/Main Straight,304,1.0,0.0
16,2,71.822,4241.3037109375,Unknown/Main Straight,304,1.0,0.0
16,2,71.822,4241.3037109375,Unknown/Main Straight,304,1.0,0.0
16,2,71.848,4243.478515625,Unknown/Main Straight,304,1.0,0.0
16,2,71.848,4243.478515625,Unknown/Main Straight,304,1.0,0.0
16,2,71.873,4245.6533203125,Unknown/Main Straight,304,1.0,0.0
16,2,71.873,4245.6533203125,Unknown/Main Straight,304,1.0,0.0
16,2,71.899,4247.8447265625,Unknown/Main Straight,304,1.0,0.0
16,2,71.899,4247.8447265625,Unknown/Main Straight,304,1.0,0.0
16,2,71.925,4250.03515625,Unknown/Main Straight,304,1.0,0.0
16,2,71.925,4250.03515625,Unknown/Main Straight,304,1.0,0.0
16,2,71.951,4252.189453125,Unknown/Main Straight,304,1.0,0.0
16,2,71.951,4252.189453125,Unknown/Main Straight,304,1.0,0.0
16,2,71.976,4254.3662109375,Unknown/Main Straight,304,1.0,0.0
16,2,71.976,4254.3662109375,Unknown/Main Straight,305,1.0,0.0
16,2,72.002,4256.59375,Unknown/Main Straight,305,1.0,0.0
16,2,72.002,4256.59375,Unknown/Main Straight,305,1.0,0.0
16,2,72.028,4258.7978515625,Unknown/Main Straight,305,1.0,0.0
16,2,72.028,4258.7978515625,Unknown/Main Straight,305,1.0,0.0
16,2,72.054,4260.9970703125,Unknown/Main Straight,305,1.0,0.0
16,2,72.054,4260.9970703125,Unknown/Main Straight,305,1.0,0.0
16,2,72.08,4263.185546875,Unknown/Main Straight,305,1.0,0.0
16,2,72.08,4263.185546875,Unknown/Main Straight,305,1.0,0.0
16,2,72.106,4265.3955078125,Unknown/Main Straight,305,1.0,0.0
16,2,72.106,4265.3955078125,Unknown/Main Straight,305,1.0,0.0
16,2,72.132,4267.5849609375,Unknown/Main Straight,305,1.0,0.0
16,2,72.132,4267.5849609375,Unknown/Main Straight,305,1.0,0.0
16,2,72.158,4269.8193359375,Unknown/Main Straight,305,1.0,0.0
16,2,72.158,4269.8193359375,Unknown/Main Straight,305,1.0,0.0
16,2,72.185,4271.9990234375,Unknown/Main Straight,305,1.0,0.0
16,2,72.185,4271.9990234375,Unknown/Main Straight,305,1.0,0.0
16,2,72.21,4274.189453125,Unknown/Main Straight,305,1.0,0.0
16,2,72.21,4274.189453125,Unknown/Main Straight,305,1.0,0.0
16,2,72.236,4276.3818359375,Unknown/Main Straight,305,1.0,0.0
16,2,72.236,4276.3818359375,Unknown/Main Straight,305,1.0,0.0
16,2,72.262,4278.5693359375,Unknown/Main Straight,305,1.0,0.0
16,2,72.262,4278.5693359375,Unknown/Main Straight,305,1.0,0.0
16,2,72.288,4280.7373046875,Unknown/Main Straight,305,1.0,0.0
16,2,72.288,4280.7373046875,Unknown/Main Straight,305,1.0,0.0
16,2,72.314,4282.9169921875,Unknown/Main Straight,305,1.0,0.0
16,2,72.314,4282.9169921875,Unknown/Main Straight,306,1.0,0.0
16,2,72.34,4285.0380859375,Unknown/Main Straight,306,1.0,0.0
16,2,72.34,4285.0380859375,Unknown/Main Straight,306,1.0,0.0
16,2,72.365,4287.1767578125,Unknown/Main Straight,306,1.0,0.0
16,2,72.365,4287.1767578125,Unknown/Main Straight,306,1.0,0.0
16,2,72.39,4289.3349609375,Unknown/Main Straight,306,1.0,0.0
16,2,72.39,4289.3349609375,Unknown/Main Straight,306,1.0,0.0
16,2,72.415,4291.515625,Unknown/Main Straight,306,1.0,0.0
16,2,72.415,4291.515625,Unknown/Main Straight,306,1.0,0.0
16,2,72.441,4293.6689453125,Unknown/Main Straight,306,1.0,0.0
16,2,72.441,4293.6689453125,Unknown/Main Straight,306,1.0,0.0
