,lap,lap_time,distance,next_corner,speed,throttle,brake
0,30,0.033,2.578125,T1,281,1.0,0.0
1,30,0.083,7.8046875,T1,281,1.0,0.0
2,30,0.083,7.8046875,T1,283,1.0,0.0
3,30,0.133,11.7421875,T1,283,1.0,0.0
4,30,0.133,11.7421875,T1,283,1.0,0.0
5,30,0.183,14.375,T1,283,1.0,0.0
6,30,0.183,14.375,T1,284,1.0,0.0
7,30,0.233,18.328125,T1,284,1.0,0.0
8,30,0.233,18.328125,T1,285,1.0,0.0
9,30,0.283,22.296875,T1,285,1.0,0.0
10,30,0.283,22.296875,T1,285,1.0,0.0
11,30,0.333,27.6015625,T1,285,1.0,0.0
12,30,0.333,27.6015625,T1,286,1.0,0.0
13,30,0.383,31.59375,T1,286,1.0,0.0
14,30,0.383,31.59375,T1,287,1.0,0.0
15,30,0.433,35.59375,T1,287,1.0,0.0
16,30,0.433,35.59375,T1,288,1.0,0.0
17,30,0.483,39.6015625,T1,288,1.0,0.0
18,30,0.483,39.6015625,T1,289,1.0,0.0
19,30,0.533,43.625,T1,289,1.0,0.0
20,30,0.533,43.625,T1,289,1.0,0.0
21,30,0.566,46.3125,T1,289,1.0,0.0
22,30,0.566,46.3125,T1,290,1.0,0.0
23,30,0.633,50.3515625,T1,290,1.0,0.0
24,30,0.633,50.3515625,T1,291,1.0,0.0
25,30,0.683,54.3984375,T1,291,1.0,0.0
26,30,0.683,54.3984375,T1,291,1.0,0.0
27,30,0.733,59.8046875,T1,291,1.0,0.0
28,30,0.733,59.8046875,T1,292,1.0,0.0
29,30,0.783,63.875,T1,292,1.0,0.0
30,30,0.783,63.875,T1,293,1.0,0.0
31,30,0.833,67.953125,T1,293,1.0,0.0
32,30,0.833,67.953125,T1,293,1.0,0.0
33,30,0.883,72.0390625,T1,293,1.0,0.0
34,30,0.883,72.0390625,T1,294,1.0,0.0
35,30,0.916,74.7734375,T1,294,1.0,0.0
36,30,0.916,74.7734375,T1,295,1.0,0.0
37,30,0.983,78.875,T1,295,1.0,0.0
38,30,0.983,78.875,T1,295,1.0,0.0
39,30,1.033,84.359375,T1,295,1.0,0.0
40,30,1.033,84.359375,T1,296,1.0,0.0
41,30,1.083,88.4765625,T1,296,1.0,0.0
42,30,1.083,88.4765625,T1,297,1.0,0.0
43,30,1.133,92.609375,T1,297,1.0,0.0
44,30,1.133,92.609375,T1,297,1.0,0.0
45,30,1.183,96.75,T1,297,1.0,0.0
46,30,1.183,96.75,T1,298,1.0,0.0
47,30,1.216,99.515625,T1,298,1.0,0.0
48,30,1.216,99.515625,T1,298,1.0,0.0
49,30,1.283,103.6640625,T1,298,1.0,0.0
50,30,1.283,103.6640625,T1,299,1.0,0.0
51,30,1.333,107.828125,T1,299,1.0,0.0
52,30,1.333,107.828125,T1,299,1.0,0.0
53,30,1.383,113.390625,T1,299,1.0,0.0
54,30,1.383,113.390625,T1,300,1.0,0.0
55,30,1.433,117.5703125,T1,300,1.0,0.0
56,30,1.433,117.5703125,T1,301,1.0,0.0
57,30,1.483,121.7578125,T1,301,1.0,0.0
58,30,1.483,121.7578125,T1,301,1.0,0.0
59,30,1.533,125.953125,T1,301,1.0,0.0
60,30,1.533,125.953125,T1,302,1.0,0.0
61,30,1.583,130.15625,T1,302,1.0,0.0
62,30,1.583,130.15625,T1,302,0.6666666865348816,0.0
63,30,1.616,132.953125,T1,302,0.6666666865348816,0.0
64,30,1.616,132.953125,T1,302,0.0,0.0
65,30,1.683,137.140625,T1,302,0.0,0.0
66,30,1.683,137.140625,T1,301,0.0,0.0
67,30,1.733,142.703125,T1,301,0.0,0.0
68,30,1.733,142.703125,T1,299,0.0,0.0
69,30,1.799,148.234375,T1,299,0.0,0.0
70,30,1.799,148.234375,T1,298,0.6980392336845398,0.0
71,30,1.866,153.7578125,T1,298,0.6980392336845398,0.0
72,30,1.866,153.7578125,T1,298,1.0,0.0
73,30,1.916,157.9140625,T1,298,1.0,0.0
74,30,1.916,157.9140625,T1,299,1.0,0.0
75,30,1.966,162.078125,T1,299,1.0,0.0
76,30,1.966,162.078125,T1,299,1.0,0.0
77,30,2.016,166.25,T1,299,1.0,0.0
78,30,2.016,166.25,T1,300,1.0,0.0
79,30,2.066,170.4296875,T1,300,1.0,0.0
80,30,2.066,170.4296875,T1,301,1.0,0.0
81,30,2.116,174.609375,T1,301,1.0,0.0
82,30,2.116,174.609375,T1,301,1.0,0.0
83,30,2.166,177.40625,T1,301,1.0,0.0
84,30,2.166,177.40625,T1,302,1.0,0.0
85,30,2.216,181.6015625,T1,302,1.0,0.0
86,30,2.216,181.6015625,T1,302,1.0,0.0
87,30,2.266,185.8125,T1,302,1.0,0.0
88,30,2.266,185.8125,T1,303,1.0,0.0
90,30,0.016,2.578125,T1,284,1.0,0.0
91,30,0.066,6.53125,T1,284,1.0,0.0
92,30,0.066,6.53125,T1,284,1.0,0.0
93,30,0.133,10.4921875,T1,284,1.0,0.0
94,30,0.133,10.4921875,T1,285,1.0,0.0
95,30,0.183,15.796875,T1,285,1.0,0.0
96,30,0.183,15.796875,T1,286,1.0,0.0
97,30,0.216,18.453125,T1,286,1.0,0.0
98,30,0.216,18.453125,T1,287,1.0,0.0
99,30,0.266,22.4453125,T1,287,1.0,0.0
100,30,0.266,22.4453125,T1,287,1.0,0.0
101,30,0.316,26.4453125,T1,287,1.0,0.0
102,30,0.316,26.4453125,T1,288,1.0,0.0
103,30,0.366,30.4609375,T1,288,1.0,0.0
104,30,0.366,30.4609375,T1,289,1.0,0.0
105,30,0.416,34.484375,T1,289,1.0,0.0
106,30,0.416,34.484375,T1,290,1.0,0.0
107,30,0.466,38.5234375,T1,290,1.0,0.0
108,30,0.466,38.5234375,T1,290,1.0,0.0
109,30,0.516,42.5625,T1,290,1.0,0.0
110,30,0.516,42.5625,T1,291,1.0,0.0
111,30,0.566,46.6171875,T1,291,1.0,0.0
112,30,0.566,46.6171875,T1,292,1.0,0.0
113,30,0.616,50.6796875,T1,292,1.0,0.0
114,30,0.616,50.6796875,T1,292,1.0,0.0
115,30,0.666,54.75,T1,292,1.0,0.0
116,30,0.666,54.75,T1,293,1.0,0.0
117,30,0.733,58.8359375,T1,293,1.0,0.0
118,30,0.733,58.8359375,T1,294,1.0,0.0
119,30,0.766,62.921875,T1,294,1.0,0.0
120,30,0.766,62.921875,T1,294,1.0,0.0
121,30,0.816,67.0234375,T1,294,1.0,0.0
122,30,0.816,67.0234375,T1,295,1.0,0.0
123,30,0.866,71.1328125,T1,295,1.0,0.0
124,30,0.866,71.1328125,T1,296,1.0,0.0
125,30,0.916,75.25,T1,296,1.0,0.0
126,30,0.916,75.25,T1,296,1.0,0.0
127,30,0.966,79.375,T1,296,1.0,0.0
128,30,0.966,79.375,T1,297,1.0,0.0
129,30,1.016,83.515625,T1,297,1.0,0.0
130,30,1.016,83.515625,T1,298,1.0,0.0
131,30,1.066,87.65625,T1,298,1.0,0.0
132,30,1.066,87.65625,T1,298,1.0,0.0
133,30,1.116,91.8046875,T1,298,1.0,0.0
134,30,1.116,91.8046875,T1,299,1.0,0.0
135,30,1.183,95.96875,T1,299,1.0,0.0
136,30,1.183,95.96875,T1,299,1.0,0.0
137,30,1.233,100.1328125,T1,299,1.0,0.0
138,30,1.233,100.1328125,T1,300,1.0,0.0
139,30,1.283,104.3125,T1,300,1.0,0.0
140,30,1.283,104.3125,T1,300,1.0,0.0
141,30,1.333,108.4921875,T1,300,1.0,0.0
142,30,1.333,108.4921875,T1,301,1.0,0.0
143,30,1.383,112.6875,T1,301,1.0,0.0
144,30,1.383,112.6875,T1,302,1.0,0.0
145,30,1.433,116.8828125,T1,302,1.0,0.0
146,30,1.433,116.8828125,T1,302,1.0,0.0
147,30,1.483,121.0859375,T1,302,1.0,0.0
148,30,1.483,121.0859375,T1,303,1.0,0.0
149,30,1.533,125.3046875,T1,303,1.0,0.0
150,30,1.533,125.3046875,T1,303,1.0,0.0
151,30,1.583,129.5234375,T1,303,1.0,0.0
152,30,1.583,129.5234375,T1,304,1.0,0.0
153,30,1.633,133.75,T1,304,1.0,0.0
154,30,1.633,133.75,T1,304,1.0,0.0
155,30,1.683,139.390625,T1,304,1.0,0.0
156,30,1.683,139.390625,T1,305,1.0,0.0
157,30,1.733,143.6328125,T1,305,1.0,0.0
158,30,1.733,143.6328125,T1,305,1.0,0.0
159,30,1.783,147.8828125,T1,305,1.0,0.0
160,30,1.783,147.8828125,T1,306,1.0,0.0
161,30,1.833,152.140625,T1,306,1.0,0.0
162,30,1.833,152.140625,T1,307,1.0,0.0
163,30,1.883,156.40625,T1,307,1.0,0.0
164,30,1.883,156.40625,T1,307,1.0,0.0
165,30,1.933,160.671875,T1,307,1.0,0.0
166,30,1.933,160.671875,T1,308,1.0,0.0
167,30,1.983,163.5234375,T1,308,1.0,0.0
168,30,1.983,163.5234375,T1,308,1.0,0.0
169,30,2.033,167.8046875,T1,308,1.0,0.0
170,30,2.033,167.8046875,T1,308,1.0,0.0
171,30,2.083,172.09375,T1,308,1.0,0.0
172,30,2.083,172.09375,T1,309,1.0,0.0
173,30,2.133,176.390625,T1,309,1.0,0.0
174,30,2.133,176.390625,T1,309,1.0,0.0
175,30,2.166,180.6953125,T1,309,1.0,0.0
176,30,2.166,180.6953125,T1,310,1.0,0.0
177,30,2.216,185.0,T1,310,1.0,0.0
178,30,2.216,185.0,T1,310,1.0,0.0
179,30,2.266,189.3125,T1,310,1.0,0.0
180,30,2.266,189.3125,T1,311,1.0,0.0
181,30,2.333,195.078125,T1,311,1.0,0.0
182,30,2.333,195.078125,T1,311,1.0,0.0
183,30,2.383,197.9609375,T1,311,1.0,0.0
184,30,2.383,197.9609375,T1,312,1.0,0.0
185,30,2.433,202.296875,T1,312,1.0,0.0
186,30,2.433,202.296875,T1,312,1.0,0.0
187,30,2.483,206.6328125,T1,312,1.0,0.0
188,30,2.483,206.6328125,T1,312,1.0,0.0
189,30,2.533,210.9765625,T1,312,1.0,0.0
190,30,2.533,210.9765625,T1,313,1.0,0.0
191,30,2.583,215.328125,T1,313,1.0,0.0
192,30,2.583,215.328125,T1,313,1.0,0.0
193,30,2.633,219.6796875,T1,313,1.0,0.0
194,30,2.633,219.6796875,T1,314,1.0,0.0
195,30,2.666,224.046875,T1,314,1.0,0.0
196,30,2.666,224.046875,T1,314,1.0,0.0
197,30,2.716,228.4140625,T1,314,1.0,0.0
198,30,2.716,228.4140625,T1,314,1.0,0.0
199,30,2.766,232.78125,T1,314,1.0,0.0
200,30,2.766,232.78125,T1,315,1.0,0.0
201,30,2.833,238.6171875,T1,315,1.0,0.0
202,30,2.833,238.6171875,T1,315,1.0,0.0
203,30,2.883,241.5390625,T1,315,1.0,0.0
204,30,2.883,241.5390625,T1,315,1.0,0.0
205,30,2.933,245.9296875,T1,315,1.0,0.0
206,30,2.933,245.9296875,T1,316,1.0,0.0
207,30,2.983,250.3203125,T1,316,1.0,0.0
208,30,2.983,250.3203125,T1,316,1.0,0.0
209,30,3.016,254.71875,T1,316,1.0,0.0
210,30,3.016,254.71875,T1,316,1.0,0.0
211,30,3.066,259.1171875,T1,316,1.0,0.0
212,30,3.066,259.1171875,T1,317,1.0,0.0
213,30,3.133,264.9921875,T1,317,1.0,0.0
214,30,3.133,264.9921875,T1,317,1.0,0.0
215,30,3.183,267.9375,T1,317,1.0,0.0
216,30,3.183,267.9375,T1,317,1.0,0.0
217,30,3.216,272.3515625,T1,317,1.0,0.0
218,30,3.216,272.3515625,T1,318,1.0,0.0
219,30,3.266,276.7734375,T1,318,1.0,0.0
220,30,3.266,276.7734375,T1,318,1.0,0.0
221,30,3.333,282.671875,T1,318,1.0,0.0
222,30,3.333,282.671875,T1,318,1.0,0.0
223,30,3.383,285.625,T1,318,1.0,0.0
224,30,3.383,285.625,T1,318,1.0,0.0
225,30,3.433,290.0546875,T1,318,1.0,0.0
226,30,3.433,290.0546875,T1,319,1.0,0.0
227,30,3.466,294.4921875,T1,319,1.0,0.0
228,30,3.466,294.4921875,T1,319,1.0,0.0
229,30,3.516,298.921875,T1,319,1.0,0.0
230,30,3.516,298.921875,T1,319,1.0,0.0
231,30,3.583,304.8515625,T1,319,1.0,0.0
232,30,3.583,304.8515625,T1,319,1.0,0.0
233,30,3.633,307.8125,T1,319,1.0,0.0
234,30,3.633,307.8125,T1,320,1.0,0.0
235,30,3.683,312.265625,T1,320,1.0,0.0
236,30,3.683,312.265625,T1,320,1.0,0.0
237,30,3.716,316.71875,T1,320,1.0,0.0
238,30,3.716,316.71875,T1,320,1.0,0.0
239,30,3.766,321.1796875,T1,320,1.0,0.0
240,30,3.766,321.1796875,T1,320,1.0,0.0
241,30,3.816,325.640625,T1,320,1.0,0.0
242,30,3.816,325.640625,T1,321,1.0,0.0
243,30,3.883,331.5859375,T1,321,1.0,0.0
244,30,3.883,331.5859375,T1,321,1.0,0.0
245,30,3.933,334.5625,T1,321,1.0,0.0
246,30,3.933,334.5625,T1,321,1.0,0.0
247,30,3.983,339.015625,T1,321,1.0,0.0
248,30,3.983,339.015625,T1,318,0.0,0.7136120796203613
249,30,4.016,343.3828125,T1,318,0.0,0.7136120796203613
250,30,4.016,343.3828125,T1,310,0.0,1.0
251,30,4.066,347.640625,T1,310,0.0,1.0
252,30,4.066,347.640625,T1,303,0.0,1.0
253,30,4.116,351.8046875,T1,303,0.0,1.0
254,30,4.116,351.8046875,T1,295,0.0,1.0
255,30,4.166,355.859375,T1,295,0.0,1.0
256,30,4.166,355.859375,T1,288,0.0,1.0
257,30,4.233,361.109375,T1,288,0.0,1.0
258,30,4.233,361.109375,T1,278,0.0,1.0
259,30,4.283,363.671875,T1,278,0.0,1.0
260,30,4.283,363.671875,T1,274,0.0,1.0
261,30,4.333,367.4375,T1,274,0.0,1.0
262,30,4.333,367.4375,T1,268,0.0,1.0
263,30,4.366,371.109375,T1,268,0.0,1.0
264,30,4.366,371.109375,T1,260,0.0,1.0
265,30,4.433,375.8515625,T1,260,0.0,1.0
266,30,4.433,375.8515625,T1,251,0.0,1.0
267,30,4.483,378.1640625,T1,251,0.0,1.0
268,30,4.483,378.1640625,T1,247,0.0,1.0
269,30,4.516,381.546875,T1,247,0.0,1.0
270,30,4.516,381.546875,T1,240,0.0,1.0
271,30,4.583,385.9140625,T1,240,0.0,1.0
272,30,4.583,385.9140625,T1,232,0.0,1.0
273,30,4.633,388.0390625,T1,232,0.0,1.0
274,30,4.633,388.0390625,T1,227,0.0,1.0
275,30,4.683,391.15625,T1,227,0.0,1.0
276,30,4.683,391.15625,T1,220,0.0,1.0
277,30,4.716,394.171875,T1,220,0.0,1.0
278,30,4.716,394.171875,T1,214,0.0,1.0
279,30,4.783,398.0546875,T1,214,0.0,1.0
280,30,4.783,398.0546875,T1,205,0.0,1.0
281,30,4.833,399.9375,T1,205,0.0,1.0
282,30,4.833,399.9375,T1,201,0.0,1.0
283,30,4.866,402.6953125,T1,201,0.0,1.0
284,30,4.866,402.6953125,T1,195,0.0,1.0
285,30,4.933,406.2421875,T1,195,0.0,1.0
286,30,4.933,406.2421875,T1,187,0.0,1.0
287,30,4.983,408.796875,T1,187,0.0,1.0
288,30,4.983,408.796875,T1,181,0.0,1.0
289,30,5.033,410.453125,T1,181,0.0,1.0
290,30,5.033,410.453125,T1,177,0.0,1.0
291,30,5.066,412.859375,T1,177,0.0,1.0
292,30,5.066,412.859375,T1,171,0.0,1.0
293,30,5.133,415.96875,T1,171,0.0,1.0
294,30,5.133,415.96875,T1,165,0.0,1.0
295,30,5.183,417.4765625,T1,165,0.0,1.0
296,30,5.183,417.4765625,T1,161,0.0,0.9479820728302002
297,30,5.233,419.6796875,T1,161,0.0,0.9479820728302002
298,30,5.233,419.6796875,T1,157,0.0,0.5826017260551453
299,30,5.266,421.8359375,T1,157,0.0,0.5826017260551453
300,30,5.266,421.8359375,T1,154,0.0,0.0
301,30,5.316,423.9609375,T1,154,0.0,0.0
302,30,5.316,423.9609375,T1,153,0.0,0.0
303,30,5.383,426.765625,T1,153,0.0,0.0
304,30,5.383,426.765625,T1,152,0.0,0.0
305,30,5.433,428.1640625,T1,152,0.0,0.0
306,30,5.433,428.1640625,T1,152,0.0,0.0
307,30,5.483,430.2421875,T1,152,0.0,0.0
308,30,5.483,430.2421875,T1,151,0.0,0.0
309,30,5.533,432.3046875,T1,151,0.0,0.0
310,30,5.533,432.3046875,T1,150,0.0,0.0
311,30,5.566,434.3359375,T2,150,0.0,0.0
312,30,5.566,434.3359375,T2,149,0.0,0.0
313,30,5.633,437.0078125,T2,149,0.0,0.0
314,30,5.633,437.0078125,T2,147,0.0,0.0
315,30,5.666,438.3203125,T2,147,0.0,0.0
316,30,5.666,438.3203125,T2,146,0.0,0.0
317,30,5.716,440.25,T2,146,0.0,0.0
318,30,5.716,440.25,T2,145,0.054901961237192154,0.0
319,30,5.783,442.765625,T2,145,0.054901961237192154,0.0
320,30,5.783,442.765625,T2,143,0.16862745583057404,0.0
321,30,5.833,443.984375,T2,143,0.16862745583057404,0.0
322,30,5.833,443.984375,T2,142,0.20392157137393951,0.0
323,30,5.883,445.7890625,T2,142,0.20392157137393951,0.0
324,30,5.883,445.7890625,T2,141,0.23529411852359772,0.0
325,30,5.916,447.5390625,T2,141,0.23529411852359772,0.0
326,30,5.916,447.5390625,T2,140,0.3450980484485626,0.0
327,30,5.966,449.4609375,T2,140,0.3450980484485626,0.0
328,30,5.966,449.4609375,T2,139,0.4588235318660736,0.0
329,30,6.016,451.5,T2,139,0.4588235318660736,0.0
330,30,6.016,451.5,T2,138,0.4745098054409027,0.0
331,30,6.066,453.671875,T2,138,0.4745098054409027,0.0
332,30,6.066,453.671875,T2,138,0.5058823823928833,0.0
333,30,6.116,456.015625,T2,138,0.5058823823928833,0.0
334,30,6.116,456.015625,T2,138,0.5411764979362488,0.0
335,30,6.166,458.5859375,T2,138,0.5411764979362488,0.0
336,30,6.166,458.5859375,T2,137,0.5490196347236633,0.0
337,30,6.216,461.453125,T2,137,0.5490196347236633,0.0
338,30,6.216,461.453125,T2,137,0.5843137502670288,0.0
339,30,6.266,464.578125,T2,137,0.5843137502670288,0.0
340,30,6.266,464.578125,T2,137,0.6235294342041016,0.0
341,30,6.316,467.3828125,T2,137,0.6235294342041016,0.0
342,30,6.316,467.3828125,T2,137,0.6313725709915161,0.0
343,30,6.366,469.9140625,T2,137,0.6313725709915161,0.0
344,30,6.366,469.9140625,T2,137,0.6431372761726379,0.0
345,30,6.416,472.2578125,T2,137,0.6431372761726379,0.0
346,30,6.416,472.2578125,T2,137,0.6666666865348816,0.0
347,30,6.466,474.453125,T2,137,0.6666666865348816,0.0
348,30,6.466,474.453125,T2,137,0.6666666865348816,0.0
349,30,6.516,476.5390625,T2,137,0.6666666865348816,0.0
350,30,6.516,476.5390625,T2,137,0.6941176652908325,0.0
351,30,6.566,478.34375,T2,137,0.6941176652908325,0.0
352,30,6.566,478.34375,T2,137,0.7019608020782471,0.0
353,30,6.616,480.109375,T2,137,0.7019608020782471,0.0
354,30,6.616,480.109375,T2,138,0.7137255072593689,0.0
355,30,6.683,482.5078125,T2,138,0.7137255072593689,0.0
356,30,6.683,482.5078125,T2,139,0.7215686440467834,0.0
357,30,6.733,484.34375,T2,139,0.7215686440467834,0.0
358,30,6.733,484.34375,T2,140,0.7333333492279053,0.0
359,30,6.783,486.2109375,T2,140,0.7333333492279053,0.0
360,30,6.783,486.2109375,T2,141,0.7529411911964417,0.0
361,30,6.833,488.1015625,T2,141,0.7529411911964417,0.0
362,30,6.833,488.1015625,T2,142,0.8039215803146362,0.0
363,30,6.866,489.375,T2,142,0.8039215803146362,0.0
364,30,6.866,489.375,T2,142,0.8470588326454163,0.0
365,30,6.916,491.3203125,T2,142,0.8470588326454163,0.0
366,30,6.916,491.3203125,T2,144,0.886274516582489,0.0
367,30,6.966,493.2890625,T2,144,0.886274516582489,0.0
368,30,6.966,493.2890625,T2,145,0.9215686321258545,0.0
369,30,7.016,495.3046875,T2,145,0.9215686321258545,0.0
370,30,7.016,495.3046875,T2,147,1.0,0.0
371,30,7.066,497.375,T2,147,1.0,0.0
372,30,7.066,497.375,T2,149,1.0,0.0
373,30,7.116,499.4765625,T2,149,1.0,0.0
374,30,7.116,499.4765625,T2,151,1.0,0.0
375,30,7.183,501.625,T2,151,1.0,0.0
376,30,7.183,501.625,T2,153,1.0,0.0
377,30,7.233,503.8046875,T2,153,1.0,0.0
378,30,7.233,503.8046875,T2,155,1.0,0.0
379,30,7.283,506.765625,T2,155,1.0,0.0
380,30,7.283,506.765625,T2,158,1.0,0.0
381,30,7.316,508.2734375,T2,158,1.0,0.0
382,30,7.316,508.2734375,T2,159,1.0,0.0
383,30,7.366,510.5546875,T2,159,1.0,0.0
384,30,7.366,510.5546875,T2,161,1.0,0.0
385,30,7.416,512.8671875,T2,161,1.0,0.0
386,30,7.416,512.8671875,T2,163,1.0,0.0
387,30,7.483,515.2109375,T2,163,1.0,0.0
388,30,7.483,515.2109375,T2,165,1.0,0.0
389,30,7.516,517.59375,T2,165,1.0,0.0
390,30,7.516,517.59375,T2,168,1.0,0.0
391,30,7.566,519.9765625,T2,168,1.0,0.0
392,30,7.566,519.9765625,T2,170,1.0,0.0
393,30,7.616,522.3828125,T2,170,1.0,0.0
394,30,7.616,522.3828125,T2,172,1.0,0.0
395,30,7.666,524.8203125,T2,172,1.0,0.0
396,30,7.666,524.8203125,T2,174,1.0,0.0
397,30,7.733,527.2890625,T2,174,1.0,0.0
398,30,7.733,527.2890625,T2,176,1.0,0.0
399,30,7.766,529.78125,T2,176,1.0,0.0
400,30,7.766,529.78125,T2,178,1.0,0.0
401,30,7.816,532.3046875,T2,178,1.0,0.0
402,30,7.816,532.3046875,T2,180,1.0,0.0
403,30,7.866,534.84375,T2,180,1.0,0.0
404,30,7.866,534.84375,T2,181,1.0,0.0
405,30,7.916,537.4140625,T2,181,1.0,0.0
406,30,7.916,537.4140625,T2,183,1.0,0.0
407,30,7.983,539.9921875,T2,183,1.0,0.0
408,30,7.983,539.9921875,T2,185,1.0,0.0
409,30,8.016,542.578125,T2,185,1.0,0.0
410,30,8.016,542.578125,T2,187,1.0,0.0
411,30,8.066,545.1875,T2,187,1.0,0.0
412,30,8.066,545.1875,T2,189,1.0,0.0
413,30,8.116,547.8203125,T2,189,1.0,0.0
414,30,8.116,547.8203125,T2,190,1.0,0.0
415,30,8.183,550.484375,T2,190,1.0,0.0
416,30,8.183,550.484375,T2,192,1.0,0.0
417,30,8.233,553.1640625,T2,192,1.0,0.0
418,30,8.233,553.1640625,T2,194,1.0,0.0
419,30,8.266,555.875,T2,194,1.0,0.0
420,30,8.266,555.875,T2,196,1.0,0.0
421,30,8.316,558.6171875,T2,196,1.0,0.0
422,30,8.316,558.6171875,T2,198,1.0,0.0
423,30,8.366,561.375,T2,198,1.0,0.0
424,30,8.366,561.375,T2,199,1.0,0.0
425,30,8.416,564.1640625,T2,199,1.0,0.0
426,30,8.416,564.1640625,T2,201,1.0,0.0
427,30,8.466,566.96875,T2,201,1.0,0.0
428,30,8.466,566.96875,T2,203,1.0,0.0
429,30,8.533,569.8046875,T2,203,1.0,0.0
430,30,8.533,569.8046875,T2,204,1.0,0.0
431,30,8.583,572.65625,T2,204,1.0,0.0
432,30,8.583,572.65625,T2,206,1.0,0.0
433,30,8.633,575.53125,T2,206,1.0,0.0
434,30,8.633,575.53125,T2,208,1.0,0.0
435,30,8.666,578.4296875,T2,208,1.0,0.0
436,30,8.666,578.4296875,T2,209,1.0,0.0
437,30,8.716,581.359375,T2,209,1.0,0.0
438,30,8.716,581.359375,T2,211,1.0,0.0
439,30,8.766,584.3046875,T2,211,1.0,0.0
440,30,8.766,584.3046875,T2,213,1.0,0.0
441,30,8.833,587.2734375,T2,213,1.0,0.0
442,30,8.833,587.2734375,T2,214,1.0,0.0
443,30,8.883,590.2578125,T2,214,1.0,0.0
444,30,8.883,590.2578125,T2,216,1.0,0.0
445,30,8.916,593.2734375,T2,216,1.0,0.0
446,30,8.916,593.2734375,T2,218,1.0,0.0
447,30,8.966,596.3046875,T2,218,1.0,0.0
448,30,8.966,596.3046875,T2,219,1.0,0.0
449,30,9.016,599.359375,T2,219,1.0,0.0
450,30,9.016,599.359375,T2,221,1.0,0.0
451,30,9.066,602.4296875,T2,221,1.0,0.0
452,30,9.066,602.4296875,T2,222,1.0,0.0
453,30,9.116,605.5234375,T2,222,1.0,0.0
454,30,9.116,605.5234375,T2,224,1.0,0.0
455,30,9.183,608.640625,T2,224,1.0,0.0
456,30,9.183,608.640625,T2,225,1.0,0.0
457,30,9.233,612.8359375,T2,225,1.0,0.0
458,30,9.233,612.8359375,T2,228,1.0,0.0
459,30,9.266,614.9453125,T2,228,1.0,0.0
460,30,9.266,614.9453125,T2,229,1.0,0.0
461,30,9.316,618.125,T2,229,1.0,0.0
462,30,9.316,618.125,T2,230,1.0,0.0
463,30,9.366,621.328125,T2,230,1.0,0.0
464,30,9.366,621.328125,T2,231,1.0,0.0
465,30,9.433,624.5546875,T2,231,1.0,0.0
466,30,9.433,624.5546875,T2,233,1.0,0.0
467,30,9.466,627.796875,T2,233,1.0,0.0
468,30,9.466,627.796875,T2,234,1.0,0.0
469,30,9.516,631.0546875,T2,234,1.0,0.0
470,30,9.516,631.0546875,T2,236,1.0,0.0
471,30,9.566,634.3359375,T2,236,1.0,0.0
472,30,9.566,634.3359375,T2,237,1.0,0.0
473,30,9.616,637.640625,T2,237,1.0,0.0
474,30,9.616,637.640625,T2,238,1.0,0.0
475,30,9.666,640.9609375,T2,238,1.0,0.0
476,30,9.666,640.9609375,T2,240,1.0,0.0
477,30,9.733,644.296875,T2,240,1.0,0.0
478,30,9.733,644.296875,T2,241,1.0,0.0
479,30,9.783,648.78125,T2,241,1.0,0.0
480,30,9.783,648.78125,T2,243,1.0,0.0
481,30,9.816,651.0390625,T2,243,1.0,0.0
482,30,9.816,651.0390625,T2,244,1.0,0.0
483,30,9.866,654.4375,T2,244,1.0,0.0
484,30,9.866,654.4375,T2,245,1.0,0.0
485,30,9.916,657.8515625,T2,245,1.0,0.0
486,30,9.916,657.8515625,T2,246,1.0,0.0
487,30,9.983,661.2890625,T2,246,1.0,0.0
488,30,9.983,661.2890625,T2,247,1.0,0.0
489,30,10.033,664.7421875,T2,247,1.0,0.0
490,30,10.033,664.7421875,T2,249,1.0,0.0
491,30,10.066,668.2109375,T2,249,1.0,0.0
492,30,10.066,668.2109375,T2,250,1.0,0.0
493,30,10.116,671.6953125,T2,250,1.0,0.0
494,30,10.116,671.6953125,T2,251,1.0,0.0
495,30,10.166,675.1953125,T2,251,1.0,0.0
496,30,10.166,675.1953125,T2,252,1.0,0.0
497,30,10.216,678.71875,T2,252,1.0,0.0
498,30,10.216,678.71875,T2,253,1.0,0.0
499,30,10.283,682.25,T2,253,1.0,0.0
500,30,10.283,682.25,T2,255,1.0,0.0
501,30,10.316,685.8046875,T2,255,1.0,0.0
502,30,10.316,685.8046875,T2,256,1.0,0.0
503,30,10.366,689.375,T2,256,1.0,0.0
504,30,10.366,689.375,T2,257,1.0,0.0
505,30,10.433,692.953125,T2,257,1.0,0.0
506,30,10.433,692.953125,T2,258,1.0,0.0
507,30,10.466,696.5546875,T2,258,1.0,0.0
508,30,10.466,696.5546875,T2,259,1.0,0.0
509,30,10.516,700.1640625,T2,259,1.0,0.0
510,30,10.516,700.1640625,T2,260,1.0,0.0
511,30,10.566,703.796875,T2,260,1.0,0.0
512,30,10.566,703.796875,T2,261,1.0,0.0
513,30,10.633,707.453125,T2,261,1.0,0.0
514,30,10.633,707.453125,T2,262,1.0,0.0
515,30,10.666,711.125,T2,262,1.0,0.0
516,30,10.666,711.125,T2,263,1.0,0.0
517,30,10.716,714.8125,T2,263,1.0,0.0
518,30,10.716,714.8125,T2,264,1.0,0.0
519,30,10.783,718.5078125,T2,264,1.0,0.0
520,30,10.783,718.5078125,T2,265,1.0,0.0
521,30,10.816,722.21875,T2,265,1.0,0.0
522,30,10.816,722.21875,T2,266,1.0,0.0
523,30,10.866,725.9453125,T2,266,1.0,0.0
524,30,10.866,725.9453125,T2,267,1.0,0.0
525,30,10.916,729.6875,T2,267,1.0,0.0
526,30,10.916,729.6875,T2,268,1.0,0.0
527,30,10.966,733.4375,T2,268,1.0,0.0
528,30,10.966,733.4375,T2,269,1.0,0.0
529,30,11.033,737.1953125,T2,269,1.0,0.0
530,30,11.033,737.1953125,T2,270,1.0,0.0
531,30,11.066,740.9765625,T2,270,1.0,0.0
532,30,11.066,740.9765625,T2,271,1.0,0.0
533,30,11.116,744.765625,T2,271,1.0,0.0
534,30,11.116,744.765625,T2,272,1.0,0.0
535,30,11.166,748.5625,T2,272,1.0,0.0
536,30,11.166,748.5625,T2,273,1.0,0.0
537,30,11.216,752.375,T2,273,1.0,0.0
538,30,11.216,752.375,T2,274,1.0,0.0
539,30,11.283,756.203125,T2,274,1.0,0.0
540,30,11.283,756.203125,T2,275,1.0,0.0
541,30,11.333,760.0390625,T2,275,1.0,0.0
542,30,11.333,760.0390625,T2,275,1.0,0.0
543,30,11.366,763.890625,T2,275,1.0,0.0
544,30,11.366,763.890625,T2,276,1.0,0.0
545,30,11.416,767.7578125,T2,276,1.0,0.0
546,30,11.416,767.7578125,T2,277,1.0,0.0
547,30,11.466,771.6328125,T2,277,1.0,0.0
548,30,11.466,771.6328125,T2,278,1.0,0.0
549,30,11.516,775.515625,T2,278,1.0,0.0
550,30,11.516,775.515625,T2,279,1.0,0.0
551,30,11.566,779.40625,T2,279,1.0,0.0
552,30,11.566,779.40625,T2,280,1.0,0.0
553,30,11.616,783.3125,T2,280,1.0,0.0
554,30,11.616,783.3125,T2,280,1.0,0.0
555,30,11.666,787.2265625,T2,280,1.0,0.0
556,30,11.666,787.2265625,T2,281,1.0,0.0
557,30,11.716,791.1484375,T2,281,1.0,0.0
558,30,11.716,791.1484375,T2,282,1.0,0.0
559,30,11.766,795.0859375,T2,282,1.0,0.0
560,30,11.766,795.0859375,T2,282,1.0,0.0
561,30,11.833,799.03125,T2,282,1.0,0.0
562,30,11.833,799.03125,T2,283,1.0,0.0
563,30,11.883,802.984375,T2,283,1.0,0.0
564,30,11.883,802.984375,T2,284,1.0,0.0
565,30,11.916,806.9453125,T2,284,1.0,0.0
566,30,11.916,806.9453125,T2,284,1.0,0.0
567,30,11.966,810.9140625,T2,284,1.0,0.0
568,30,11.966,810.9140625,T2,285,1.0,0.0
569,30,12.016,814.8984375,T2,285,1.0,0.0
570,30,12.016,814.8984375,T2,286,1.0,0.0
571,30,12.066,818.890625,T2,286,1.0,0.0
572,30,12.066,818.890625,T2,286,1.0,0.0
573,30,12.133,822.890625,T2,286,1.0,0.0
574,30,12.133,822.890625,T2,287,1.0,0.0
575,30,12.183,826.8984375,T2,287,1.0,0.0
576,30,12.183,826.8984375,T2,288,1.0,0.0
577,30,12.233,830.921875,T2,288,1.0,0.0
578,30,12.233,830.921875,T2,288,1.0,0.0
579,30,12.283,834.9453125,T2,288,1.0,0.0
580,30,12.283,834.9453125,T2,289,1.0,0.0
581,30,12.333,838.984375,T2,289,1.0,0.0
582,30,12.333,838.984375,T2,290,1.0,0.0
583,30,12.383,843.0390625,T2,290,1.0,0.0
584,30,12.383,843.0390625,T2,290,1.0,0.0
585,30,12.433,847.09375,T2,290,1.0,0.0
586,30,12.433,847.09375,T2,291,1.0,0.0
587,30,12.483,851.1640625,T2,291,1.0,0.0
588,30,12.483,851.1640625,T2,292,1.0,0.0
589,30,12.516,855.2421875,T2,292,1.0,0.0
590,30,12.516,855.2421875,T2,292,1.0,0.0
591,30,12.566,859.3359375,T2,292,1.0,0.0
592,30,12.566,859.3359375,T2,293,1.0,0.0
593,30,12.616,863.4375,T2,293,1.0,0.0
594,30,12.616,863.4375,T2,294,1.0,0.0
595,30,12.666,867.546875,T2,294,1.0,0.0
596,30,12.666,867.546875,T2,294,1.0,0.0
597,30,12.716,871.6640625,T2,294,1.0,0.0
598,30,12.716,871.6640625,T2,295,1.0,0.0
599,30,12.766,875.7890625,T2,295,1.0,0.0
600,30,12.766,875.7890625,T2,295,1.0,0.0
601,30,12.816,879.9296875,T2,295,1.0,0.0
602,30,12.816,879.9296875,T2,296,1.0,0.0
603,30,12.866,884.0703125,T2,296,1.0,0.0
604,30,12.866,884.0703125,T2,297,1.0,0.0
605,30,12.916,888.21875,T2,297,1.0,0.0
606,30,12.916,888.21875,T2,297,1.0,0.0
607,30,12.966,892.3671875,T2,297,1.0,0.0
608,30,12.966,892.3671875,T2,298,1.0,0.0
609,30,13.016,896.5234375,T2,298,1.0,0.0
610,30,13.016,896.5234375,T2,298,1.0,0.0
611,30,13.066,900.6875,T2,298,1.0,0.0
612,30,13.066,900.6875,T2,299,1.0,0.0
613,30,13.116,904.8515625,T2,299,1.0,0.0
614,30,13.116,904.8515625,T2,299,1.0,0.0
615,30,13.166,909.03125,T2,299,1.0,0.0
616,30,13.166,909.03125,T2,300,1.0,0.0
617,30,13.216,913.21875,T2,300,1.0,0.0
618,30,13.216,913.21875,T2,301,1.0,0.0
619,30,13.266,917.40625,T2,301,1.0,0.0
620,30,13.266,917.40625,T2,301,1.0,0.0
621,30,13.316,921.609375,T2,301,1.0,0.0
622,30,13.316,921.609375,T2,302,1.0,0.0
623,30,13.366,925.8125,T2,302,1.0,0.0
624,30,13.366,925.8125,T2,302,1.0,0.0
625,30,13.416,930.0234375,T2,302,1.0,0.0
626,30,13.416,930.0234375,T2,303,1.0,0.0
627,30,13.483,935.65625,T2,303,1.0,0.0
628,30,13.483,935.65625,T2,303,1.0,0.0
629,30,13.533,939.8828125,T2,303,1.0,0.0
630,30,13.533,939.8828125,T2,304,1.0,0.0
631,30,13.583,942.703125,T2,304,1.0,0.0
632,30,13.583,942.703125,T2,304,1.0,0.0
633,30,13.633,946.9375,T2,304,1.0,0.0
634,30,13.633,946.9375,T2,305,1.0,0.0
635,30,13.683,951.1796875,T2,305,1.0,0.0
636,30,13.683,951.1796875,T2,305,1.0,0.0
637,30,13.733,955.421875,T2,305,1.0,0.0
638,30,13.733,955.421875,T2,306,1.0,0.0
639,30,13.783,959.671875,T2,306,1.0,0.0
640,30,13.783,959.671875,T2,306,1.0,0.0
641,30,13.816,963.921875,T2,306,1.0,0.0
642,30,13.816,963.921875,T2,307,1.0,0.0
643,30,13.866,968.1875,T2,307,1.0,0.0
644,30,13.866,968.1875,T2,307,1.0,0.0
645,30,13.933,973.875,T2,307,1.0,0.0
646,30,13.933,973.875,T2,308,1.0,0.0
647,30,13.983,976.7265625,T2,308,1.0,0.0
648,30,13.983,976.7265625,T2,308,1.0,0.0
649,30,14.033,981.0078125,T2,308,1.0,0.0
650,30,14.033,981.0078125,T2,308,1.0,0.0
651,30,14.066,985.2890625,T2,308,1.0,0.0
652,30,14.066,985.2890625,T2,309,1.0,0.0
653,30,14.116,989.578125,T2,309,1.0,0.0
654,30,14.116,989.578125,T2,309,1.0,0.0
655,30,14.183,995.3125,T2,309,1.0,0.0
656,30,14.183,995.3125,T2,310,1.0,0.0
657,30,14.233,999.6171875,T2,310,1.0,0.0
658,30,14.233,999.6171875,T2,310,1.0,0.0
659,30,14.283,1002.484375,T2,310,1.0,0.0
660,30,14.283,1002.484375,T2,311,1.0,0.0
661,30,14.333,1006.8046875,T2,311,1.0,0.0
662,30,14.333,1006.8046875,T2,311,1.0,0.0
663,30,14.366,1011.125,T2,311,1.0,0.0
664,30,14.366,1011.125,T2,311,1.0,0.0
665,30,14.416,1015.4609375,T2,311,1.0,0.0
666,30,14.416,1015.4609375,T2,312,1.0,0.0
667,30,14.483,1021.2421875,T2,312,1.0,0.0
668,30,14.483,1021.2421875,T2,312,1.0,0.0
669,30,14.533,1024.140625,T2,312,1.0,0.0
670,30,14.533,1024.140625,T2,312,1.0,0.0
671,30,14.583,1028.4921875,T2,312,1.0,0.0
672,30,14.583,1028.4921875,T2,313,1.0,0.0
673,30,14.616,1032.8515625,T2,313,1.0,0.0
674,30,14.616,1032.8515625,T2,313,1.0,0.0
675,30,14.666,1037.21875,T2,313,1.0,0.0
676,30,14.666,1037.21875,T2,313,1.0,0.0
677,30,14.733,1043.0546875,T2,313,1.0,0.0
678,30,14.733,1043.0546875,T2,314,1.0,0.0
679,30,14.783,1045.96875,T2,314,1.0,0.0
680,30,14.783,1045.96875,T2,314,1.0,0.0
681,30,14.833,1050.359375,T2,314,1.0,0.0
682,30,14.833,1050.359375,T2,314,1.0,0.0
683,30,14.866,1054.75,T2,314,1.0,0.0
684,30,14.866,1054.75,T2,315,1.0,0.0
685,30,14.933,1060.625,T2,315,1.0,0.0
686,30,14.933,1060.625,T2,315,1.0,0.0
687,30,14.983,1065.046875,T2,315,1.0,0.0
688,30,14.983,1065.046875,T2,315,1.0,0.0
689,30,15.033,1067.9921875,T2,315,1.0,0.0
690,30,15.033,1067.9921875,T2,316,1.0,0.0
691,30,15.083,1072.4140625,T3,316,1.0,0.0
692,30,15.083,1072.4140625,T3,316,1.0,0.0
693,30,15.116,1076.84375,T3,316,1.0,0.0
694,30,15.116,1076.84375,T3,316,1.0,0.0
695,30,15.166,1081.2734375,T3,316,1.0,0.0
696,30,15.166,1081.2734375,T3,316,1.0,0.0
697,30,15.216,1085.703125,T3,316,1.0,0.0
698,30,15.216,1085.703125,T3,316,1.0,0.0
699,30,15.283,1091.625,T3,316,1.0,0.0
700,30,15.283,1091.625,T3,317,1.0,0.0
701,30,15.333,1094.5859375,T3,317,1.0,0.0
702,30,15.333,1094.5859375,T3,317,1.0,0.0
703,30,15.366,1099.03125,T3,317,1.0,0.0
704,30,15.366,1099.03125,T3,317,1.0,0.0
705,30,15.416,1103.4765625,T3,317,1.0,0.0
706,30,15.416,1103.4765625,T3,317,1.0,0.0
707,30,15.483,1109.3984375,T3,317,1.0,0.0
708,30,15.483,1109.3984375,T3,317,1.0,0.0
709,30,15.533,1112.3671875,T3,317,1.0,0.0
710,30,15.533,1112.3671875,T3,318,1.0,0.0
711,30,15.583,1116.8203125,T3,318,1.0,0.0
712,30,15.583,1116.8203125,T3,318,1.0,0.0
713,30,15.616,1121.265625,T3,318,1.0,0.0
714,30,15.616,1121.265625,T3,318,1.0,0.0
715,30,15.666,1125.7265625,T3,318,1.0,0.0
716,30,15.666,1125.7265625,T3,318,1.0,0.0
717,30,15.733,1131.6796875,T3,318,1.0,0.0
718,30,15.733,1131.6796875,T3,318,1.0,0.0
719,30,15.783,1134.6640625,T3,318,1.0,0.0
720,30,15.783,1134.6640625,T3,318,1.0,0.0
721,30,15.833,1139.1328125,T3,318,1.0,0.0
722,30,15.833,1139.1328125,T3,318,1.0,0.0
723,30,15.866,1143.609375,T3,318,1.0,0.0
724,30,15.866,1143.609375,T3,318,1.0,0.0
725,30,15.933,1149.5625,T3,318,1.0,0.0
726,30,15.933,1149.5625,T3,318,1.0,0.0
727,30,15.983,1152.5390625,T3,318,1.0,0.0
728,30,15.983,1152.5390625,T3,318,1.0,0.0
729,30,16.016,1156.9921875,T3,318,1.0,0.0
730,30,16.016,1156.9921875,T3,318,1.0,0.0
731,30,16.083,1162.9375,T3,318,1.0,0.0
732,30,16.083,1162.9375,T3,318,1.0,0.0
733,30,16.133,1165.90625,T3,318,1.0,0.0
734,30,16.133,1165.90625,T3,318,1.0,0.0
735,30,16.183,1171.8515625,T3,318,1.0,0.0
736,30,16.183,1171.8515625,T3,318,1.0,0.0
737,30,16.233,1174.828125,T3,318,1.0,0.0
738,30,16.233,1174.828125,T3,318,1.0,0.0
739,30,16.266,1179.2890625,T3,318,1.0,0.0
740,30,16.266,1179.2890625,T3,318,1.0,0.0
741,30,16.333,1185.2265625,T3,318,1.0,0.0
742,30,16.333,1185.2265625,T3,318,1.0,0.0
743,30,16.383,1188.1953125,T3,318,1.0,0.0
744,30,16.383,1188.1953125,T3,319,1.0,0.0
745,30,16.433,1194.125,T3,319,1.0,0.0
746,30,16.433,1194.125,T3,319,1.0,0.0
747,30,16.483,1197.0859375,T3,319,1.0,0.0
748,30,16.483,1197.0859375,T3,318,1.0,0.0
749,30,16.533,1203.0078125,T3,318,1.0,0.0
750,30,16.533,1203.0078125,T3,318,1.0,0.0
751,30,16.577,1207.4453125,T3,318,1.0,0.0
752,30,16.577,1207.4453125,T3,318,1.0,0.0
753,30,16.627,1210.40625,T3,318,1.0,0.0
754,30,16.627,1210.40625,T3,318,1.0,0.0
755,30,16.677,1216.328125,T3,318,1.0,0.0
756,30,16.677,1216.328125,T3,319,1.0,0.0
757,30,16.727,1219.296875,T3,319,1.0,0.0
758,30,16.727,1219.296875,T3,319,1.0,0.0
759,30,16.777,1225.2265625,T3,319,1.0,0.0
760,30,16.777,1225.2265625,T3,319,1.0,0.0
761,30,16.827,1228.1875,T3,319,1.0,0.0
762,30,16.827,1228.1875,T3,319,1.0,0.0
763,30,16.877,1234.1015625,T3,319,1.0,0.0
764,30,16.877,1234.1015625,T3,319,1.0,0.0
765,30,16.927,1237.0546875,T3,319,1.0,0.0
766,30,16.927,1237.0546875,T3,319,1.0,0.0
767,30,16.977,1242.96875,T3,319,1.0,0.0
768,30,16.977,1242.96875,T3,319,1.0,0.0
769,30,17.027,1245.9296875,T3,319,1.0,0.0
770,30,17.027,1245.9296875,T3,319,1.0,0.0
771,30,17.077,1251.8515625,T3,319,1.0,0.0
772,30,17.077,1251.8515625,T3,320,1.0,0.0
773,30,17.127,1254.8125,T3,320,1.0,0.0
774,30,17.127,1254.8125,T3,320,1.0,0.0
775,30,17.177,1260.7421875,T3,320,1.0,0.0
776,30,17.177,1260.7421875,T3,320,0.7254902124404907,0.0
777,30,17.227,1263.703125,T3,320,0.7254902124404907,0.0
778,30,17.227,1263.703125,T3,319,0.0,0.0
779,30,17.277,1268.125,T3,319,0.0,0.0
780,30,17.277,1268.125,T3,317,0.0,0.0
781,30,17.31,1272.53125,T3,317,0.0,0.0
782,30,17.31,1272.53125,T3,316,0.0,0.2625311017036438
783,30,17.377,1276.890625,T3,316,0.0,0.2625311017036438
784,30,17.377,1276.890625,T3,311,0.0,0.7136120796203613
785,30,17.41,1281.1640625,T3,311,0.0,0.7136120796203613
786,30,17.41,1281.1640625,T3,304,0.0,1.0
787,30,17.477,1286.703125,T3,304,0.0,1.0
788,30,17.477,1286.703125,T3,294,0.0,1.0
789,30,17.527,1289.40625,T3,294,0.0,1.0
790,30,17.527,1289.40625,T3,289,0.0,1.0
791,30,17.56,1293.3828125,T3,289,0.0,1.0
792,30,17.56,1293.3828125,T3,283,0.0,1.0
793,30,17.627,1298.5234375,T3,283,0.0,1.0
794,30,17.627,1298.5234375,T3,273,0.0,1.0
795,30,17.677,1301.03125,T3,273,0.0,1.0
796,30,17.677,1301.03125,T3,268,0.0,1.0
797,30,17.727,1304.703125,T3,268,0.0,1.0
798,30,17.727,1304.703125,T3,261,0.0,1.0
799,30,17.777,1308.28125,T3,261,0.0,1.0
800,30,17.777,1308.28125,T3,254,0.0,1.0
801,30,17.81,1311.7578125,T3,254,0.0,1.0
802,30,17.81,1311.7578125,T3,247,0.0,1.0
803,30,17.86,1315.140625,T3,247,0.0,1.0
804,30,17.86,1315.140625,T3,241,0.0,1.0
805,30,17.927,1319.515625,T3,241,0.0,1.0
806,30,17.927,1319.515625,T3,232,0.0,1.0
807,30,17.977,1321.640625,T3,232,0.0,1.0
808,30,17.977,1321.640625,T3,227,0.0,1.0
809,30,18.01,1324.75,T3,227,0.0,1.0
810,30,18.01,1324.75,T3,220,0.0,1.0
811,30,18.077,1328.7578125,T3,220,0.0,1.0
812,30,18.077,1328.7578125,T3,211,0.0,1.0
813,30,18.127,1330.6953125,T3,211,0.0,1.0
814,30,18.127,1330.6953125,T3,207,0.0,1.0
815,30,18.16,1333.5390625,T3,207,0.0,1.0
816,30,18.16,1333.5390625,T3,201,0.0,1.0
817,30,18.21,1336.296875,T3,201,0.0,1.0
818,30,18.21,1336.296875,T3,195,0.0,1.0
819,30,18.277,1339.828125,T3,195,0.0,1.0
820,30,18.277,1339.828125,T3,186,0.0,1.0
821,30,18.327,1341.5390625,T3,186,0.0,1.0
822,30,18.327,1341.5390625,T3,182,0.0,1.0
823,30,18.377,1344.0234375,T3,182,0.0,1.0
824,30,18.377,1344.0234375,T3,176,0.0,1.0
825,30,18.41,1346.4296875,T3,176,0.0,1.0
826,30,18.41,1346.4296875,T3,170,0.0,1.0
827,30,18.46,1348.765625,T3,170,0.0,1.0
828,30,18.46,1348.765625,T3,164,0.0,1.0
829,30,18.527,1351.7421875,T3,164,0.0,1.0
830,30,18.527,1351.7421875,T3,157,0.0,1.0
831,30,18.577,1353.1796875,T3,157,0.0,1.0
832,30,18.577,1353.1796875,T3,153,0.0,1.0
833,30,18.627,1355.28125,T3,153,0.0,1.0
834,30,18.627,1355.28125,T3,148,0.0,1.0
835,30,18.66,1357.296875,T3,148,0.0,1.0
836,30,18.66,1357.296875,T3,143,0.0,1.0
837,30,18.71,1359.25,T3,143,0.0,1.0
838,30,18.71,1359.25,T3,138,0.0,1.0
839,30,18.777,1361.765625,T3,138,0.0,1.0
840,30,18.777,1361.765625,T3,132,0.0,1.0
841,30,18.827,1362.9765625,T3,132,0.0,1.0
842,30,18.827,1362.9765625,T3,129,0.0,1.0
843,30,18.86,1364.7421875,T3,129,0.0,1.0
844,30,18.86,1364.7421875,T3,125,0.0,1.0
845,30,18.91,1366.4453125,T3,125,0.0,1.0
846,30,18.91,1366.4453125,T3,120,0.0,1.0
847,30,18.96,1368.0859375,T3,120,0.0,1.0
848,30,18.96,1368.0859375,T3,116,0.0,1.0
849,30,19.027,1370.1796875,T3,116,0.0,1.0
850,30,19.027,1370.1796875,T3,110,0.0,0.6531239748001099
851,30,19.077,1371.1953125,T3,110,0.0,0.6531239748001099
852,30,19.077,1371.1953125,T3,108,0.0,0.0
853,30,19.127,1372.6953125,T3,108,0.0,0.0
854,30,19.127,1372.6953125,T3,107,0.0,0.0
855,30,19.177,1374.1796875,T4,107,0.0,0.0
856,30,19.177,1374.1796875,T4,106,0.0,0.0
857,30,19.21,1375.640625,T4,106,0.0,0.0
858,30,19.21,1375.640625,T4,103,0.0,0.0
859,30,19.26,1377.0703125,T4,103,0.0,0.0
860,30,19.26,1377.0703125,T4,103,0.0,0.0
861,30,19.327,1378.9609375,T4,103,0.0,0.0
862,30,19.327,1378.9609375,T4,102,0.0,0.0
863,30,19.377,1380.3515625,T4,102,0.0,0.0
864,30,19.377,1380.3515625,T4,101,0.0,0.0
865,30,19.427,1381.2578125,T4,101,0.0,0.0
866,30,19.427,1381.2578125,T4,100,0.0,0.0
867,30,19.477,1382.609375,T4,100,0.0,0.0
868,30,19.477,1382.609375,T4,99,0.0,0.0
869,30,19.51,1383.921875,T4,99,0.0,0.0
870,30,19.51,1383.921875,T4,98,0.0,0.0
871,30,19.56,1385.2109375,T4,98,0.0,0.0
872,30,19.56,1385.2109375,T4,97,0.0,0.0
873,30,19.627,1386.875,T4,97,0.0,0.0
874,30,19.627,1386.875,T4,96,0.0,0.0
875,30,19.677,1387.6796875,T4,96,0.0,0.0
876,30,19.677,1387.6796875,T4,95,0.0,0.0
877,30,19.727,1388.8671875,T4,95,0.0,0.0
878,30,19.727,1388.8671875,T4,94,0.0,0.0
879,30,19.777,1390.0078125,T4,94,0.0,0.0
880,30,19.777,1390.0078125,T4,93,0.0,0.0
881,30,19.81,1391.1953125,T4,93,0.0,0.0
882,30,19.81,1391.1953125,T4,92,0.0,0.0
883,30,19.86,1392.4453125,T4,92,0.0,0.0
884,30,19.86,1392.4453125,T4,91,0.0,0.0
885,30,19.91,1393.703125,T4,91,0.0,0.0
886,30,19.91,1393.703125,T4,90,0.0,0.0
887,30,19.96,1394.9921875,T4,90,0.0,0.0
888,30,19.96,1394.9921875,T4,89,0.0,0.0
889,30,20.027,1396.78125,T4,89,0.0,0.0
890,30,20.027,1396.78125,T4,87,0.0,0.0
891,30,20.077,1398.203125,T4,87,0.0,0.0
892,30,20.077,1398.203125,T4,86,0.0,0.0
893,30,20.127,1399.203125,T4,86,0.0,0.0
894,30,20.127,1399.203125,T4,85,0.0,0.0
895,30,20.177,1400.8046875,T4,85,0.0,0.0
896,30,20.177,1400.8046875,T4,83,0.0,0.0
897,30,20.227,1402.5546875,T4,83,0.0,0.0
898,30,20.227,1402.5546875,T4,82,0.0,0.0
899,30,20.277,1404.53125,T4,82,0.0,0.0
900,30,20.277,1404.53125,T4,81,0.0,0.0
901,30,20.31,1406.828125,T4,81,0.0,0.0
902,30,20.31,1406.828125,T4,79,0.0,0.0
903,30,20.36,1408.734375,T4,79,0.0,0.0
904,30,20.36,1408.734375,T4,78,0.0,0.0
905,30,20.41,1410.3828125,T4,78,0.0,0.0
906,30,20.41,1410.3828125,T4,77,0.0,0.0
907,30,20.477,1412.2890625,T4,77,0.0,0.0
908,30,20.477,1412.2890625,T4,75,0.0,0.0
909,30,20.527,1413.15625,T4,75,0.0,0.0
910,30,20.527,1413.15625,T4,74,0.06666667014360428,0.0
911,30,20.56,1414.375,T4,74,0.06666667014360428,0.0
912,30,20.56,1414.375,T4,73,0.0941176488995552,0.0
913,30,20.61,1415.5234375,T4,73,0.0941176488995552,0.0
914,30,20.61,1415.5234375,T4,72,0.12156862765550613,0.0
915,30,20.66,1416.640625,T4,72,0.12156862765550613,0.0
916,30,20.66,1416.640625,T4,71,0.18039216101169586,0.0
917,30,20.71,1417.7265625,T4,71,0.18039216101169586,0.0
918,30,20.71,1417.7265625,T4,70,0.23137255012989044,0.0
919,30,20.777,1419.1796875,T4,70,0.23137255012989044,0.0
920,30,20.777,1419.1796875,T4,70,0.3176470696926117,0.0
921,30,20.827,1419.921875,T4,70,0.3176470696926117,0.0
922,30,20.827,1419.921875,T4,70,0.3333333432674408,0.0
923,30,20.877,1420.9140625,T4,70,0.3333333432674408,0.0
924,30,20.877,1420.9140625,T4,71,0.3843137323856354,0.0
925,30,20.91,1421.796875,T4,71,0.3843137323856354,0.0
926,30,20.91,1421.796875,T4,71,0.45098039507865906,0.0
927,30,20.977,1423.015625,T4,71,0.45098039507865906,0.0
928,30,20.977,1423.015625,T4,72,0.4627451002597809,0.0
929,30,21.027,1423.6484375,T4,72,0.4627451002597809,0.0
930,30,21.027,1423.6484375,T4,72,0.48235294222831726,0.0
931,30,21.06,1424.609375,T4,72,0.48235294222831726,0.0
932,30,21.06,1424.609375,T4,73,0.5098039507865906,0.0
933,30,21.127,1425.9296875,T4,73,0.5098039507865906,0.0
934,30,21.127,1425.9296875,T4,75,0.5372549295425415,0.0
935,30,21.177,1426.6171875,T4,75,0.5372549295425415,0.0
936,30,21.177,1426.6171875,T4,76,0.5490196347236633,0.0
937,30,21.21,1427.65625,T4,76,0.5490196347236633,0.0
938,30,21.21,1427.65625,T4,78,0.572549045085907,0.0
939,30,21.277,1429.09375,T4,78,0.572549045085907,0.0
940,30,21.277,1429.09375,T4,80,0.5803921818733215,0.0
941,30,21.327,1429.8359375,T4,80,0.5803921818733215,0.0
942,30,21.327,1429.8359375,T4,81,0.5921568870544434,0.0
943,30,21.36,1430.9609375,T4,81,0.5921568870544434,0.0
944,30,21.36,1430.9609375,T4,83,0.6000000238418579,0.0
945,30,21.427,1432.515625,T4,83,0.6000000238418579,0.0
946,30,21.427,1432.515625,T4,86,0.6078431606292725,0.0
947,30,21.477,1433.3046875,T4,86,0.6078431606292725,0.0
948,30,21.477,1433.3046875,T4,87,0.615686297416687,0.0
949,30,21.51,1434.515625,T4,87,0.615686297416687,0.0
950,30,21.51,1434.515625,T4,88,0.6196078658103943,0.0
951,30,21.577,1436.1640625,T4,88,0.6196078658103943,0.0
952,30,21.577,1436.1640625,T4,90,0.6235294342041016,0.0
953,30,21.627,1437.0,T4,90,0.6235294342041016,0.0
954,30,21.627,1437.0,T4,91,0.6235294342041016,0.0
955,30,21.66,1438.28125,T4,91,0.6235294342041016,0.0
956,30,21.66,1438.28125,T4,93,0.6274510025978088,0.0
957,30,21.727,1440.015625,T4,93,0.6274510025978088,0.0
958,30,21.727,1440.015625,T4,95,0.6392157077789307,0.0
959,30,21.777,1440.8984375,T4,95,0.6392157077789307,0.0
960,30,21.777,1440.8984375,T4,96,0.6470588445663452,0.0
961,30,21.827,1442.6953125,T4,96,0.6470588445663452,0.0
962,30,21.827,1442.6953125,T4,98,0.686274528503418,0.0
963,30,21.877,1443.6015625,T4,98,0.686274528503418,0.0
964,30,21.877,1443.6015625,T4,99,0.7215686440467834,0.0
965,30,21.927,1444.9921875,T4,99,0.7215686440467834,0.0
966,30,21.927,1444.9921875,T4,101,0.7529411911964417,0.0
967,30,21.96,1446.40625,T4,101,0.7529411911964417,0.0
968,30,21.96,1446.40625,T4,103,0.7843137383460999,0.0
969,30,22.027,1447.84375,T4,103,0.7843137383460999,0.0
970,30,22.027,1447.84375,T4,105,0.8235294222831726,0.0
971,30,22.077,1449.3203125,T4,105,0.8235294222831726,0.0
972,30,22.077,1449.3203125,T4,107,0.8666666746139526,0.0
973,30,22.127,1451.328125,T4,107,0.8666666746139526,0.0
974,30,22.127,1451.328125,T4,110,0.95686274766922,0.0
975,30,22.177,1452.359375,T4,110,0.95686274766922,0.0
976,30,22.177,1452.359375,T4,112,1.0,0.0
977,30,22.21,1453.921875,T4,112,1.0,0.0
978,30,22.21,1453.921875,T4,114,1.0,0.0
979,30,22.277,1456.0703125,T4,114,1.0,0.0
980,30,22.277,1456.0703125,T4,117,1.0,0.0
981,30,22.327,1457.15625,T4,117,1.0,0.0
982,30,22.327,1457.15625,T4,119,1.0,0.0
983,30,22.36,1458.8203125,T4,119,1.0,0.0
984,30,22.36,1458.8203125,T4,121,1.0,0.0
985,30,22.427,1461.0859375,T4,121,1.0,0.0
986,30,22.427,1461.0859375,T4,124,1.0,0.0
987,30,22.477,1462.234375,T4,124,1.0,0.0
988,30,22.477,1462.234375,T4,125,1.0,0.0
989,30,22.527,1464.5703125,T4,125,1.0,0.0
990,30,22.527,1464.5703125,T4,128,1.0,0.0
991,30,22.577,1465.7578125,T4,128,1.0,0.0
992,30,22.577,1465.7578125,T4,129,1.0,0.0
993,30,22.627,1468.1640625,T4,129,1.0,0.0
994,30,22.627,1468.1640625,T4,132,1.0,0.0
995,30,22.677,1469.390625,T4,132,1.0,0.0
996,30,22.677,1469.390625,T4,134,1.0,0.0
997,30,22.71,1471.2578125,T4,134,1.0,0.0
998,30,22.71,1471.2578125,T4,136,1.0,0.0
999,30,22.777,1473.15625,T4,136,1.0,0.0
1000,30,22.777,1473.15625,T4,139,1.0,0.0
1001,30,22.827,1475.0859375,T4,139,1.0,0.0
1002,30,22.827,1475.0859375,T4,141,1.0,0.0
1003,30,22.877,1477.7109375,T4,141,1.0,0.0
1004,30,22.877,1477.7109375,T4,145,1.0,0.0
1005,30,22.927,1479.0546875,T4,145,1.0,0.0
1006,30,22.927,1479.0546875,T4,147,1.0,0.0
1007,30,22.977,1481.7734375,T4,147,1.0,0.0
1008,30,22.977,1481.7734375,T4,150,1.0,0.0
1009,30,23.027,1483.15625,T4,150,1.0,0.0
1010,30,23.027,1483.15625,T4,151,1.0,0.0
1011,30,23.077,1485.9609375,T4,151,1.0,0.0
1012,30,23.077,1485.9609375,T4,154,1.0,0.0
1013,30,23.127,1487.3828125,T4,154,1.0,0.0
1014,30,23.127,1487.3828125,T4,156,1.0,0.0
1015,30,23.177,1490.2734375,T4,156,1.0,0.0
1016,30,23.177,1490.2734375,T4,158,1.0,0.0
1017,30,23.227,1491.734375,T4,158,1.0,0.0
1018,30,23.227,1491.734375,T4,159,1.0,0.0
1019,30,23.277,1494.703125,T4,159,1.0,0.0
1020,30,23.277,1494.703125,T4,162,1.0,0.0
1021,30,23.327,1496.2109375,T4,162,1.0,0.0
1022,30,23.327,1496.2109375,T4,163,1.0,0.0
1023,30,23.377,1498.5,T4,163,1.0,0.0
1024,30,23.377,1498.5,T4,165,1.0,0.0
1025,30,23.427,1501.609375,T4,165,1.0,0.0
1026,30,23.427,1501.609375,T4,169,1.0,0.0
1027,30,23.477,1503.1796875,T4,169,1.0,0.0
1028,30,23.477,1503.1796875,T4,170,1.0,0.0
1029,30,23.51,1505.5703125,T4,170,1.0,0.0
1030,30,23.51,1505.5703125,T4,172,1.0,0.0
1031,30,23.577,1507.9765625,T4,172,1.0,0.0
1032,30,23.577,1507.9765625,T4,174,1.0,0.0
1033,30,23.627,1510.4140625,T4,174,1.0,0.0
1034,30,23.627,1510.4140625,T4,176,1.0,0.0
1035,30,23.66,1512.8828125,T4,176,1.0,0.0
1036,30,23.66,1512.8828125,T4,178,1.0,0.0
1037,30,23.71,1515.375,T4,178,1.0,0.0
1038,30,23.71,1515.375,T4,180,1.0,0.0
1039,30,23.777,1518.75,T4,180,1.0,0.0
1040,30,23.777,1518.75,T4,183,1.0,0.0
1041,30,23.827,1520.453125,T4,183,1.0,0.0
1042,30,23.827,1520.453125,T4,184,1.0,0.0
1043,30,23.877,1523.03125,T4,184,1.0,0.0
1044,30,23.877,1523.03125,T4,186,1.0,0.0
1045,30,23.91,1525.6328125,T4,186,1.0,0.0
1046,30,23.91,1525.6328125,T4,188,1.0,0.0
1047,30,23.977,1529.140625,T4,188,1.0,0.0
1048,30,23.977,1529.140625,T4,190,1.0,0.0
1049,30,24.027,1530.9140625,T4,190,1.0,0.0
1050,30,24.027,1530.9140625,T4,191,1.0,0.0
1051,30,24.06,1533.59375,T4,191,1.0,0.0
1052,30,24.06,1533.59375,T4,193,1.0,0.0
1053,30,24.11,1536.296875,T4,193,1.0,0.0
1054,30,24.11,1536.296875,T4,195,1.0,0.0
1055,30,24.177,1539.9453125,T4,195,1.0,0.0
1056,30,24.177,1539.9453125,T4,197,1.0,0.0
1057,30,24.227,1541.78125,T4,197,1.0,0.0
1058,30,24.227,1541.78125,T4,198,1.0,0.0
1059,30,24.26,1544.5546875,T4,198,1.0,0.0
1060,30,24.26,1544.5546875,T4,200,1.0,0.0
1061,30,24.327,1548.3046875,T4,200,1.0,0.0
1062,30,24.327,1548.3046875,T4,203,1.0,0.0
1063,30,24.377,1550.1953125,T4,203,1.0,0.0
1064,30,24.377,1550.1953125,T4,204,1.0,0.0
1065,30,24.427,1553.046875,T4,204,1.0,0.0
1066,30,24.427,1553.046875,T4,206,1.0,0.0
1067,30,24.46,1555.9296875,T4,206,1.0,0.0
1068,30,24.46,1555.9296875,T4,208,1.0,0.0
1069,30,24.527,1559.8203125,T4,208,1.0,0.0
1070,30,24.527,1559.8203125,T4,210,1.0,0.0
1071,30,24.577,1561.7734375,T4,210,1.0,0.0
1072,30,24.577,1561.7734375,T4,211,1.0,0.0
1073,30,24.61,1564.734375,T4,211,1.0,0.0
1074,30,24.61,1564.734375,T4,213,1.0,0.0
1075,30,24.677,1567.7109375,T4,213,1.0,0.0
1076,30,24.677,1567.7109375,T4,215,1.0,0.0
1077,30,24.727,1570.7109375,T4,215,1.0,0.0
1078,30,24.727,1570.7109375,T4,216,1.0,0.0
1079,30,24.777,1574.7421875,T4,216,1.0,0.0
1080,30,24.777,1574.7421875,T4,218,1.0,0.0
1081,30,24.827,1576.7734375,T4,218,1.0,0.0
1082,30,24.827,1576.7734375,T4,219,1.0,0.0
1083,30,24.877,1579.8359375,T4,219,1.0,0.0
1084,30,24.877,1579.8359375,T4,221,1.0,0.0
1085,30,24.91,1582.921875,T4,221,1.0,0.0
1086,30,24.91,1582.921875,T4,223,1.0,0.0
1087,30,24.977,1587.0625,T4,223,1.0,0.0
1088,30,24.977,1587.0625,T4,224,1.0,0.0
1089,30,25.027,1589.1484375,T4,224,1.0,0.0
1090,30,25.027,1589.1484375,T4,225,1.0,0.0
1091,30,25.06,1592.296875,T4,225,1.0,0.0
1092,30,25.06,1592.296875,T4,227,1.0,0.0
1093,30,25.127,1596.5234375,T4,227,1.0,0.0
1094,30,25.127,1596.5234375,T4,229,1.0,0.0
1095,30,25.177,1598.6484375,T4,229,1.0,0.0
1096,30,25.177,1598.6484375,T4,230,1.0,0.0
1097,30,25.21,1601.8515625,T4,230,1.0,0.0
1098,30,25.21,1601.8515625,T4,231,1.0,0.0
1099,30,25.277,1606.15625,T4,231,1.0,0.0
1100,30,25.277,1606.15625,T4,233,1.0,0.0
1101,30,25.327,1608.3203125,T4,233,1.0,0.0
1102,30,25.327,1608.3203125,T4,234,1.0,0.0
1103,30,25.377,1611.5859375,T4,234,1.0,0.0
1104,30,25.377,1611.5859375,T4,235,1.0,0.0
1105,30,25.41,1614.8671875,T4,235,1.0,0.0
1106,30,25.41,1614.8671875,T4,237,1.0,0.0
1107,30,25.477,1619.2734375,T4,237,1.0,0.0
1108,30,25.477,1619.2734375,T4,239,1.0,0.0
1109,30,25.527,1621.4921875,T4,239,1.0,0.0
1110,30,25.527,1621.4921875,T4,240,1.0,0.0
1111,30,25.577,1624.8359375,T4,240,1.0,0.0
1112,30,25.577,1624.8359375,T4,241,1.0,0.0
1113,30,25.61,1628.203125,T4,241,1.0,0.0
1114,30,25.61,1628.203125,T4,243,1.0,0.0
1115,30,25.66,1631.5859375,T4,243,1.0,0.0
1116,30,25.66,1631.5859375,T4,244,1.0,0.0
1117,30,25.71,1634.984375,T4,244,1.0,0.0
1118,30,25.71,1634.984375,T4,245,1.0,0.0
1119,30,25.777,1639.5390625,T4,245,1.0,0.0
1120,30,25.777,1639.5390625,T4,247,1.0,0.0
1121,30,25.827,1641.8359375,T4,247,1.0,0.0
1122,30,25.827,1641.8359375,T4,248,1.0,0.0
1123,30,25.877,1645.2890625,T4,248,1.0,0.0
1124,30,25.877,1645.2890625,T4,249,1.0,0.0
1125,30,25.91,1648.7578125,T4,249,1.0,0.0
1126,30,25.91,1648.7578125,T4,251,1.0,0.0
1127,30,25.96,1652.2421875,T4,251,1.0,0.0
1128,30,25.96,1652.2421875,T4,252,1.0,0.0
1129,30,26.027,1656.921875,T4,252,1.0,0.0
1130,30,26.027,1656.921875,T4,253,1.0,0.0
1131,30,26.077,1659.2734375,T4,253,1.0,0.0
1132,30,26.077,1659.2734375,T4,254,1.0,0.0
1133,30,26.127,1662.8125,T4,254,1.0,0.0
1134,30,26.127,1662.8125,T4,255,1.0,0.0
1135,30,26.16,1666.3671875,T4,255,1.0,0.0
1136,30,26.16,1666.3671875,T4,257,1.0,0.0
1137,30,26.227,1671.1328125,T4,257,1.0,0.0
1138,30,26.227,1671.1328125,T4,258,1.0,0.0
1139,30,26.277,1673.53125,T4,258,1.0,0.0
1140,30,26.277,1673.53125,T4,259,1.0,0.0
1141,30,26.327,1677.1328125,T4,259,1.0,0.0
1142,30,26.327,1677.1328125,T4,260,1.0,0.0
1143,30,26.36,1680.7578125,T4,260,1.0,0.0
1144,30,26.36,1680.7578125,T4,261,1.0,0.0
1145,30,26.41,1684.390625,T4,261,1.0,0.0
1146,30,26.41,1684.390625,T4,262,1.0,0.0
1147,30,26.477,1689.2578125,T4,262,1.0,0.0
1148,30,26.477,1689.2578125,T4,263,1.0,0.0
1149,30,26.527,1691.703125,T4,263,1.0,0.0
1150,30,26.527,1691.703125,T4,264,1.0,0.0
1151,30,26.56,1695.3828125,T4,264,1.0,0.0
1152,30,26.56,1695.3828125,T4,265,1.0,0.0
1153,30,26.627,1700.3046875,T4,265,1.0,0.0
1154,30,26.627,1700.3046875,T4,266,1.0,0.0
1155,30,26.677,1702.7734375,T4,266,1.0,0.0
1156,30,26.677,1702.7734375,T4,267,1.0,0.0
1157,30,26.727,1706.4921875,T4,267,1.0,0.0
1158,30,26.727,1706.4921875,T4,268,1.0,0.0
1159,30,26.76,1710.21875,T4,268,1.0,0.0
1160,30,26.76,1710.21875,T4,269,1.0,0.0
1161,30,26.81,1713.9609375,T4,269,1.0,0.0
1162,30,26.81,1713.9609375,T4,270,1.0,0.0
1163,30,26.86,1717.7265625,T4,270,1.0,0.0
1164,30,26.86,1717.7265625,T4,271,1.0,0.0
1165,30,26.927,1722.75,T4,271,1.0,0.0
1166,30,26.927,1722.75,T4,272,1.0,0.0
1167,30,26.977,1725.28125,T4,272,1.0,0.0
1168,30,26.977,1725.28125,T4,273,1.0,0.0
1169,30,27.027,1729.0859375,T4,273,1.0,0.0
1170,30,27.027,1729.0859375,T4,274,1.0,0.0
1171,30,27.06,1732.8984375,T4,274,1.0,0.0
1172,30,27.06,1732.8984375,T4,275,1.0,0.0
1173,30,27.127,1738.015625,T4,275,1.0,0.0
1174,30,27.127,1738.015625,T4,276,1.0,0.0
1175,30,27.177,1740.578125,T4,276,1.0,0.0
1176,30,27.177,1740.578125,T4,277,1.0,0.0
1177,30,27.227,1744.4375,T4,277,1.0,0.0
1178,30,27.227,1744.4375,T4,278,1.0,0.0
1179,30,27.26,1748.3046875,T4,278,1.0,0.0
1180,30,27.26,1748.3046875,T4,279,1.0,0.0
1181,30,27.327,1753.484375,T4,279,1.0,0.0
1182,30,27.327,1753.484375,T4,280,1.0,0.0
1183,30,27.377,1756.0859375,T4,280,1.0,0.0
1184,30,27.377,1756.0859375,T4,280,1.0,0.0
1185,30,27.41,1759.9921875,T4,280,1.0,0.0
1186,30,27.41,1759.9921875,T4,281,1.0,0.0
1187,30,27.477,1765.21875,T4,281,1.0,0.0
1188,30,27.477,1765.21875,T4,282,1.0,0.0
1189,30,27.527,1767.8359375,T4,282,1.0,0.0
1190,30,27.527,1767.8359375,T4,283,1.0,0.0
1191,30,27.56,1771.78125,T4,283,1.0,0.0
1192,30,27.56,1771.78125,T4,284,1.0,0.0
1193,30,27.627,1777.0546875,T4,284,1.0,0.0
1194,30,27.627,1777.0546875,T4,285,1.0,0.0
1195,30,27.677,1779.703125,T4,285,1.0,0.0
1196,30,27.677,1779.703125,T4,285,1.0,0.0
1197,30,27.71,1783.6796875,T4,285,1.0,0.0
1198,30,27.71,1783.6796875,T4,286,1.0,0.0
1199,30,27.777,1787.6640625,T4,286,1.0,0.0
1200,30,27.777,1787.6640625,T4,287,1.0,0.0
1201,30,27.827,1791.6640625,T4,287,1.0,0.0
1202,30,27.827,1791.6640625,T4,288,1.0,0.0
1203,30,27.877,1797.0078125,T4,288,1.0,0.0
1204,30,27.877,1797.0078125,T4,289,1.0,0.0
1205,30,27.927,1799.6875,T4,289,1.0,0.0
1206,30,27.927,1799.6875,T4,289,1.0,0.0
1207,30,27.96,1803.71875,T4,289,1.0,0.0
1208,30,27.96,1803.71875,T4,290,1.0,0.0
1209,30,28.027,1807.7578125,T4,290,1.0,0.0
1210,30,28.027,1807.7578125,T4,291,1.0,0.0
1211,30,28.06,1811.8046875,T4,291,1.0,0.0
1212,30,28.06,1811.8046875,T4,292,1.0,0.0
1213,30,28.127,1817.21875,T4,292,1.0,0.0
1214,30,28.127,1817.21875,T4,292,1.0,0.0
1215,30,28.177,1819.9375,T4,292,1.0,0.0
1216,30,28.177,1819.9375,T4,293,1.0,0.0
1217,30,28.227,1825.375,T4,293,1.0,0.0
1218,30,28.227,1825.375,T4,294,1.0,0.0
1219,30,28.277,1828.1015625,T4,294,1.0,0.0
1220,30,28.277,1828.1015625,T4,294,1.0,0.0
1221,30,28.327,1833.5703125,T4,294,1.0,0.0
1222,30,28.327,1833.5703125,T4,295,1.0,0.0
1223,30,28.377,1836.3125,T4,295,1.0,0.0
1224,30,28.377,1836.3125,T4,295,1.0,0.0
1225,30,28.427,1841.796875,T4,295,1.0,0.0
1226,30,28.427,1841.796875,T4,296,1.0,0.0
1227,30,28.477,1844.546875,T4,296,1.0,0.0
1228,30,28.477,1844.546875,T4,296,1.0,0.0
1229,30,28.51,1848.671875,T4,296,1.0,0.0
1230,30,28.51,1848.671875,T4,297,1.0,0.0
1231,30,28.577,1854.1796875,T4,297,1.0,0.0
1232,30,28.577,1854.1796875,T4,298,1.0,0.0
1233,30,28.627,1856.9375,T4,298,1.0,0.0
1234,30,28.627,1856.9375,T4,298,1.0,0.0
1235,30,28.66,1861.0859375,T4,298,1.0,0.0
1236,30,28.66,1861.0859375,T4,299,1.0,0.0
1237,30,28.727,1866.625,T4,299,1.0,0.0
1238,30,28.727,1866.625,T4,299,1.0,0.0
1239,30,28.777,1869.3984375,T4,299,1.0,0.0
1240,30,28.777,1869.3984375,T4,300,1.0,0.0
1241,30,28.81,1873.5703125,T4,300,1.0,0.0
1242,30,28.81,1873.5703125,T4,300,1.0,0.0
1243,30,28.877,1879.1484375,T4,300,1.0,0.0
1244,30,28.877,1879.1484375,T4,301,1.0,0.0
1245,30,28.927,1881.9375,T4,301,1.0,0.0
1246,30,28.927,1881.9375,T4,302,1.0,0.0
1247,30,28.96,1886.140625,T4,302,1.0,0.0
1248,30,28.96,1886.140625,T4,302,1.0,0.0
1249,30,29.027,1891.75,T4,302,1.0,0.0
1250,30,29.027,1891.75,T4,303,1.0,0.0
1251,30,29.077,1894.5625,T4,303,1.0,0.0
1252,30,29.077,1894.5625,T4,304,1.0,0.0
1253,30,29.11,1898.78125,T4,304,1.0,0.0
1254,30,29.11,1898.78125,T4,304,1.0,0.0
1255,30,29.177,1904.4296875,T4,304,1.0,0.0
1256,30,29.177,1904.4296875,T4,305,1.0,0.0
1257,30,29.227,1907.2578125,T4,305,1.0,0.0
1258,30,29.227,1907.2578125,T4,305,1.0,0.0
1259,30,29.277,1911.5234375,T4,305,1.0,0.0
1260,30,29.277,1911.5234375,T4,306,1.0,0.0
1261,30,29.31,1915.7890625,T4,306,1.0,0.0
1262,30,29.31,1915.7890625,T4,306,1.0,0.0
1263,30,29.377,1921.4921875,T4,306,1.0,0.0
1264,30,29.377,1921.4921875,T4,307,1.0,0.0
1265,30,29.427,1925.78125,T4,307,1.0,0.0
1266,30,29.427,1925.78125,T4,308,1.0,0.0
1267,30,29.477,1928.6484375,T4,308,1.0,0.0
1268,30,29.477,1928.6484375,T4,308,1.0,0.0
1269,30,29.527,1932.9453125,T4,308,1.0,0.0
1270,30,29.527,1932.9453125,T4,309,1.0,0.0
1271,30,29.577,1937.2578125,T4,309,1.0,0.0
1272,30,29.577,1937.2578125,T4,309,1.0,0.0
1273,30,29.627,1941.5703125,T4,309,1.0,0.0
1274,30,29.627,1941.5703125,T4,310,1.0,0.0
1275,30,29.66,1945.8984375,T4,310,1.0,0.0
1276,30,29.66,1945.8984375,T4,310,1.0,0.0
1277,30,29.71,1950.2265625,T4,310,1.0,0.0
1278,30,29.71,1950.2265625,T4,311,1.0,0.0
1279,30,29.777,1956.0234375,T4,311,1.0,0.0
1280,30,29.777,1956.0234375,T4,311,1.0,0.0
1281,30,29.827,1958.921875,T4,311,1.0,0.0
1282,30,29.827,1958.921875,T4,312,1.0,0.0
1283,30,29.877,1963.28125,T4,312,1.0,0.0
1284,30,29.877,1963.28125,T4,312,1.0,0.0
1285,30,29.91,1967.6484375,T4,312,1.0,0.0
1286,30,29.91,1967.6484375,T4,313,1.0,0.0
1287,30,29.96,1972.0234375,T4,313,1.0,0.0
1288,30,29.96,1972.0234375,T4,313,1.0,0.0
1289,30,30.027,1977.8671875,T4,313,1.0,0.0
1290,30,30.027,1977.8671875,T4,314,1.0,0.0
1291,30,30.077,1980.796875,T4,314,1.0,0.0
1292,30,30.077,1980.796875,T4,314,1.0,0.0
1293,30,30.127,1985.1875,T4,314,1.0,0.0
1294,30,30.127,1985.1875,T4,314,1.0,0.0
1295,30,30.16,1989.5859375,T4,314,1.0,0.0
1296,30,30.16,1989.5859375,T4,315,1.0,0.0
1297,30,30.21,1993.9921875,T4,315,1.0,0.0
1298,30,30.21,1993.9921875,T4,315,1.0,0.0
1299,30,30.277,1999.875,T4,315,1.0,0.0
1300,30,30.277,1999.875,T4,316,1.0,0.0
1301,30,30.327,2002.8203125,T4,316,1.0,0.0
1302,30,30.327,2002.8203125,T4,316,1.0,0.0
1303,30,30.377,2007.2421875,T4,316,1.0,0.0
1304,30,30.377,2007.2421875,T4,317,1.0,0.0
1305,30,30.427,2011.6640625,T4,317,1.0,0.0
1306,30,30.427,2011.6640625,T4,317,1.0,0.0
1307,30,30.46,2016.1015625,T4,317,1.0,0.0
1308,30,30.46,2016.1015625,T4,317,1.0,0.0
1309,30,30.51,2020.5390625,T4,317,1.0,0.0
1310,30,30.51,2020.5390625,T4,318,1.0,0.0
1311,30,30.56,2024.984375,T4,318,1.0,0.0
1312,30,30.56,2024.984375,T4,318,1.0,0.0
1313,30,30.627,2030.9140625,T4,318,1.0,0.0
1314,30,30.627,2030.9140625,T4,319,1.0,0.0
1315,30,30.66,2033.890625,T4,319,1.0,0.0
1316,30,30.66,2033.890625,T4,319,1.0,0.0
1317,30,30.71,2038.3515625,T4,319,1.0,0.0
1318,30,30.71,2038.3515625,T4,320,1.0,0.0
1319,30,30.777,2044.3046875,T4,320,1.0,0.0
1320,30,30.777,2044.3046875,T4,320,1.0,0.0
1321,30,30.827,2047.28125,T4,320,1.0,0.0
1322,30,30.827,2047.28125,T4,320,1.0,0.0
1323,30,30.877,2051.7421875,T4,320,1.0,0.0
1324,30,30.877,2051.7421875,T4,321,1.0,0.0
1325,30,30.927,2056.203125,T4,321,1.0,0.0
1326,30,30.927,2056.203125,T4,321,1.0,0.0
1327,30,30.96,2060.6796875,T4,321,1.0,0.0
1328,30,30.96,2060.6796875,T4,321,1.0,0.0
1329,30,31.01,2065.15625,T4,321,1.0,0.0
1330,30,31.01,2065.15625,T4,322,1.0,0.0
1331,30,31.06,2069.625,T4,322,1.0,0.0
1332,30,31.06,2069.625,T4,319,0.027450980618596077,1.0
1333,30,31.11,2074.015625,T4,319,0.027450980618596077,1.0
1334,30,31.11,2074.015625,T4,312,0.0,1.0
1335,30,31.16,2078.296875,T4,312,0.0,1.0
1336,30,31.16,2078.296875,T4,305,0.0,1.0
1337,30,31.227,2083.859375,T4,305,0.0,1.0
1338,30,31.227,2083.859375,T4,295,0.0,1.0
1339,30,31.277,2086.5703125,T4,295,0.0,1.0
1340,30,31.277,2086.5703125,T4,290,0.0,1.0
1341,30,31.327,2090.5625,T4,290,0.0,1.0
1342,30,31.327,2090.5625,T4,283,0.0,1.0
1343,30,31.377,2094.4609375,T4,283,0.0,1.0
1344,30,31.377,2094.4609375,T4,277,0.0,1.0
1345,30,31.41,2098.265625,T4,277,0.0,1.0
1346,30,31.41,2098.265625,T4,270,0.0,1.0
1347,30,31.46,2101.9765625,T4,270,0.0,1.0
1348,30,31.46,2101.9765625,T4,263,0.0,1.0
1349,30,31.51,2105.59375,T4,263,0.0,1.0
1350,30,31.51,2105.59375,T4,257,0.0,1.0
1351,30,31.56,2109.1171875,T4,257,0.0,1.0
1352,30,31.56,2109.1171875,T4,250,0.0,1.0
1353,30,31.61,2112.5390625,T4,250,0.0,1.0
1354,30,31.61,2112.5390625,T4,243,0.0,1.0
1355,30,31.677,2115.875,T4,243,0.0,1.0
1356,30,31.677,2115.875,T4,237,0.0,1.0
1357,30,31.727,2119.1328125,T4,237,0.0,1.0
1358,30,31.727,2119.1328125,T4,231,0.0,1.0
1359,30,31.76,2122.3046875,T4,231,0.0,1.0
1360,30,31.76,2122.3046875,T4,225,0.0,1.0
1361,30,31.81,2125.3828125,T4,225,0.0,1.0
1362,30,31.81,2125.3828125,T4,218,0.0,1.0
1363,30,31.86,2128.375,T4,218,0.0,1.0
1364,30,31.86,2128.375,T4,212,0.0,0.9479820728302002
1365,30,31.91,2131.28125,T4,212,0.0,0.9479820728302002
1366,30,31.91,2131.28125,T4,206,0.0,0.844005823135376
1367,30,31.96,2134.109375,T4,206,0.0,0.844005823135376
1368,30,31.96,2134.109375,T4,201,0.0,0.7872371673583984
1369,30,32.01,2136.875,T4,201,0.0,0.7872371673583984
1370,30,32.01,2136.875,T4,196,0.0,0.7872371673583984
1371,30,32.06,2139.578125,T4,196,0.0,0.7872371673583984
1372,30,32.06,2139.578125,T4,192,0.0,0.7872371673583984
1373,30,32.11,2142.2109375,T4,192,0.0,0.7872371673583984
1374,30,32.11,2142.2109375,T4,187,0.0,0.7872371673583984
1375,30,32.16,2144.78125,T4,187,0.0,0.7872371673583984
1376,30,32.16,2144.78125,T4,182,0.0,0.7872371673583984
1377,30,32.21,2147.2734375,T4,182,0.0,0.7872371673583984
1378,30,32.21,2147.2734375,T4,177,0.0,0.792298436164856
1379,30,32.26,2149.7109375,T4,177,0.0,0.792298436164856
1380,30,32.26,2149.7109375,T4,172,0.0,0.792298436164856
1381,30,32.31,2152.0859375,T4,172,0.0,0.792298436164856
1382,30,32.31,2152.0859375,T4,169,0.0,0.7872371673583984
1383,30,32.36,2154.3984375,T4,169,0.0,0.7872371673583984
1384,30,32.36,2154.3984375,T4,164,0.0,0.7872371673583984
1385,30,32.427,2156.6484375,T4,164,0.0,0.7872371673583984
1386,30,32.427,2156.6484375,T4,160,0.0,0.6622377634048462
1387,30,32.477,2158.84375,T4,160,0.0,0.6622377634048462
1388,30,32.477,2158.84375,T4,156,0.0,0.5998443961143494
1389,30,32.527,2160.984375,T4,156,0.0,0.5998443961143494
1390,30,32.527,2160.984375,T4,152,0.0,0.5998443961143494
1391,30,32.577,2163.078125,T4,152,0.0,0.5998443961143494
1392,30,32.577,2163.078125,T4,148,0.0,0.5998443961143494
1393,30,32.627,2165.1171875,T4,148,0.0,0.5998443961143494
1394,30,32.627,2165.1171875,T4,145,0.0,0.5998443961143494
1395,30,32.677,2167.1015625,T4,145,0.0,0.5998443961143494
1396,30,32.677,2167.1015625,T4,141,0.0,0.44550621509552
1397,30,32.727,2169.046875,T4,141,0.0,0.44550621509552
1398,30,32.727,2169.046875,T4,139,0.0,0.2142198085784912
1399,30,32.777,2170.9765625,T4,139,0.0,0.2142198085784912
1400,30,32.777,2170.9765625,T4,139,0.0,0.0058824741281569
1401,30,32.827,2172.90625,T4,139,0.0,0.0058824741281569
1402,30,32.827,2172.90625,T4,139,0.0,0.0
1403,30,32.877,2174.8203125,T4,139,0.0,0.0
1404,30,32.877,2174.8203125,T4,138,0.0,0.0
1405,30,32.927,2176.7265625,T4,138,0.0,0.0
1406,30,32.927,2176.7265625,T4,137,0.0,0.0
1407,30,32.977,2178.609375,T4,137,0.0,0.0
1408,30,32.977,2178.609375,T4,136,0.0,0.0
1409,30,33.027,2180.46875,T4,136,0.0,0.0
1410,30,33.027,2180.46875,T4,135,0.0,0.0
1411,30,33.077,2182.3046875,T4,135,0.0,0.0
1412,30,33.077,2182.3046875,T4,135,0.0,0.0
1413,30,33.127,2184.0859375,T4,135,0.0,0.0
1414,30,33.127,2184.0859375,T4,134,0.0,0.0
1415,30,33.177,2185.84375,T5,134,0.0,0.0
1416,30,33.177,2185.84375,T5,133,0.0,0.0
1417,30,33.227,2187.6015625,T5,133,0.0,0.0
1418,30,33.227,2187.6015625,T5,132,0.0,0.0
1419,30,33.277,2189.359375,T5,132,0.0,0.0
1420,30,33.277,2189.359375,T5,131,0.0,0.0
1421,30,33.31,2191.1171875,T5,131,0.0,0.0
1422,30,33.31,2191.1171875,T5,131,0.0,0.0
1423,30,33.36,2192.8828125,T5,131,0.0,0.0
1424,30,33.36,2192.8828125,T5,130,0.0,0.0
1425,30,33.427,2195.2421875,T5,130,0.0,0.0
1426,30,33.427,2195.2421875,T5,129,0.0,0.0
1427,30,33.477,2196.4296875,T5,129,0.0,0.0
1428,30,33.477,2196.4296875,T5,129,0.0,0.0
1429,30,33.527,2198.2265625,T5,129,0.0,0.0
1430,30,33.527,2198.2265625,T5,128,0.0,0.0
1431,30,33.56,2200.0234375,T5,128,0.0,0.0
1432,30,33.56,2200.0234375,T5,127,0.0,0.0
1433,30,33.61,2201.8515625,T5,127,0.0,0.0
1434,30,33.61,2201.8515625,T5,126,0.0,0.0
1435,30,33.66,2203.8828125,T5,126,0.0,0.0
1436,30,33.66,2203.8828125,T5,126,0.0,0.0
1437,30,33.71,2205.8828125,T5,126,0.0,0.0
1438,30,33.71,2205.8828125,T5,125,0.0,0.0
1439,30,33.76,2207.8359375,T5,125,0.0,0.0
1440,30,33.76,2207.8359375,T5,124,0.0,0.0
1441,30,33.827,2210.4140625,T5,124,0.0,0.0
1442,30,33.827,2210.4140625,T5,122,0.0,0.0
1443,30,33.877,2211.6875,T5,122,0.0,0.0
1444,30,33.877,2211.6875,T5,121,0.0,0.0
1445,30,33.927,2213.609375,T5,121,0.0,0.0
1446,30,33.927,2213.609375,T5,120,0.0,0.0
1447,30,33.977,2215.5390625,T5,120,0.0,0.0
1448,30,33.977,2215.5390625,T5,119,0.0,0.0
1449,30,34.01,2217.4921875,T5,119,0.0,0.0
1450,30,34.01,2217.4921875,T5,118,0.0,0.0
1451,30,34.06,2219.484375,T5,118,0.0,0.0
1452,30,34.06,2219.484375,T5,117,0.0,0.0
1453,30,34.11,2221.5,T5,117,0.0,0.0
1454,30,34.11,2221.5,T5,116,0.0,0.0
1455,30,34.177,2224.0625,T5,116,0.0,0.0
1456,30,34.177,2224.0625,T5,115,0.0,0.0
1457,30,34.227,2225.2890625,T5,115,0.0,0.0
1458,30,34.227,2225.2890625,T5,113,0.0,0.0
1459,30,34.277,2227.09375,T5,113,0.0,0.0
1460,30,34.277,2227.09375,T5,113,0.0,0.0
1461,30,34.327,2228.8671875,T5,113,0.0,0.0
1462,30,34.327,2228.8671875,T5,112,0.0,0.0
1463,30,34.36,2230.59375,T5,112,0.0,0.0
1464,30,34.36,2230.59375,T5,111,0.0,0.0
1465,30,34.41,2232.296875,T5,111,0.0,0.0
1466,30,34.41,2232.296875,T5,110,0.0,0.0
1467,30,34.477,2234.546875,T5,110,0.0,0.0
1468,30,34.477,2234.546875,T5,109,0.0,0.0
1469,30,34.527,2235.671875,T5,109,0.0,0.0
1470,30,34.527,2235.671875,T5,108,0.0,0.0
1471,30,34.56,2237.359375,T5,108,0.0,0.0
1472,30,34.56,2237.359375,T5,107,0.027450980618596077,0.0
1473,30,34.627,2239.625,T5,107,0.027450980618596077,0.0
1474,30,34.627,2239.625,T5,106,0.10196078568696976,0.0
1475,30,34.677,2240.71875,T5,106,0.10196078568696976,0.0
1476,30,34.677,2240.71875,T5,105,0.1725490242242813,0.0
1477,30,34.71,2242.296875,T5,105,0.1725490242242813,0.0
1478,30,34.71,2242.296875,T5,105,0.30980393290519714,0.0
1479,30,34.777,2243.828125,T5,105,0.30980393290519714,0.0
1480,30,34.777,2243.828125,T5,105,0.3490196168422699,0.0
1481,30,34.827,2245.3125,T5,105,0.3490196168422699,0.0
1482,30,34.827,2245.3125,T5,105,0.42352941632270813,0.0
1483,30,34.86,2246.78125,T5,105,0.42352941632270813,0.0
1484,30,34.86,2246.78125,T5,105,0.4470588266849518,0.0
1485,30,34.927,2248.2265625,T5,105,0.4470588266849518,0.0
1486,30,34.927,2248.2265625,T5,106,0.4588235318660736,0.0
1487,30,34.977,2249.65625,T5,106,0.4588235318660736,0.0
1488,30,34.977,2249.65625,T5,107,0.48235294222831726,0.0
1489,30,35.027,2251.5546875,T5,107,0.48235294222831726,0.0
1490,30,35.027,2251.5546875,T5,108,0.5098039507865906,0.0
1491,30,35.077,2252.5078125,T5,108,0.5098039507865906,0.0
1492,30,35.077,2252.5078125,T5,108,0.5137255191802979,0.0
1493,30,35.127,2254.3984375,T5,108,0.5137255191802979,0.0
1494,30,35.127,2254.3984375,T5,109,0.5098039507865906,0.0
1495,30,35.177,2255.3515625,T5,109,0.5098039507865906,0.0
1496,30,35.177,2255.3515625,T5,110,0.5098039507865906,0.0
1497,30,35.21,2256.7890625,T5,110,0.5098039507865906,0.0
1498,30,35.21,2256.7890625,T5,110,0.5098039507865906,0.0
1499,30,35.277,2258.2421875,T5,110,0.5098039507865906,0.0
1500,30,35.277,2258.2421875,T5,111,0.5098039507865906,0.0
1501,30,35.31,2259.7109375,T5,111,0.5098039507865906,0.0
1502,30,35.31,2259.7109375,T5,111,0.5176470875740051,0.0
1503,30,35.377,2261.703125,T5,111,0.5176470875740051,0.0
1504,30,35.377,2261.703125,T5,112,0.5254902243614197,0.0
1505,30,35.427,2262.7109375,T5,112,0.5254902243614197,0.0
1506,30,35.427,2262.7109375,T5,112,0.529411792755127,0.0
1507,30,35.477,2264.75,T5,112,0.529411792755127,0.0
1508,30,35.477,2264.75,T5,113,0.5490196347236633,0.0
1509,30,35.527,2265.78125,T5,113,0.5490196347236633,0.0
1510,30,35.527,2265.78125,T5,114,0.5568627715110779,0.0
1511,30,35.577,2267.859375,T5,114,0.5568627715110779,0.0
1512,30,35.577,2267.859375,T5,115,0.5803921818733215,0.0
1513,30,35.627,2268.9140625,T5,115,0.5803921818733215,0.0
1514,30,35.627,2268.9140625,T5,116,0.6117647290229797,0.0
1515,30,35.66,2270.515625,T5,116,0.6117647290229797,0.0
1516,30,35.66,2270.515625,T5,117,0.6470588445663452,0.0
1517,30,35.71,2272.1328125,T5,117,0.6470588445663452,0.0
1518,30,35.71,2272.1328125,T5,118,0.6509804129600525,0.0
1519,30,35.777,2273.765625,T5,118,0.6509804129600525,0.0
1520,30,35.777,2273.765625,T5,120,0.6980392336845398,0.0
1521,30,35.81,2275.421875,T5,120,0.6980392336845398,0.0
1522,30,35.81,2275.421875,T5,122,0.7647058963775635,0.0
1523,30,35.877,2277.109375,T5,122,0.7647058963775635,0.0
1524,30,35.877,2277.109375,T5,123,0.7764706015586853,0.0
1525,30,35.91,2278.8125,T5,123,0.7764706015586853,0.0
1526,30,35.91,2278.8125,T5,125,0.8392156958580017,0.0
1527,30,35.977,2281.1328125,T5,125,0.8392156958580017,0.0
1528,30,35.977,2281.1328125,T5,128,0.8980392217636108,0.0
1529,30,36.027,2282.3125,T5,128,0.8980392217636108,0.0
1530,30,36.027,2282.3125,T5,129,0.9058823585510254,0.0
1531,30,36.077,2284.703125,T5,129,0.9058823585510254,0.0
1532,30,36.077,2284.703125,T5,132,0.9529411792755127,0.0
1533,30,36.127,2285.921875,T5,132,0.9529411792755127,0.0
1534,30,36.127,2285.921875,T5,133,0.95686274766922,0.0
1535,30,36.177,2288.3828125,T5,133,0.95686274766922,0.0
1536,30,36.177,2288.3828125,T5,136,1.0,0.0
1537,30,36.227,2289.6328125,T5,136,1.0,0.0
1538,30,36.227,2289.6328125,T5,137,1.0,0.0
1539,30,36.277,2292.1796875,T5,137,1.0,0.0
1540,30,36.277,2292.1796875,T5,141,1.0,0.0
1541,30,36.327,2293.484375,T5,141,1.0,0.0
1542,30,36.327,2293.484375,T5,142,1.0,0.0
1543,30,36.36,2295.4453125,T5,142,1.0,0.0
1544,30,36.36,2295.4453125,T5,145,1.0,0.0
1545,30,36.427,2297.4453125,T5,145,1.0,0.0
1546,30,36.427,2297.4453125,T5,147,1.0,0.0
1547,30,36.46,2299.4765625,T5,147,1.0,0.0
1548,30,36.46,2299.4765625,T5,150,1.0,0.0
1549,30,36.527,2302.21875,T5,150,1.0,0.0
1550,30,36.527,2302.21875,T5,153,1.0,0.0
1551,30,36.577,2303.6171875,T5,153,1.0,0.0
1552,30,36.577,2303.6171875,T5,154,1.0,0.0
1553,30,36.627,2306.4375,T5,154,1.0,0.0
1554,30,36.627,2306.4375,T5,157,1.0,0.0
1555,30,36.677,2307.8671875,T5,157,1.0,0.0
1556,30,36.677,2307.8671875,T5,159,1.0,0.0
1557,30,36.71,2310.0390625,T5,159,1.0,0.0
1558,30,36.71,2310.0390625,T5,161,1.0,0.0
1559,30,36.777,2312.234375,T5,161,1.0,0.0
1560,30,36.777,2312.234375,T5,162,1.0,0.0
1561,30,36.81,2314.453125,T5,162,1.0,0.0
1562,30,36.81,2314.453125,T5,164,1.0,0.0
1563,30,36.877,2317.4453125,T5,164,1.0,0.0
1564,30,36.877,2317.4453125,T5,167,1.0,0.0
1565,30,36.927,2318.9609375,T5,167,1.0,0.0
1566,30,36.927,2318.9609375,T5,168,1.0,0.0
1567,30,36.96,2321.2578125,T5,168,1.0,0.0
1568,30,36.96,2321.2578125,T5,170,1.0,0.0
1569,30,37.027,2323.578125,T5,170,1.0,0.0
1570,30,37.027,2323.578125,T5,171,1.0,0.0
1571,30,37.077,2325.9375,T5,171,1.0,0.0
1572,30,37.077,2325.9375,T5,174,1.0,0.0
1573,30,37.11,2328.328125,T5,174,1.0,0.0
1574,30,37.11,2328.328125,T5,176,1.0,0.0
1575,30,37.177,2331.578125,T5,176,1.0,0.0
1576,30,37.177,2331.578125,T5,179,1.0,0.0
1577,30,37.227,2333.2265625,T5,179,1.0,0.0
1578,30,37.227,2333.2265625,T5,180,1.0,0.0
1579,30,37.26,2335.71875,T5,180,1.0,0.0
1580,30,37.26,2335.71875,T5,182,1.0,0.0
1581,30,37.31,2338.2578125,T5,182,1.0,0.0
1582,30,37.31,2338.2578125,T5,184,1.0,0.0
1583,30,37.377,2341.6875,T5,184,1.0,0.0
1584,30,37.377,2341.6875,T5,187,1.0,0.0
1585,30,37.427,2343.4140625,T5,187,1.0,0.0
1586,30,37.427,2343.4140625,T5,188,1.0,0.0
1587,30,37.46,2346.015625,T5,188,1.0,0.0
1588,30,37.46,2346.015625,T5,189,1.0,0.0
1589,30,37.527,2349.5234375,T5,189,1.0,0.0
1590,30,37.527,2349.5234375,T5,192,1.0,0.0
1591,30,37.577,2351.296875,T5,192,1.0,0.0
1592,30,37.577,2351.296875,T5,193,1.0,0.0
1593,30,37.61,2353.9609375,T5,193,1.0,0.0
1594,30,37.61,2353.9609375,T5,195,1.0,0.0
1595,30,37.677,2357.5546875,T5,195,1.0,0.0
1596,30,37.677,2357.5546875,T5,197,1.0,0.0
1597,30,37.727,2359.3671875,T5,197,1.0,0.0
1598,30,37.727,2359.3671875,T5,198,1.0,0.0
1599,30,37.76,2362.1015625,T5,198,1.0,0.0
1600,30,37.76,2362.1015625,T5,199,1.0,0.0
1601,30,37.827,2365.78125,T5,199,1.0,0.0
1602,30,37.827,2365.78125,T5,201,1.0,0.0
1603,30,37.877,2367.640625,T5,201,1.0,0.0
1604,30,37.877,2367.640625,T5,202,1.0,0.0
1605,30,37.91,2370.4453125,T5,202,1.0,0.0
1606,30,37.91,2370.4453125,T5,204,1.0,0.0
1607,30,37.977,2374.2265625,T5,204,1.0,0.0
1608,30,37.977,2374.2265625,T5,206,1.0,0.0
1609,30,38.027,2376.1328125,T6,206,1.0,0.0
1610,30,38.027,2376.1328125,T6,207,1.0,0.0
1611,30,38.06,2379.0078125,T6,207,1.0,0.0
1612,30,38.06,2379.0078125,T6,208,1.0,0.0
1613,30,38.127,2381.9140625,T6,208,1.0,0.0
1614,30,38.127,2381.9140625,T6,209,1.0,0.0
1615,30,38.177,2384.8515625,T6,209,1.0,0.0
1616,30,38.177,2384.8515625,T6,210,1.0,0.0
1617,30,38.227,2388.7890625,T6,210,1.0,0.0
1618,30,38.227,2388.7890625,T6,212,1.0,0.0
1619,30,38.277,2390.7578125,T6,212,1.0,0.0
1620,30,38.277,2390.7578125,T6,212,1.0,0.0
1621,30,38.327,2393.71875,T6,212,1.0,0.0
1622,30,38.327,2393.71875,T6,213,1.0,0.0
1623,30,38.377,2397.671875,T6,213,1.0,0.0
1624,30,38.377,2397.671875,T6,213,1.0,0.0
1625,30,38.427,2399.6484375,T6,213,1.0,0.0
1626,30,38.427,2399.6484375,T6,213,1.0,0.0
1627,30,38.477,2402.6171875,T6,213,1.0,0.0
1628,30,38.477,2402.6171875,T6,214,1.0,0.0
1629,30,38.51,2405.6015625,T6,214,1.0,0.0
1630,30,38.51,2405.6015625,T6,215,1.0,0.0
1631,30,38.577,2408.6015625,T6,215,1.0,0.0
1632,30,38.577,2408.6015625,T6,217,1.0,0.0
1633,30,38.627,2411.6328125,T6,217,1.0,0.0
1634,30,38.627,2411.6328125,T6,218,1.0,0.0
1635,30,38.677,2415.703125,T6,218,1.0,0.0
1636,30,38.677,2415.703125,T6,220,1.0,0.0
1637,30,38.727,2417.7578125,T6,220,1.0,0.0
1638,30,38.727,2417.7578125,T6,221,1.0,0.0
1639,30,38.76,2420.859375,T6,221,1.0,0.0
1640,30,38.76,2420.859375,T6,222,1.0,0.0
1641,30,38.827,2425.046875,T6,222,1.0,0.0
1642,30,38.827,2425.046875,T6,224,1.0,0.0
1643,30,38.877,2427.15625,T6,224,1.0,0.0
1644,30,38.877,2427.15625,T6,225,1.0,0.0
1645,30,38.91,2430.34375,T6,225,1.0,0.0
1646,30,38.91,2430.34375,T6,226,1.0,0.0
1647,30,38.977,2434.609375,T6,226,1.0,0.0
1648,30,38.977,2434.609375,T6,228,1.0,0.0
1649,30,39.027,2436.7421875,T6,228,1.0,0.0
1650,30,39.027,2436.7421875,T6,228,1.0,0.0
1651,30,39.06,2439.9609375,T6,228,1.0,0.0
1652,30,39.06,2439.9609375,T6,230,1.0,0.0
1653,30,39.127,2443.1953125,T6,230,1.0,0.0
1654,30,39.127,2443.1953125,T6,231,1.0,0.0
1655,30,39.177,2446.4375,T6,231,1.0,0.0
1656,30,39.177,2446.4375,T6,232,1.0,0.0
1657,30,39.21,2449.6953125,T6,232,1.0,0.0
1658,30,39.21,2449.6953125,T6,233,1.0,0.0
1659,30,39.277,2452.96875,T6,233,1.0,0.0
1660,30,39.277,2452.96875,T6,234,1.0,0.0
1661,30,39.31,2456.265625,T6,234,1.0,0.0
1662,30,39.31,2456.265625,T6,235,1.0,0.0
1663,30,39.377,2460.6796875,T6,235,1.0,0.0
1664,30,39.377,2460.6796875,T6,237,1.0,0.0
1665,30,39.427,2462.90625,T6,237,1.0,0.0
1666,30,39.427,2462.90625,T6,237,1.0,0.0
1667,30,39.46,2466.25,T6,237,1.0,0.0
1668,30,39.46,2466.25,T6,238,1.0,0.0
1669,30,39.527,2470.75,T6,238,1.0,0.0
1670,30,39.527,2470.75,T6,239,1.0,0.0
1671,30,39.577,2473.015625,T6,239,1.0,0.0
1672,30,39.577,2473.015625,T6,240,1.0,0.0
1673,30,39.627,2476.40625,T6,240,1.0,0.0
1674,30,39.627,2476.40625,T6,241,1.0,0.0
1675,30,39.66,2479.796875,T6,241,1.0,0.0
1676,30,39.66,2479.796875,T6,242,1.0,0.0
1677,30,39.727,2484.328125,T6,242,1.0,0.0
1678,30,39.727,2484.328125,T6,242,1.0,0.0
1679,30,39.777,2486.59375,T6,242,1.0,0.0
1680,30,39.777,2486.59375,T6,243,1.0,0.0
1681,30,39.81,2490.0,T6,243,1.0,0.0
1682,30,39.81,2490.0,T6,244,1.0,0.0
1683,30,39.86,2493.40625,T6,244,1.0,0.0
1684,30,39.86,2493.40625,T6,244,1.0,0.0
1685,30,39.927,2497.96875,T6,244,1.0,0.0
1686,30,39.927,2497.96875,T6,245,1.0,0.0
1687,30,39.977,2500.2578125,T6,245,1.0,0.0
1688,30,39.977,2500.2578125,T6,246,1.0,0.0
1689,30,40.027,2503.7109375,T6,246,1.0,0.0
1690,30,40.027,2503.7109375,T6,247,1.0,0.0
1691,30,40.077,2507.1796875,T6,247,1.0,0.0
1692,30,40.077,2507.1796875,T6,248,1.0,0.0
1693,30,40.127,2510.6640625,T6,248,1.0,0.0
1694,30,40.127,2510.6640625,T6,249,1.0,0.0
1695,30,40.177,2514.171875,T6,249,1.0,0.0
1696,30,40.177,2514.171875,T6,250,1.0,0.0
1697,30,40.227,2517.6796875,T6,250,1.0,0.0
1698,30,40.227,2517.6796875,T6,251,1.0,0.0
1699,30,40.26,2521.1796875,T6,251,1.0,0.0
1700,30,40.26,2521.1796875,T6,252,1.0,0.0
1701,30,40.31,2524.703125,T6,252,1.0,0.0
1702,30,40.31,2524.703125,T6,253,1.0,0.0
1703,30,40.36,2528.234375,T6,253,1.0,0.0
1704,30,40.36,2528.234375,T6,254,1.0,0.0
1705,30,40.41,2531.78125,T6,254,1.0,0.0
1706,30,40.41,2531.78125,T6,255,1.0,0.0
1707,30,40.46,2535.34375,T6,255,1.0,0.0
1708,30,40.46,2535.34375,T6,256,1.0,0.0
1709,30,40.51,2538.921875,T6,256,1.0,0.0
1710,30,40.51,2538.921875,T6,257,1.0,0.0
1711,30,40.56,2542.5078125,T6,257,1.0,0.0
1712,30,40.56,2542.5078125,T6,258,1.0,0.0
1713,30,40.627,2546.1015625,T6,258,1.0,0.0
1714,30,40.627,2546.1015625,T6,259,1.0,0.0
1715,30,40.66,2549.7109375,T6,259,1.0,0.0
1716,30,40.66,2549.7109375,T6,260,1.0,0.0
1717,30,40.71,2553.3359375,T6,260,1.0,0.0
1718,30,40.71,2553.3359375,T6,261,1.0,0.0
1719,30,40.76,2556.96875,T6,261,1.0,0.0
1720,30,40.76,2556.96875,T6,261,1.0,0.0
1721,30,40.81,2560.6015625,T6,261,1.0,0.0
1722,30,40.81,2560.6015625,T6,262,1.0,0.0
1723,30,40.86,2564.25,T6,262,1.0,0.0
1724,30,40.86,2564.25,T6,263,1.0,0.0
1725,30,40.91,2567.90625,T6,263,1.0,0.0
1726,30,40.91,2567.90625,T6,264,1.0,0.0
1727,30,40.96,2571.5703125,T6,264,1.0,0.0
1728,30,40.96,2571.5703125,T6,264,1.0,0.0
1729,30,41.027,2576.4765625,T6,264,1.0,0.0
1730,30,41.027,2576.4765625,T6,266,1.0,0.0
1731,30,41.077,2580.1640625,T6,266,1.0,0.0
1732,30,41.077,2580.1640625,T6,266,1.0,0.0
1733,30,41.127,2582.6328125,T6,266,1.0,0.0
1734,30,41.127,2582.6328125,T6,267,1.0,0.0
1735,30,41.177,2586.3359375,T6,267,1.0,0.0
1736,30,41.177,2586.3359375,T6,268,1.0,0.0
1737,30,41.227,2590.0625,T6,268,1.0,0.0
1738,30,41.227,2590.0625,T6,269,1.0,0.0
1739,30,41.277,2593.796875,T6,269,1.0,0.0
1740,30,41.277,2593.796875,T6,269,1.0,0.0
1741,30,41.327,2597.546875,T6,269,1.0,0.0
1742,30,41.327,2597.546875,T6,270,1.0,0.0
1743,30,41.377,2601.3046875,T6,270,1.0,0.0
1744,30,41.377,2601.3046875,T6,271,1.0,0.0
1745,30,41.427,2605.0703125,T6,271,1.0,0.0
1746,30,41.427,2605.0703125,T6,271,1.0,0.0
1747,30,41.477,2608.84375,T6,271,1.0,0.0
1748,30,41.477,2608.84375,T6,272,1.0,0.0
1749,30,41.527,2613.890625,T6,272,1.0,0.0
1750,30,41.527,2613.890625,T6,272,1.0,0.0
1751,30,41.56,2616.421875,T6,272,1.0,0.0
1752,30,41.56,2616.421875,T6,273,1.0,0.0
1753,30,41.61,2620.2265625,T6,273,1.0,0.0
1754,30,41.61,2620.2265625,T6,274,1.0,0.0
1755,30,41.677,2625.3125,T6,274,1.0,0.0
1756,30,41.677,2625.3125,T6,275,1.0,0.0
1757,30,41.71,2627.859375,T6,275,1.0,0.0
1758,30,41.71,2627.859375,T6,275,0.8352941274642944,0.0
1759,30,41.777,2631.6796875,T6,275,0.8352941274642944,0.0
1760,30,41.777,2631.6796875,T6,274,0.11372549086809158,0.11560025066137314
1761,30,41.827,2635.4765625,T6,274,0.11372549086809158,0.11560025066137314
1762,30,41.827,2635.4765625,T6,271,0.0,0.39345234632492065
1763,30,41.877,2639.2109375,T6,271,0.0,0.39345234632492065
1764,30,41.877,2639.2109375,T6,267,0.0,0.39345234632492065
1765,30,41.927,2642.8984375,T6,267,0.0,0.39345234632492065
1766,30,41.927,2642.8984375,T6,264,0.0,0.39345234632492065
1767,30,41.96,2646.53125,T6,264,0.0,0.39345234632492065
1768,30,41.96,2646.53125,T6,260,0.0,0.39345234632492065
1769,30,42.01,2650.1015625,T6,260,0.0,0.39345234632492065
1770,30,42.01,2650.1015625,T6,256,0.0,0.38982129096984863
1771,30,42.06,2653.59375,T6,256,0.0,0.38982129096984863
1772,30,42.06,2653.59375,T6,252,0.0,0.38982129096984863
1773,30,42.11,2657.0,T6,252,0.0,0.38982129096984863
1774,30,42.11,2657.0,T6,248,0.0,0.38982129096984863
1775,30,42.16,2660.3515625,T6,248,0.0,0.38982129096984863
1776,30,42.16,2660.3515625,T6,244,0.0,0.38982129096984863
1777,30,42.21,2663.6640625,T6,244,0.0,0.38982129096984863
1778,30,42.21,2663.6640625,T6,240,0.0,0.36471036076545715
1779,30,42.277,2667.9921875,T6,240,0.0,0.36471036076545715
1780,30,42.277,2667.9921875,T6,234,0.0,0.34709057211875916
1781,30,42.327,2671.1953125,T6,234,0.0,0.34709057211875916
1782,30,42.327,2671.1953125,T6,230,0.0,0.34709057211875916
1783,30,42.377,2673.3203125,T6,230,0.0,0.34709057211875916
1784,30,42.377,2673.3203125,T6,227,0.0,0.3297218680381775
1785,30,42.427,2676.4765625,T6,227,0.0,0.3297218680381775
1786,30,42.427,2676.4765625,T6,224,0.0,0.2625311017036438
1787,30,42.477,2679.609375,T6,224,0.0,0.2625311017036438
1788,30,42.477,2679.609375,T6,220,0.0,0.16427317261695862
1789,30,42.527,2682.734375,T6,220,0.0,0.16427317261695862
1790,30,42.527,2682.734375,T6,218,0.0,0.03532017394900322
1791,30,42.577,2685.90625,T6,218,0.0,0.03532017394900322
1792,30,42.577,2685.90625,T6,215,0.0,0.0
1793,30,42.627,2689.0234375,T6,215,0.0,0.0
1794,30,42.627,2689.0234375,T6,213,0.0,0.0
1795,30,42.66,2692.078125,T6,213,0.0,0.0
1796,30,42.66,2692.078125,T6,211,0.0,0.0
1797,30,42.71,2695.09375,T6,211,0.0,0.0
1798,30,42.71,2695.09375,T6,209,0.0,0.0
1799,30,42.76,2698.0703125,T6,209,0.0,0.0
1800,30,42.76,2698.0703125,T6,207,0.0,0.0
1801,30,42.827,2701.0234375,T6,207,0.0,0.0
1802,30,42.827,2701.0234375,T6,205,0.0,0.0
1803,30,42.877,2703.953125,T6,205,0.0,0.0
1804,30,42.877,2703.953125,T6,203,0.0,0.06783050298690796
1805,30,42.91,2706.859375,T6,203,0.0,0.06783050298690796
1806,30,42.91,2706.859375,T6,200,0.0,0.1704392433166504
1807,30,42.96,2709.75,T7,200,0.0,0.1704392433166504
1808,30,42.96,2709.75,T7,197,0.0,0.21105383336544037
1809,30,43.027,2713.5859375,T7,197,0.0,0.21105383336544037
1810,30,43.027,2713.5859375,T7,194,0.0,0.2625311017036438
1811,30,43.077,2715.4921875,T7,194,0.0,0.2625311017036438
1812,30,43.077,2715.4921875,T7,192,0.0,0.25599512457847595
1813,30,43.11,2718.2890625,T7,192,0.0,0.25599512457847595
1814,30,43.11,2718.2890625,T7,189,0.0,0.25599512457847595
1815,30,43.177,2721.9140625,T7,189,0.0,0.25599512457847595
1816,30,43.177,2721.9140625,T7,185,0.0,0.04416853189468384
1817,30,43.227,2723.6875,T7,185,0.0,0.04416853189468384
1818,30,43.227,2723.6875,T7,183,0.0,0.0
1819,30,43.26,2726.3125,T7,183,0.0,0.0
1820,30,43.26,2726.3125,T7,181,0.0,0.0
1821,30,43.327,2728.8984375,T7,181,0.0,0.0
1822,30,43.327,2728.8984375,T7,180,0.0,0.0
1823,30,43.377,2731.4609375,T7,180,0.0,0.0
1824,30,43.377,2731.4609375,T7,178,0.0,0.0
1825,30,43.41,2734.0,T7,178,0.0,0.0
1826,30,43.41,2734.0,T7,176,0.04313725605607033,0.0
1827,30,43.477,2736.5234375,T7,176,0.04313725605607033,0.0
1828,30,43.477,2736.5234375,T7,175,0.14901961386203766,0.0
1829,30,43.51,2739.0390625,T7,175,0.14901961386203766,0.0
1830,30,43.51,2739.0390625,T7,173,0.2705882489681244,0.0
1831,30,43.56,2741.5546875,T7,173,0.2705882489681244,0.0
1832,30,43.56,2741.5546875,T7,172,0.35686275362968445,0.0
1833,30,43.627,2744.0859375,T7,172,0.35686275362968445,0.0
1834,30,43.627,2744.0859375,T7,172,0.4745098054409027,0.0
1835,30,43.677,2746.59375,T7,172,0.4745098054409027,0.0
1836,30,43.677,2746.59375,T7,171,0.48235294222831726,0.0
1837,30,43.71,2749.0703125,T7,171,0.48235294222831726,0.0
1838,30,43.71,2749.0703125,T7,171,0.4941176474094391,0.0
1839,30,43.777,2751.5234375,T7,171,0.4941176474094391,0.0
1840,30,43.777,2751.5234375,T7,170,0.4941176474094391,0.0
1841,30,43.81,2753.953125,T7,170,0.4941176474094391,0.0
1842,30,43.81,2753.953125,T7,170,0.5058823823928833,0.0
1843,30,43.877,2757.1875,T7,170,0.5058823823928833,0.0
1844,30,43.877,2757.1875,T7,169,0.5411764979362488,0.0
1845,30,43.927,2758.796875,T7,169,0.5411764979362488,0.0
1846,30,43.927,2758.796875,T7,169,0.5568627715110779,0.0
1847,30,43.977,2762.015625,T7,169,0.5568627715110779,0.0
1848,30,43.977,2762.015625,T7,169,0.5843137502670288,0.0
1849,30,44.027,2763.6328125,T7,169,0.5843137502670288,0.0
1850,30,44.027,2763.6328125,T7,169,0.5921568870544434,0.0
1851,30,44.077,2766.875,T7,169,0.5921568870544434,0.0
1852,30,44.077,2766.875,T7,169,0.6000000238418579,0.0
1853,30,44.127,2768.5,T7,169,0.6000000238418579,0.0
1854,30,44.127,2768.5,T7,169,0.6039215922355652,0.0
1855,30,44.16,2770.9609375,T7,169,0.6039215922355652,0.0
1856,30,44.16,2770.9609375,T7,169,0.615686297416687,0.0
1857,30,44.227,2773.4453125,T7,169,0.615686297416687,0.0
1858,30,44.227,2773.4453125,T7,169,0.6235294342041016,0.0
1859,30,44.26,2775.9140625,T7,169,0.6235294342041016,0.0
1860,30,44.26,2775.9140625,T7,169,0.6392157077789307,0.0
1861,30,44.327,2778.3671875,T7,169,0.6392157077789307,0.0
1862,30,44.327,2778.3671875,T7,169,0.6509804129600525,0.0
1863,30,44.36,2780.796875,T7,169,0.6509804129600525,0.0
1864,30,44.36,2780.796875,T7,169,0.6666666865348816,0.0
1865,30,44.427,2783.2109375,T7,169,0.6666666865348816,0.0
1866,30,44.427,2783.2109375,T7,170,0.6823529601097107,0.0
1867,30,44.46,2785.625,T7,170,0.6823529601097107,0.0
1868,30,44.46,2785.625,T7,170,0.7058823704719543,0.0
1869,30,44.527,2788.8359375,T7,170,0.7058823704719543,0.0
1870,30,44.527,2788.8359375,T7,170,0.7333333492279053,0.0
1871,30,44.577,2790.453125,T7,170,0.7333333492279053,0.0
1872,30,44.577,2790.453125,T7,170,0.7490196228027344,0.0
1873,30,44.627,2793.6796875,T7,170,0.7490196228027344,0.0
1874,30,44.627,2793.6796875,T7,171,0.7764706015586853,0.0
1875,30,44.677,2795.3125,T7,171,0.7764706015586853,0.0
1876,30,44.677,2795.3125,T7,171,0.7803921699523926,0.0
1877,30,44.71,2797.765625,T7,171,0.7803921699523926,0.0
1878,30,44.71,2797.765625,T7,172,0.8039215803146362,0.0
1879,30,44.777,2801.0859375,T7,172,0.8039215803146362,0.0
1880,30,44.777,2801.0859375,T7,173,0.8274509906768799,0.0
1881,30,44.827,2802.765625,T7,173,0.8274509906768799,0.0
1882,30,44.827,2802.765625,T7,174,0.8470588326454163,0.0
1883,30,44.877,2806.1171875,T7,174,0.8470588326454163,0.0
1884,30,44.877,2806.1171875,T7,175,0.8745098114013672,0.0
1885,30,44.927,2807.7890625,T7,175,0.8745098114013672,0.0
1886,30,44.927,2807.7890625,T7,176,0.8980392217636108,0.0
1887,30,44.96,2810.2890625,T7,176,0.8980392217636108,0.0
1888,30,44.96,2810.2890625,T7,177,0.9647058844566345,0.0
1889,30,45.027,2812.796875,T7,177,0.9647058844566345,0.0
1890,30,45.027,2812.796875,T7,179,1.0,0.0
1891,30,45.077,2815.3046875,T7,179,1.0,0.0
1892,30,45.077,2815.3046875,T7,180,1.0,0.0
1893,30,45.127,2818.6796875,T7,180,1.0,0.0
1894,30,45.127,2818.6796875,T7,182,1.0,0.0
1895,30,45.177,2820.375,T7,182,1.0,0.0
1896,30,45.177,2820.375,T7,183,1.0,0.0
1897,30,45.21,2822.9453125,T7,183,1.0,0.0
1898,30,45.21,2822.9453125,T7,185,1.0,0.0
1899,30,45.277,2826.4140625,T7,185,1.0,0.0
1900,30,45.277,2826.4140625,T7,187,1.0,0.0
1901,30,45.327,2828.1640625,T7,187,1.0,0.0
1902,30,45.327,2828.1640625,T7,188,1.0,0.0
1903,30,45.36,2830.828125,T7,188,1.0,0.0
1904,30,45.36,2830.828125,T7,190,1.0,0.0
1905,30,45.427,2833.5,T7,190,1.0,0.0
1906,30,45.427,2833.5,T7,191,1.0,0.0
1907,30,45.477,2836.15625,T7,191,1.0,0.0
1908,30,45.477,2836.15625,T7,193,1.0,0.0
1909,30,45.51,2838.8359375,T7,193,1.0,0.0
1910,30,45.51,2838.8359375,T7,195,1.0,0.0
1911,30,45.577,2841.53125,T7,195,1.0,0.0
1912,30,45.577,2841.53125,T7,196,1.0,0.0
1913,30,45.627,2844.25,T7,196,1.0,0.0
1914,30,45.627,2844.25,T7,199,1.0,0.0
1915,30,45.66,2847.0,T7,199,1.0,0.0
1916,30,45.66,2847.0,T7,200,1.0,0.0
1917,30,45.71,2849.7734375,T7,200,1.0,0.0
1918,30,45.71,2849.7734375,T7,202,1.0,0.0
1919,30,45.777,2853.5078125,T7,202,1.0,0.0
1920,30,45.777,2853.5078125,T7,204,1.0,0.0
1921,30,45.827,2855.3828125,T7,204,1.0,0.0
1922,30,45.827,2855.3828125,T7,206,1.0,0.0
1923,30,45.86,2858.2265625,T7,206,1.0,0.0
1924,30,45.86,2858.2265625,T7,207,1.0,0.0
1925,30,45.927,2862.0546875,T7,207,1.0,0.0
1926,30,45.927,2862.0546875,T7,210,1.0,0.0
1927,30,45.977,2863.9765625,T7,210,1.0,0.0
1928,30,45.977,2863.9765625,T7,211,1.0,0.0
1929,30,46.027,2866.9140625,T7,211,1.0,0.0
1930,30,46.027,2866.9140625,T7,213,1.0,0.0
1931,30,46.06,2869.875,T7,213,1.0,0.0
1932,30,46.06,2869.875,T7,214,1.0,0.0
1933,30,46.127,2873.8671875,T7,214,1.0,0.0
1934,30,46.127,2873.8671875,T7,216,1.0,0.0
1935,30,46.177,2875.875,T7,216,1.0,0.0
1936,30,46.177,2875.875,T7,217,1.0,0.0
1937,30,46.21,2878.90625,T7,217,1.0,0.0
1938,30,46.21,2878.90625,T7,219,1.0,0.0
1939,30,46.26,2881.96875,T7,219,1.0,0.0
1940,30,46.26,2881.96875,T7,221,1.0,0.0
1941,30,46.327,2886.078125,T7,221,1.0,0.0
1942,30,46.327,2886.078125,T7,223,1.0,0.0
1943,30,46.377,2888.1484375,T7,223,1.0,0.0
1944,30,46.377,2888.1484375,T7,224,1.0,0.0
1945,30,46.427,2891.2734375,T7,224,1.0,0.0
1946,30,46.427,2891.2734375,T7,225,1.0,0.0
1947,30,46.46,2894.4140625,T7,225,1.0,0.0
1948,30,46.46,2894.4140625,T7,227,1.0,0.0
1949,30,46.527,2898.640625,T7,227,1.0,0.0
1950,30,46.527,2898.640625,T7,229,1.0,0.0
1951,30,46.577,2900.765625,T7,229,1.0,0.0
1952,30,46.577,2900.765625,T7,230,1.0,0.0
1953,30,46.61,2903.9765625,T7,230,1.0,0.0
1954,30,46.61,2903.9765625,T7,231,1.0,0.0
1955,30,46.66,2907.203125,T7,231,1.0,0.0
1956,30,46.66,2907.203125,T7,233,1.0,0.0
1957,30,46.727,2911.5390625,T7,233,1.0,0.0
1958,30,46.727,2911.5390625,T7,235,1.0,0.0
1959,30,46.777,2913.7265625,T7,235,1.0,0.0
1960,30,46.777,2913.7265625,T7,236,1.0,0.0
1961,30,46.81,2917.015625,T7,236,1.0,0.0
1962,30,46.81,2917.015625,T7,237,1.0,0.0
1963,30,46.86,2920.328125,T7,237,1.0,0.0
1964,30,46.86,2920.328125,T7,238,1.0,0.0
1965,30,46.927,2924.765625,T7,238,1.0,0.0
1966,30,46.927,2924.765625,T7,240,1.0,0.0
1967,30,46.977,2926.9921875,T7,240,1.0,0.0
1968,30,46.977,2926.9921875,T7,241,1.0,0.0
1969,30,47.01,2930.359375,T7,241,1.0,0.0
1970,30,47.01,2930.359375,T7,242,1.0,0.0
1971,30,47.06,2933.7421875,T7,242,1.0,0.0
1972,30,47.06,2933.7421875,T7,244,1.0,0.0
1973,30,47.117,2938.2734375,T7,244,1.0,0.0
1974,30,47.117,2938.2734375,T7,245,1.0,0.0
1975,30,47.167,2940.5546875,T7,245,1.0,0.0
1976,30,47.167,2940.5546875,T7,246,1.0,0.0
1977,30,47.2,2943.9921875,T7,246,1.0,0.0
1978,30,47.2,2943.9921875,T7,247,1.0,0.0
1979,30,47.25,2947.4375,T7,247,1.0,0.0
1980,30,47.25,2947.4375,T7,249,1.0,0.0
1981,30,47.317,2950.90625,T7,249,1.0,0.0
1982,30,47.317,2950.90625,T7,249,0.239215686917305,0.0
1983,30,47.367,2954.3671875,T7,249,0.239215686917305,0.0
1984,30,47.367,2954.3671875,T7,248,0.0,0.0
1985,30,47.4,2957.8125,T7,248,0.0,0.0
1986,30,47.4,2957.8125,T7,247,0.0,0.04416853189468384
1987,30,47.45,2961.234375,T7,247,0.0,0.04416853189468384
1988,30,47.45,2961.234375,T7,245,0.0,0.09461170434951782
1989,30,47.5,2964.625,T7,245,0.0,0.09461170434951782
1990,30,47.5,2964.625,T7,243,0.0,0.09461170434951782
1991,30,47.567,2967.9765625,T7,243,0.0,0.09461170434951782
1992,30,47.567,2967.9765625,T7,241,0.0,0.08864238113164902
1993,30,47.617,2971.2578125,T7,241,0.0,0.08864238113164902
1994,30,47.617,2971.2578125,T7,239,0.0,0.08864238113164902
1995,30,47.65,2974.4609375,T7,239,0.0,0.08864238113164902
1996,30,47.65,2974.4609375,T7,237,0.0,0.08864238113164902
1997,30,47.717,2978.6796875,T7,237,0.0,0.08864238113164902
1998,30,47.717,2978.6796875,T7,234,0.0,0.0707966685295105
1999,30,47.767,2980.78125,T7,234,0.0,0.0707966685295105
2000,30,47.767,2980.78125,T7,233,0.0,0.05302911251783371
2001,30,47.8,2983.9140625,T7,233,0.0,0.05302911251783371
2002,30,47.8,2983.9140625,T7,231,0.0,0.03826842084527016
2003,30,47.867,2988.09375,T7,231,0.0,0.03826842084527016
2004,30,47.867,2988.09375,T7,229,0.0,0.0
2005,30,47.917,2990.1875,T7,229,0.0,0.0
2006,30,47.917,2990.1875,T7,229,0.0,0.0
2007,30,47.95,2993.3359375,T7,229,0.0,0.0
2008,30,47.95,2993.3359375,T7,228,0.0,0.0
2009,30,48.017,2996.5,T7,228,0.0,0.0
2010,30,48.017,2996.5,T7,227,0.0,0.0
2011,30,48.067,2999.671875,T7,227,0.0,0.0
2012,30,48.067,2999.671875,T7,225,0.0,0.0
2013,30,48.1,3002.9140625,T7,225,0.0,0.0
2014,30,48.1,3002.9140625,T7,223,0.0,0.0
2015,30,48.167,3006.1171875,T7,223,0.0,0.0
2016,30,48.167,3006.1171875,T7,221,0.0,0.0
2017,30,48.2,3009.2734375,T7,221,0.0,0.0
2018,30,48.2,3009.2734375,T7,219,0.0,0.0
2019,30,48.267,3013.4453125,T7,219,0.0,0.0
2020,30,48.267,3013.4453125,T7,217,0.0,0.0
2021,30,48.317,3015.515625,T7,217,0.0,0.0
2022,30,48.317,3015.515625,T7,215,0.0,0.0
2023,30,48.35,3018.609375,T8,215,0.0,0.0
2024,30,48.35,3018.609375,T8,213,0.0784313753247261,0.0
2025,30,48.4,3021.6953125,T8,213,0.0784313753247261,0.0
2026,30,48.4,3021.6953125,T8,212,0.364705890417099,0.0
2027,30,48.467,3024.796875,T8,212,0.364705890417099,0.0
2028,30,48.467,3024.796875,T8,211,0.5058823823928833,0.0
2029,30,48.5,3027.9453125,T8,211,0.5058823823928833,0.0
2030,30,48.5,3027.9453125,T8,211,0.5411764979362488,0.0
2031,30,48.567,3032.1875,T8,211,0.5411764979362488,0.0
2032,30,48.567,3032.1875,T8,211,0.572549045085907,0.0
2033,30,48.617,3034.296875,T8,211,0.572549045085907,0.0
2034,30,48.617,3034.296875,T8,211,0.5647059082984924,0.0
2035,30,48.65,3037.4296875,T8,211,0.5647059082984924,0.0
2036,30,48.65,3037.4296875,T8,210,0.5490196347236633,0.0
2037,30,48.717,3041.5546875,T8,210,0.5490196347236633,0.0
2038,30,48.717,3041.5546875,T8,209,0.0,0.0
2039,30,48.767,3043.6015625,T8,209,0.0,0.0
2040,30,48.767,3043.6015625,T8,208,0.0,0.0
2041,30,48.8,3046.6328125,T8,208,0.0,0.0
2042,30,48.8,3046.6328125,T8,206,0.0,0.0
2043,30,48.867,3050.640625,T8,206,0.0,0.0
2044,30,48.867,3050.640625,T8,203,0.0,0.0
2045,30,48.917,3052.6328125,T8,203,0.0,0.0
2046,30,48.917,3052.6328125,T8,202,0.0,0.0
2047,30,48.95,3055.609375,T8,202,0.0,0.0
2048,30,48.95,3055.609375,T8,200,0.10196078568696976,0.0
2049,30,49.017,3059.578125,T8,200,0.10196078568696976,0.0
2050,30,49.017,3059.578125,T8,198,0.5686274766921997,0.0
2051,30,49.067,3061.5625,T8,198,0.5686274766921997,0.0
2052,30,49.067,3061.5625,T8,198,0.7137255072593689,0.0
2053,30,49.1,3064.5,T8,198,0.7137255072593689,0.0
2054,30,49.1,3064.5,T8,198,0.8980392217636108,0.0
2055,30,49.167,3067.40625,T8,198,0.8980392217636108,0.0
2056,30,49.167,3067.40625,T8,198,1.0,0.0
2057,30,49.217,3070.296875,T8,198,1.0,0.0
2058,30,49.217,3070.296875,T8,198,1.0,0.0
2059,30,49.267,3074.1328125,T8,198,1.0,0.0
2060,30,49.267,3074.1328125,T8,199,1.0,0.0
2061,30,49.317,3076.046875,T8,199,1.0,0.0
2062,30,49.317,3076.046875,T8,199,1.0,0.0
2063,30,49.35,3078.921875,T8,199,1.0,0.0
2064,30,49.35,3078.921875,T8,200,1.0,0.0
2065,30,49.417,3081.8125,T8,200,1.0,0.0
2066,30,49.417,3081.8125,T8,200,1.0,0.0
2067,30,49.467,3084.7265625,T8,200,1.0,0.0
2068,30,49.467,3084.7265625,T8,200,1.0,0.0
2069,30,49.5,3087.6640625,T8,200,1.0,0.0
2070,30,49.5,3087.6640625,T8,201,1.0,0.0
2071,30,49.567,3090.6171875,T8,201,1.0,0.0
2072,30,49.567,3090.6171875,T8,201,1.0,0.0
2073,30,49.617,3093.53125,T8,201,1.0,0.0
2074,30,49.617,3093.53125,T8,201,1.0,0.0
2075,30,49.65,3096.4140625,T8,201,1.0,0.0
2076,30,49.65,3096.4140625,T8,202,1.0,0.0
2077,30,49.717,3100.2109375,T8,202,1.0,0.0
2078,30,49.717,3100.2109375,T8,202,1.0,0.0
2079,30,49.767,3102.1015625,T8,202,1.0,0.0
2080,30,49.767,3102.1015625,T8,202,1.0,0.0
2081,30,49.8,3104.9296875,T8,202,1.0,0.0
2082,30,49.8,3104.9296875,T8,202,1.0,0.0
2083,30,49.867,3108.6875,T8,202,1.0,0.0
2084,30,49.867,3108.6875,T8,202,1.0,0.0
2085,30,49.917,3110.5703125,T8,202,1.0,0.0
2086,30,49.917,3110.5703125,T8,202,1.0,0.0
2087,30,49.95,3113.3984375,T8,202,1.0,0.0
2088,30,49.95,3113.3984375,T8,203,1.0,0.0
2089,30,50.017,3117.203125,T8,203,1.0,0.0
2090,30,50.017,3117.203125,T8,203,1.0,0.0
2091,30,50.067,3119.109375,T8,203,1.0,0.0
2092,30,50.067,3119.109375,T8,203,1.0,0.0
2093,30,50.1,3121.9296875,T8,203,1.0,0.0
2094,30,50.1,3121.9296875,T8,203,1.0,0.0
2095,30,50.167,3124.734375,T8,203,1.0,0.0
2096,30,50.167,3124.734375,T8,204,1.0,0.0
2097,30,50.217,3127.515625,T8,204,1.0,0.0
2098,30,50.217,3127.515625,T8,204,1.0,0.0
2099,30,50.25,3130.2890625,T8,204,1.0,0.0
2100,30,50.25,3130.2890625,T8,204,1.0,0.0
2101,30,50.317,3133.046875,T8,204,1.0,0.0
2102,30,50.317,3133.046875,T8,204,1.0,0.0
2103,30,50.367,3135.796875,T8,204,1.0,0.0
2104,30,50.367,3135.796875,T8,204,1.0,0.0
2105,30,50.4,3138.546875,T8,204,1.0,0.0
2106,30,50.4,3138.546875,T8,204,1.0,0.0
2107,30,50.467,3141.3046875,T8,204,1.0,0.0
2108,30,50.467,3141.3046875,T8,204,1.0,0.0
2109,30,50.517,3144.0625,T8,204,1.0,0.0
2110,30,50.517,3144.0625,T8,205,1.0,0.0
2111,30,50.55,3146.828125,T8,205,1.0,0.0
2112,30,50.55,3146.828125,T8,205,1.0,0.0
2113,30,50.6,3149.703125,T8,205,1.0,0.0
2114,30,50.6,3149.703125,T8,206,1.0,0.0
2115,30,50.65,3152.6484375,T8,206,1.0,0.0
2116,30,50.65,3152.6484375,T8,207,1.0,0.0
2117,30,50.7,3155.609375,T8,207,1.0,0.0
2118,30,50.7,3155.609375,T8,208,1.0,0.0
2119,30,50.75,3158.5859375,T8,208,1.0,0.0
2120,30,50.75,3158.5859375,T8,210,1.0,0.0
2121,30,50.8,3161.5703125,T8,210,1.0,0.0
2122,30,50.8,3161.5703125,T8,211,1.0,0.0
2123,30,50.867,3165.5703125,T8,211,1.0,0.0
2124,30,50.867,3165.5703125,T8,213,1.0,0.0
2125,30,50.917,3167.578125,T8,213,1.0,0.0
2126,30,50.917,3167.578125,T8,214,1.0,0.0
2127,30,50.95,3170.609375,T8,214,1.0,0.0
2128,30,50.95,3170.609375,T8,216,1.0,0.0
2129,30,51.0,3173.6484375,T8,216,1.0,0.0
2130,30,51.0,3173.6484375,T8,217,1.0,0.0
2131,30,51.067,3177.734375,T8,217,1.0,0.0
2132,30,51.067,3177.734375,T8,218,1.0,0.0
2133,30,51.117,3179.78125,T8,218,1.0,0.0
2134,30,51.117,3179.78125,T8,219,1.0,0.0
2135,30,51.15,3182.859375,T8,219,1.0,0.0
2136,30,51.15,3182.859375,T8,220,1.0,0.0
2137,30,51.217,3186.9609375,T8,220,1.0,0.0
2138,30,51.217,3186.9609375,T8,221,1.0,0.0
2139,30,51.267,3189.0078125,T8,221,1.0,0.0
2140,30,51.267,3189.0078125,T8,221,0.9450980424880981,0.0
2141,30,51.3,3192.0859375,T8,221,0.9450980424880981,0.0
2142,30,51.3,3192.0859375,T8,221,0.8509804010391235,0.0
2143,30,51.367,3196.1875,T8,221,0.8509804010391235,0.0
2144,30,51.367,3196.1875,T8,221,0.843137264251709,0.0
2145,30,51.417,3198.234375,T8,221,0.843137264251709,0.0
2146,30,51.417,3198.234375,T8,220,0.8470588326454163,0.0
2147,30,51.45,3201.3046875,T8,220,0.8470588326454163,0.0
2148,30,51.45,3201.3046875,T8,220,0.9058823585510254,0.0
2149,30,51.5,3204.3828125,T8,220,0.9058823585510254,0.0
2150,30,51.5,3204.3828125,T8,221,1.0,0.0
2151,30,51.567,3207.4765625,T8,221,1.0,0.0
2152,30,51.567,3207.4765625,T8,221,1.0,0.0
2153,30,51.617,3210.5703125,T8,221,1.0,0.0
2154,30,51.617,3210.5703125,T8,222,1.0,0.0
2155,30,51.65,3213.671875,T8,222,1.0,0.0
2156,30,51.65,3213.671875,T8,223,1.0,0.0
2157,30,51.717,3217.8359375,T8,223,1.0,0.0
2158,30,51.717,3217.8359375,T8,225,1.0,0.0
2159,30,51.767,3219.921875,T8,225,1.0,0.0
2160,30,51.767,3219.921875,T8,226,1.0,0.0
2161,30,51.817,3223.0703125,T8,226,1.0,0.0
2162,30,51.817,3223.0703125,T8,227,1.0,0.0
2163,30,51.85,3226.234375,T8,227,1.0,0.0
2164,30,51.85,3226.234375,T8,229,1.0,0.0
2165,30,51.917,3230.4765625,T9,229,1.0,0.0
2166,30,51.917,3230.4765625,T9,230,1.0,0.0
2167,30,51.967,3232.6171875,T9,230,1.0,0.0
2168,30,51.967,3232.6171875,T9,231,1.0,0.0
2169,30,52.0,3235.828125,T9,231,1.0,0.0
2170,30,52.0,3235.828125,T9,232,1.0,0.0
2171,30,52.05,3239.0625,T9,232,1.0,0.0
2172,30,52.05,3239.0625,T9,233,1.0,0.0
2173,30,52.117,3242.2890625,T9,233,1.0,0.0
2174,30,52.117,3242.2890625,T9,233,1.0,0.0
2175,30,52.15,3245.5234375,T9,233,1.0,0.0
2176,30,52.15,3245.5234375,T9,234,1.0,0.0
2177,30,52.2,3248.75,T9,234,1.0,0.0
2178,30,52.2,3248.75,T9,235,1.0,0.0
2179,30,52.267,3251.984375,T9,235,1.0,0.0
2180,30,52.267,3251.984375,T9,235,1.0,0.0
2181,30,52.317,3255.2265625,T9,235,1.0,0.0
2182,30,52.317,3255.2265625,T9,236,1.0,0.0
2183,30,52.35,3258.46875,T9,236,1.0,0.0
2184,30,52.35,3258.46875,T9,236,1.0,0.0
2185,30,52.4,3261.734375,T9,236,1.0,0.0
2186,30,52.4,3261.734375,T9,238,1.0,0.0
2187,30,52.467,3266.109375,T9,238,1.0,0.0
2188,30,52.467,3266.109375,T9,239,1.0,0.0
2189,30,52.517,3268.3125,T9,239,1.0,0.0
2190,30,52.517,3268.3125,T9,239,1.0,0.0
2191,30,52.55,3271.6171875,T9,239,1.0,0.0
2192,30,52.55,3271.6171875,T9,240,1.0,0.0
2193,30,52.6,3274.9296875,T9,240,1.0,0.0
2194,30,52.6,3274.9296875,T9,241,1.0,0.0
2195,30,52.667,3279.3515625,T9,241,1.0,0.0
2196,30,52.667,3279.3515625,T9,242,1.0,0.0
2197,30,52.717,3281.5703125,T9,242,1.0,0.0
2198,30,52.717,3281.5703125,T9,243,1.0,0.0
2199,30,52.767,3284.90625,T9,243,1.0,0.0
2200,30,52.767,3284.90625,T9,243,1.0,0.0
2201,30,52.8,3288.2578125,T9,243,1.0,0.0
2202,30,52.8,3288.2578125,T9,244,1.0,0.0
2203,30,52.85,3291.6328125,T9,244,1.0,0.0
2204,30,52.85,3291.6328125,T9,245,1.0,0.0
2205,30,52.9,3295.0234375,T9,245,1.0,0.0
2206,30,52.9,3295.0234375,T9,246,1.0,0.0
2207,30,52.967,3298.4296875,T9,246,1.0,0.0
2208,30,52.967,3298.4296875,T9,247,1.0,0.0
2209,30,53.017,3301.8515625,T9,247,1.0,0.0
2210,30,53.017,3301.8515625,T9,248,1.0,0.0
2211,30,53.067,3305.2734375,T9,248,1.0,0.0
2212,30,53.067,3305.2734375,T9,249,1.0,0.0
2213,30,53.117,3308.7109375,T9,249,1.0,0.0
2214,30,53.117,3308.7109375,T9,250,1.0,0.0
2215,30,53.15,3312.15625,T9,250,1.0,0.0
2216,30,53.15,3312.15625,T9,251,1.0,0.0
2217,30,53.217,3316.7734375,T9,251,1.0,0.0
2218,30,53.217,3316.7734375,T9,252,1.0,0.0
2219,30,53.267,3319.0859375,T9,252,1.0,0.0
2220,30,53.267,3319.0859375,T9,253,1.0,0.0
2221,30,53.3,3322.5625,T9,253,1.0,0.0
2222,30,53.3,3322.5625,T9,254,1.0,0.0
2223,30,53.367,3327.2265625,T9,254,1.0,0.0
2224,30,53.367,3327.2265625,T9,255,1.0,0.0
2225,30,53.417,3329.578125,T9,255,1.0,0.0
2226,30,53.417,3329.578125,T9,256,1.0,0.0
2227,30,53.45,3333.1328125,T9,256,1.0,0.0
2228,30,53.45,3333.1328125,T9,256,1.0,0.0
2229,30,53.517,3337.890625,T9,256,1.0,0.0
2230,30,53.517,3337.890625,T9,258,1.0,0.0
2231,30,53.567,3340.28125,T9,258,1.0,0.0
2232,30,53.567,3340.28125,T9,258,1.0,0.0
2233,30,53.6,3343.875,T9,258,1.0,0.0
2234,30,53.6,3343.875,T9,259,1.0,0.0
2235,30,53.65,3347.4765625,T9,259,1.0,0.0
2236,30,53.65,3347.4765625,T9,260,1.0,0.0
2237,30,53.717,3352.3046875,T9,260,1.0,0.0
2238,30,53.717,3352.3046875,T9,261,1.0,0.0
2239,30,53.767,3354.7265625,T9,261,1.0,0.0
2240,30,53.767,3354.7265625,T9,261,1.0,0.0
2241,30,53.8,3358.3671875,T9,261,1.0,0.0
2242,30,53.8,3358.3671875,T9,262,1.0,0.0
2243,30,53.85,3362.0234375,T9,262,1.0,0.0
2244,30,53.85,3362.0234375,T9,263,1.0,0.0
2245,30,53.917,3365.6796875,T9,263,1.0,0.0
2246,30,53.917,3365.6796875,T9,264,1.0,0.0
2247,30,53.967,3369.359375,T9,264,1.0,0.0
2248,30,53.967,3369.359375,T9,265,1.0,0.0
2249,30,54.0,3373.0390625,T9,265,1.0,0.0
2250,30,54.0,3373.0390625,T9,265,1.0,0.0
2251,30,54.05,3376.7421875,T9,265,1.0,0.0
2252,30,54.05,3376.7421875,T9,266,1.0,0.0
2253,30,54.117,3381.6953125,T9,266,1.0,0.0
2254,30,54.117,3381.6953125,T9,267,1.0,0.0
2255,30,54.167,3384.1796875,T9,267,1.0,0.0
2256,30,54.167,3384.1796875,T9,268,1.0,0.0
2257,30,54.2,3387.9140625,T9,268,1.0,0.0
2258,30,54.2,3387.9140625,T9,269,1.0,0.0
2259,30,54.25,3391.6640625,T9,269,1.0,0.0
2260,30,54.25,3391.6640625,T9,269,1.0,0.0
2261,30,54.317,3395.4140625,T9,269,1.0,0.0
2262,30,54.317,3395.4140625,T9,270,1.0,0.0
2263,30,54.367,3399.1796875,T9,270,1.0,0.0
2264,30,54.367,3399.1796875,T9,271,1.0,0.0
2265,30,54.4,3402.9609375,T9,271,1.0,0.0
2266,30,54.4,3402.9609375,T9,272,1.0,0.0
2267,30,54.45,3406.7421875,T9,272,1.0,0.0
2268,30,54.45,3406.7421875,T9,272,1.0,0.0
2269,30,54.5,3410.5390625,T9,272,1.0,0.0
2270,30,54.5,3410.5390625,T9,273,1.0,0.0
2271,30,54.567,3414.34375,T9,273,1.0,0.0
2272,30,54.567,3414.34375,T9,274,1.0,0.0
2273,30,54.617,3418.15625,T9,274,1.0,0.0
2274,30,54.617,3418.15625,T9,274,1.0,0.0
2275,30,54.65,3421.984375,T9,274,1.0,0.0
2276,30,54.65,3421.984375,T9,275,1.0,0.0
2277,30,54.7,3425.8125,T9,275,1.0,0.0
2278,30,54.7,3425.8125,T9,276,1.0,0.0
2279,30,54.75,3429.65625,T9,276,1.0,0.0
2280,30,54.75,3429.65625,T9,276,1.0,0.0
2281,30,54.8,3433.5078125,T9,276,1.0,0.0
2282,30,54.8,3433.5078125,T9,277,1.0,0.0
2283,30,54.85,3437.3671875,T9,277,1.0,0.0
2284,30,54.85,3437.3671875,T9,278,1.0,0.0
2285,30,54.9,3441.234375,T9,278,1.0,0.0
2286,30,54.9,3441.234375,T9,278,1.0,0.0
2287,30,54.95,3445.109375,T9,278,1.0,0.0
2288,30,54.95,3445.109375,T9,279,1.0,0.0
2289,30,55.0,3448.9921875,T9,279,1.0,0.0
2290,30,55.0,3448.9921875,T9,279,1.0,0.0
2291,30,55.05,3452.890625,T9,279,1.0,0.0
2292,30,55.05,3452.890625,T9,280,1.0,0.0
2293,30,55.1,3456.7890625,T9,280,1.0,0.0
2294,30,55.1,3456.7890625,T9,281,1.0,0.0
2295,30,55.15,3460.703125,T9,281,1.0,0.0
2296,30,55.15,3460.703125,T9,281,1.0,0.0
2297,30,55.2,3464.6171875,T9,281,1.0,0.0
2298,30,55.2,3464.6171875,T9,282,1.0,0.0
2299,30,55.25,3468.546875,T9,282,1.0,0.0
2300,30,55.25,3468.546875,T9,282,1.0,0.0
2301,30,55.3,3472.484375,T9,282,1.0,0.0
2302,30,55.3,3472.484375,T9,283,1.0,0.0
2303,30,55.35,3476.4296875,T9,283,1.0,0.0
2304,30,55.35,3476.4296875,T9,284,1.0,0.0
2305,30,55.4,3480.375,T9,284,1.0,0.0
2306,30,55.4,3480.375,T9,284,1.0,0.0
2307,30,55.45,3484.3359375,T9,284,1.0,0.0
2308,30,55.45,3484.3359375,T9,285,1.0,0.0
2309,30,55.5,3488.3046875,T9,285,1.0,0.0
2310,30,55.5,3488.3046875,T9,285,1.0,0.0
2311,30,55.55,3492.28125,T9,285,1.0,0.0
2312,30,55.55,3492.28125,T9,286,1.0,0.0
2313,30,55.6,3496.265625,T9,286,1.0,0.0
2314,30,55.6,3496.265625,T9,286,1.0,0.0
2315,30,55.65,3500.25,T9,286,1.0,0.0
2316,30,55.65,3500.25,T9,287,1.0,0.0
2317,30,55.7,3504.2421875,T9,287,1.0,0.0
2318,30,55.7,3504.2421875,T9,287,1.0,0.0
2319,30,55.75,3508.25,T9,287,1.0,0.0
2320,30,55.75,3508.25,T9,288,1.0,0.0
2321,30,55.817,3512.2578125,T9,288,1.0,0.0
2322,30,55.817,3512.2578125,T9,288,1.0,0.0
2323,30,55.85,3516.2734375,T9,288,1.0,0.0
2324,30,55.85,3516.2734375,T9,289,1.0,0.0
2325,30,55.9,3520.296875,T9,289,1.0,0.0
2326,30,55.9,3520.296875,T9,289,1.0,0.0
2327,30,55.95,3524.328125,T9,289,1.0,0.0
2328,30,55.95,3524.328125,T9,290,1.0,0.0
2329,30,56.0,3528.3671875,T9,290,1.0,0.0
2330,30,56.0,3528.3671875,T9,290,1.0,0.0
2331,30,56.05,3532.40625,T9,290,1.0,0.0
2332,30,56.05,3532.40625,T9,291,1.0,0.0
2333,30,56.1,3536.4609375,T9,291,1.0,0.0
2334,30,56.1,3536.4609375,T9,291,1.0,0.0
2335,30,56.15,3540.515625,T9,291,1.0,0.0
2336,30,56.15,3540.515625,T9,292,1.0,0.0
2337,30,56.2,3544.5859375,T9,292,1.0,0.0
2338,30,56.2,3544.5859375,T9,292,1.0,0.0
2339,30,56.25,3548.65625,T9,292,1.0,0.0
2340,30,56.25,3548.65625,T9,293,1.0,0.0
2341,30,56.3,3552.734375,T9,293,1.0,0.0
2342,30,56.3,3552.734375,T9,293,1.0,0.0
2343,30,56.35,3556.8125,T9,293,1.0,0.0
2344,30,56.35,3556.8125,T9,294,1.0,0.0
2345,30,56.417,3560.90625,T9,294,1.0,0.0
2346,30,56.417,3560.90625,T9,294,1.0,0.0
2347,30,56.467,3565.0,T9,294,1.0,0.0
2348,30,56.467,3565.0,T9,295,1.0,0.0
2349,30,56.517,3569.1015625,T9,295,1.0,0.0
2350,30,56.517,3569.1015625,T9,295,1.0,0.0
2351,30,56.55,3573.2109375,T9,295,1.0,0.0
2352,30,56.55,3573.2109375,T9,296,1.0,0.0
2353,30,56.6,3577.3203125,T9,296,1.0,0.0
2354,30,56.6,3577.3203125,T9,296,1.0,0.0
2355,30,56.65,3581.4375,T9,296,1.0,0.0
2356,30,56.65,3581.4375,T9,296,1.0,0.0
2357,30,56.7,3585.5625,T9,296,1.0,0.0
2358,30,56.7,3585.5625,T9,297,1.0,0.0
2359,30,56.75,3589.6953125,T9,297,1.0,0.0
2360,30,56.75,3589.6953125,T9,297,1.0,0.0
2361,30,56.8,3593.828125,T9,297,1.0,0.0
2362,30,56.8,3593.828125,T9,298,1.0,0.0
2363,30,56.85,3597.9765625,T9,298,1.0,0.0
2364,30,56.85,3597.9765625,T9,298,1.0,0.0
2365,30,56.9,3602.125,T9,298,1.0,0.0
2366,30,56.9,3602.125,T9,298,1.0,0.0
2367,30,56.95,3606.2734375,T9,298,1.0,0.0
2368,30,56.95,3606.2734375,T9,299,1.0,0.0
2369,30,57.0,3610.4375,T9,299,1.0,0.0
2370,30,57.0,3610.4375,T9,299,1.0,0.0
2371,30,57.05,3614.6015625,T9,299,1.0,0.0
2372,30,57.05,3614.6015625,T9,299,1.0,0.0
2373,30,57.1,3618.765625,T9,299,1.0,0.0
2374,30,57.1,3618.765625,T9,300,1.0,0.0
2375,30,57.15,3622.9453125,T9,300,1.0,0.0
2376,30,57.15,3622.9453125,T9,300,1.0,0.0
2377,30,57.2,3627.125,T9,300,1.0,0.0
2378,30,57.2,3627.125,T9,301,1.0,0.0
2379,30,57.25,3631.3046875,T9,301,1.0,0.0
2380,30,57.25,3631.3046875,T9,301,1.0,0.0
2381,30,57.3,3635.5,T9,301,1.0,0.0
2382,30,57.3,3635.5,T9,301,1.0,0.0
2383,30,57.35,3639.6953125,T9,301,1.0,0.0
2384,30,57.35,3639.6953125,T9,302,1.0,0.0
2385,30,57.4,3643.8984375,T9,302,1.0,0.0
2386,30,57.4,3643.8984375,T9,302,1.0,0.0
2387,30,57.45,3648.1015625,T9,302,1.0,0.0
2388,30,57.45,3648.1015625,T9,302,1.0,0.0
2389,30,57.5,3652.3125,T9,302,1.0,0.0
2390,30,57.5,3652.3125,T9,303,1.0,0.0
2391,30,57.55,3656.5234375,T9,303,1.0,0.0
2392,30,57.55,3656.5234375,T9,303,1.0,0.0
2393,30,57.6,3660.75,T9,303,1.0,0.0
2394,30,57.6,3660.75,T9,304,1.0,0.0
2395,30,57.65,3664.96875,T9,304,1.0,0.0
2396,30,57.65,3664.96875,T9,304,1.0,0.0
2397,30,57.7,3669.203125,T9,304,1.0,0.0
2398,30,57.7,3669.203125,T9,304,1.0,0.0
2399,30,57.75,3673.4375,T9,304,1.0,0.0
2400,30,57.75,3673.4375,T9,305,1.0,0.0
2401,30,57.8,3677.671875,T9,305,1.0,0.0
2402,30,57.8,3677.671875,T9,305,1.0,0.0
2403,30,57.867,3681.9140625,T9,305,1.0,0.0
2404,30,57.867,3681.9140625,T9,305,1.0,0.0
2405,30,57.917,3686.1640625,T9,305,1.0,0.0
2406,30,57.917,3686.1640625,T9,305,1.0,0.0
2407,30,57.967,3690.4140625,T9,305,1.0,0.0
2408,30,57.967,3690.4140625,T9,306,1.0,0.0
2409,30,58.017,3694.671875,T9,306,1.0,0.0
2410,30,58.017,3694.671875,T9,306,1.0,0.0
2411,30,58.067,3698.9296875,T9,306,1.0,0.0
2412,30,58.067,3698.9296875,T9,306,1.0,0.0
2413,30,58.117,3703.1953125,T9,306,1.0,0.0
2414,30,58.117,3703.1953125,T9,307,0.9529411792755127,0.0
2415,30,58.167,3707.453125,T9,307,0.9529411792755127,0.0
2416,30,58.167,3707.453125,T9,306,0.16470588743686676,0.08566183596849442
2417,30,58.217,3711.6875,T9,306,0.16470588743686676,0.08566183596849442
2418,30,58.217,3711.6875,T9,303,0.0,0.38259243965148926
2419,30,58.267,3715.875,T9,303,0.0,0.38259243965148926
2420,30,58.267,3715.875,T9,299,0.0,0.5080069303512573
2421,30,58.317,3720.0,T9,299,0.0,0.5080069303512573
2422,30,58.317,3720.0,T9,294,0.0,0.5826017260551453
2423,30,58.367,3724.046875,T9,294,0.0,0.5826017260551453
2424,30,58.367,3724.046875,T9,289,0.0,0.6041946411132812
2425,30,58.417,3728.03125,T9,289,0.0,0.6041946411132812
2426,30,58.417,3728.03125,T9,284,0.0,0.6129432320594788
2427,30,58.467,3731.9296875,T9,284,0.0,0.6129432320594788
2428,30,58.467,3731.9296875,T9,278,0.0,0.6217565536499023
2429,30,58.517,3735.75,T9,278,0.0,0.6217565536499023
2430,30,58.517,3735.75,T9,273,0.0,0.6217565536499023
2431,30,58.567,3739.4765625,T9,273,0.0,0.6217565536499023
2432,30,58.567,3739.4765625,T9,267,0.0,0.6217565536499023
2433,30,58.617,3743.125,T9,267,0.0,0.6217565536499023
2434,30,58.617,3743.125,T9,263,0.0,0.10059259831905365
2435,30,58.667,3746.6796875,T9,263,0.0,0.10059259831905365
2436,30,58.667,3746.6796875,T9,261,0.0,0.0
2437,30,58.7,3750.1796875,T9,261,0.0,0.0
2438,30,58.7,3750.1796875,T9,258,0.0,0.0
2439,30,58.75,3753.65625,T9,258,0.0,0.0
2440,30,58.75,3753.65625,T9,256,0.0,0.0
2441,30,58.8,3757.1171875,T9,256,0.0,0.0
2442,30,58.8,3757.1171875,T9,253,0.0,0.0
2443,30,58.85,3760.5703125,T9,253,0.0,0.0
2444,30,58.85,3760.5703125,T9,250,0.0,0.0
2445,30,58.917,3764.0078125,T10,250,0.0,0.0
2446,30,58.917,3764.0078125,T10,248,0.0,0.0
2447,30,58.967,3767.453125,T10,248,0.0,0.0
2448,30,58.967,3767.453125,T10,245,0.0,0.0
2449,30,59.0,3770.9453125,T10,245,0.0,0.0
2450,30,59.0,3770.9453125,T10,244,0.0,0.0
2451,30,59.067,3775.5859375,T10,244,0.0,0.0
2452,30,59.067,3775.5859375,T10,240,0.06666667014360428,0.0
2453,30,59.117,3777.875,T10,240,0.06666667014360428,0.0
2454,30,59.117,3777.875,T10,239,0.4627451002597809,0.0
2455,30,59.167,3781.296875,T10,239,0.4627451002597809,0.0
2456,30,59.167,3781.296875,T10,238,0.8313725590705872,0.0
2457,30,59.2,3784.7265625,T10,238,0.8313725590705872,0.0
2458,30,59.2,3784.7265625,T10,237,0.929411768913269,0.0
2459,30,59.25,3788.171875,T10,237,0.929411768913269,0.0
2460,30,59.25,3788.171875,T10,236,0.9333333373069763,0.0
2461,30,59.3,3791.6484375,T10,236,0.9333333373069763,0.0
2462,30,59.3,3791.6484375,T10,235,0.929411768913269,0.0
2463,30,59.35,3795.140625,T10,235,0.929411768913269,0.0
2464,30,59.35,3795.140625,T10,235,0.9254902005195618,0.0
2465,30,59.4,3798.5859375,T10,235,0.9254902005195618,0.0
2466,30,59.4,3798.5859375,T10,234,0.9333333373069763,0.0
2467,30,59.467,3801.9921875,T10,234,0.9333333373069763,0.0
2468,30,59.467,3801.9921875,T10,233,0.9529411792755127,0.0
2469,30,59.517,3805.390625,T10,233,0.9529411792755127,0.0
2470,30,59.517,3805.390625,T10,233,1.0,0.0
2471,30,59.567,3808.78125,T10,233,1.0,0.0
2472,30,59.567,3808.78125,T10,233,1.0,0.0
2473,30,59.617,3812.171875,T10,233,1.0,0.0
2474,30,59.617,3812.171875,T10,233,1.0,0.0
2475,30,59.667,3815.5859375,T10,233,1.0,0.0
2476,30,59.667,3815.5859375,T10,232,1.0,0.0
2477,30,59.717,3818.9375,T10,232,1.0,0.0
2478,30,59.717,3818.9375,T10,232,1.0,0.0
2479,30,59.767,3822.234375,T10,232,1.0,0.0
2480,30,59.767,3822.234375,T10,232,1.0,0.0
2481,30,59.8,3825.484375,T10,232,1.0,0.0
2482,30,59.8,3825.484375,T10,232,1.0,0.0
2483,30,59.85,3828.6875,T10,232,1.0,0.0
2484,30,59.85,3828.6875,T10,231,1.0,0.0
2485,30,59.9,3831.8671875,T10,231,1.0,0.0
2486,30,59.9,3831.8671875,T10,231,1.0,0.0
2487,30,59.967,3835.0390625,T10,231,1.0,0.0
2488,30,59.967,3835.0390625,T10,231,1.0,0.0
2489,30,60.017,3838.1875,T10,231,1.0,0.0
2490,30,60.017,3838.1875,T10,231,1.0,0.0
2491,30,60.05,3841.3046875,T10,231,1.0,0.0
2492,30,60.05,3841.3046875,T10,230,1.0,0.0
2493,30,60.1,3844.4140625,T10,230,1.0,0.0
2494,30,60.1,3844.4140625,T10,230,1.0,0.0
2495,30,60.167,3848.546875,T10,230,1.0,0.0
2496,30,60.167,3848.546875,T10,230,1.0,0.0
2497,30,60.217,3850.609375,T10,230,1.0,0.0
2498,30,60.217,3850.609375,T10,230,1.0,0.0
2499,30,60.267,3853.703125,T10,230,1.0,0.0
2500,30,60.267,3853.703125,T10,230,1.0,0.0
2501,30,60.3,3856.796875,T10,230,1.0,0.0
2502,30,60.3,3856.796875,T10,230,1.0,0.0
2503,30,60.35,3859.890625,T10,230,1.0,0.0
2504,30,60.35,3859.890625,T10,231,1.0,0.0
2505,30,60.417,3863.0546875,T10,231,1.0,0.0
2506,30,60.417,3863.0546875,T10,231,1.0,0.0
2507,30,60.467,3866.2578125,T10,231,1.0,0.0
2508,30,60.467,3866.2578125,T10,232,1.0,0.0
2509,30,60.5,3869.4765625,T10,232,1.0,0.0
2510,30,60.5,3869.4765625,T10,232,1.0,0.0
2511,30,60.55,3872.7109375,T10,232,1.0,0.0
2512,30,60.55,3872.7109375,T10,233,1.0,0.0
2513,30,60.617,3875.96875,T10,233,1.0,0.0
2514,30,60.617,3875.96875,T10,234,1.0,0.0
2515,30,60.667,3879.234375,T10,234,1.0,0.0
2516,30,60.667,3879.234375,T10,235,1.0,0.0
2517,30,60.717,3882.515625,T10,235,1.0,0.0
2518,30,60.717,3882.515625,T10,237,1.0,0.0
2519,30,60.767,3885.8203125,T10,237,1.0,0.0
2520,30,60.767,3885.8203125,T10,238,1.0,0.0
2521,30,60.8,3889.140625,T10,238,1.0,0.0
2522,30,60.8,3889.140625,T10,239,1.0,0.0
2523,30,60.85,3892.4765625,T10,239,1.0,0.0
2524,30,60.85,3892.4765625,T10,240,1.0,0.0
2525,30,60.9,3895.828125,T10,240,1.0,0.0
2526,30,60.9,3895.828125,T10,242,1.0,0.0
2527,30,60.967,3899.203125,T10,242,1.0,0.0
2528,30,60.967,3899.203125,T10,243,1.0,0.0
2529,30,61.017,3902.59375,T10,243,1.0,0.0
2530,30,61.017,3902.59375,T10,244,1.0,0.0
2531,30,61.05,3906.0,T10,244,1.0,0.0
2532,30,61.05,3906.0,T10,245,1.0,0.0
2533,30,61.1,3909.421875,T10,245,1.0,0.0
2534,30,61.1,3909.421875,T10,247,1.0,0.0
2535,30,61.15,3912.8671875,T10,247,1.0,0.0
2536,30,61.15,3912.8671875,T10,248,1.0,0.0
2537,30,61.217,3916.328125,T10,248,1.0,0.0
2538,30,61.217,3916.328125,T10,249,0.6392157077789307,0.0
2539,30,61.267,3919.7890625,T10,249,0.6392157077789307,0.0
2540,30,61.267,3919.7890625,T10,248,0.0,0.0
2541,30,61.317,3923.234375,T10,248,0.0,0.0
2542,30,61.317,3923.234375,T10,247,0.0,0.27900877594947815
2543,30,61.35,3926.640625,T10,247,0.0,0.27900877594947815
2544,30,61.35,3926.640625,T10,243,0.0,0.5160627365112305
2545,30,61.4,3929.9921875,T10,243,0.0,0.5160627365112305
2546,30,61.4,3929.9921875,T10,239,0.0,0.5530226230621338
2547,30,61.45,3933.2890625,T10,239,0.0,0.5530226230621338
2548,30,61.45,3933.2890625,T10,235,0.0,0.5488574504852295
2549,30,61.517,3936.53125,T10,235,0.0,0.5488574504852295
2550,30,61.517,3936.53125,T10,231,0.0,0.5488574504852295
2551,30,61.567,3939.7109375,T10,231,0.0,0.5488574504852295
2552,30,61.567,3939.7109375,T10,227,0.0,0.5488574504852295
2553,30,61.617,3942.8359375,T10,227,0.0,0.5488574504852295
2554,30,61.617,3942.8359375,T10,223,0.0,0.5488574504852295
2555,30,61.667,3945.90625,T10,223,0.0,0.5488574504852295
2556,30,61.667,3945.90625,T10,219,0.0,0.5488574504852295
2557,30,61.7,3948.921875,T10,219,0.0,0.5488574504852295
2558,30,61.7,3948.921875,T10,215,0.0,0.5488574504852295
2559,30,61.75,3951.8671875,T10,215,0.0,0.5488574504852295
2560,30,61.75,3951.8671875,T10,211,0.0,0.5530226230621338
2561,30,61.8,3954.765625,T10,211,0.0,0.5530226230621338
2562,30,61.8,3954.765625,T10,207,0.0,0.5488574504852295
2563,30,61.85,3957.6015625,T10,207,0.0,0.5488574504852295
2564,30,61.85,3957.6015625,T10,203,0.0,0.5488574504852295
2565,30,61.9,3960.3828125,T10,203,0.0,0.5488574504852295
2566,30,61.9,3960.3828125,T10,200,0.0,0.5488574504852295
2567,30,61.967,3963.1171875,T10,200,0.0,0.5488574504852295
2568,30,61.967,3963.1171875,T10,196,0.0,0.5488574504852295
2569,30,62.0,3965.8046875,T10,196,0.0,0.5488574504852295
2570,30,62.0,3965.8046875,T10,193,0.0,0.5572026968002319
2571,30,62.05,3968.4375,T10,193,0.0,0.5572026968002319
2572,30,62.05,3968.4375,T10,189,0.0,0.565608024597168
2573,30,62.1,3971.0078125,T10,189,0.0,0.565608024597168
2574,30,62.1,3971.0078125,T10,185,0.0,0.5040000081062317
2575,30,62.15,3973.53125,T10,185,0.0,0.5040000081062317
2576,30,62.15,3973.53125,T10,183,0.0,0.08268392086029053
2577,30,62.2,3976.0234375,T10,183,0.0,0.08268392086029053
2578,30,62.2,3976.0234375,T10,182,0.0,0.0
2579,30,62.25,3978.4921875,T10,182,0.0,0.0
2580,30,62.25,3978.4921875,T10,181,0.0,0.0
2581,30,62.3,3980.9296875,T10,181,0.0,0.0
2582,30,62.3,3980.9296875,T10,179,0.0,0.0
2583,30,62.35,3983.3359375,T10,179,0.0,0.0
2584,30,62.35,3983.3359375,T10,178,0.0,0.0
2585,30,62.4,3985.6953125,T10,178,0.0,0.0
2586,30,62.4,3985.6953125,T10,177,0.0,0.0
2587,30,62.467,3988.0234375,T10,177,0.0,0.0
2588,30,62.467,3988.0234375,T10,175,0.0,0.0
2589,30,62.517,3990.3671875,T10,175,0.0,0.0
2590,30,62.517,3990.3671875,T10,174,0.0,0.0
2591,30,62.55,3992.8671875,T10,174,0.0,0.0
2592,30,62.55,3992.8671875,T10,172,0.0,0.0
2593,30,62.6,3995.3984375,T10,172,0.0,0.0
2594,30,62.6,3995.3984375,T10,171,0.0,0.0
2595,30,62.65,3998.0078125,T10,171,0.0,0.0
2596,30,62.65,3998.0078125,T10,170,0.0,0.0
2597,30,62.7,4000.6875,T10,170,0.0,0.0
2598,30,62.7,4000.6875,T10,168,0.0,0.0
2599,30,62.75,4003.46875,T10,168,0.0,0.0
2600,30,62.75,4003.46875,T10,166,0.0,0.0
2601,30,62.8,4006.375,T10,166,0.0,0.0
2602,30,62.8,4006.375,T10,164,0.14901961386203766,0.0
2603,30,62.85,4009.4375,T10,164,0.14901961386203766,0.0
2604,30,62.85,4009.4375,T10,162,0.30588236451148987,0.0
2605,30,62.9,4012.421875,T10,162,0.30588236451148987,0.0
2606,30,62.9,4012.421875,T10,161,0.4000000059604645,0.0
2607,30,62.967,4015.2265625,T10,161,0.4000000059604645,0.0
2608,30,62.967,4015.2265625,T10,160,0.45098039507865906,0.0
2609,30,63.017,4017.8828125,T10,160,0.45098039507865906,0.0
2610,30,63.017,4017.8828125,T10,158,0.5490196347236633,0.0
2611,30,63.05,4020.4453125,T10,158,0.5490196347236633,0.0
2612,30,63.05,4020.4453125,T10,158,0.6431372761726379,0.0
2613,30,63.1,4022.9453125,T10,158,0.6431372761726379,0.0
2614,30,63.1,4022.9453125,T10,157,0.6901960968971252,0.0
2615,30,63.15,4025.40625,T10,157,0.6901960968971252,0.0
2616,30,63.15,4025.40625,T10,157,0.7529411911964417,0.0
2617,30,63.217,4027.765625,T10,157,0.7529411911964417,0.0
2618,30,63.217,4027.765625,T10,157,0.772549033164978,0.0
2619,30,63.267,4029.875,T10,157,0.772549033164978,0.0
2620,30,63.267,4029.875,T10,158,0.800000011920929,0.0
2621,30,63.3,4032.0078125,T10,158,0.800000011920929,0.0
2622,30,63.3,4032.0078125,T10,158,0.9058823585510254,0.0
2623,30,63.35,4034.15625,T10,158,0.9058823585510254,0.0
2624,30,63.35,4034.15625,T10,159,1.0,0.0
2625,30,63.417,4036.3359375,T10,159,1.0,0.0
2626,30,63.417,4036.3359375,T10,161,1.0,0.0
2627,30,63.467,4038.53125,T10,161,1.0,0.0
2628,30,63.467,4038.53125,T10,162,1.0,0.0
2629,30,63.5,4040.7578125,T10,162,1.0,0.0
2630,30,63.5,4040.7578125,T10,163,1.0,0.0
2631,30,63.55,4043.0,T10,163,1.0,0.0
2632,30,63.55,4043.0,T10,164,1.0,0.0
2633,30,63.6,4045.265625,T10,164,1.0,0.0
2634,30,63.6,4045.265625,T10,164,1.0,0.0
2635,30,63.65,4047.546875,T10,164,1.0,0.0
2636,30,63.65,4047.546875,T10,166,1.0,0.0
2637,30,63.717,4049.8515625,T10,166,1.0,0.0
2638,30,63.717,4049.8515625,T10,167,1.0,0.0
2639,30,63.767,4052.1640625,T10,167,1.0,0.0
2640,30,63.767,4052.1640625,T10,168,1.0,0.0
2641,30,63.8,4054.5078125,T10,168,1.0,0.0
2642,30,63.8,4054.5078125,T10,170,1.0,0.0
2643,30,63.85,4056.875,T10,170,1.0,0.0
2644,30,63.85,4056.875,T10,172,1.0,0.0
2645,30,63.9,4059.2734375,T10,172,1.0,0.0
2646,30,63.9,4059.2734375,T10,174,1.0,0.0
2647,30,63.967,4062.5,T10,174,1.0,0.0
2648,30,63.967,4062.5,T10,176,1.0,0.0
2649,30,64.017,4064.1328125,T10,176,1.0,0.0
2650,30,64.017,4064.1328125,T10,177,1.0,0.0
2651,30,64.067,4066.6015625,T10,177,1.0,0.0
2652,30,64.067,4066.6015625,T10,179,1.0,0.0
2653,30,64.1,4069.09375,T10,179,1.0,0.0
2654,30,64.1,4069.09375,T10,181,1.0,0.0
2655,30,64.15,4071.6171875,T10,181,1.0,0.0
2656,30,64.15,4071.6171875,T10,183,1.0,0.0
2657,30,64.217,4075.03125,T10,183,1.0,0.0
2658,30,64.217,4075.03125,T10,186,1.0,0.0
2659,30,64.267,4076.7578125,T10,186,1.0,0.0
2660,30,64.267,4076.7578125,T10,187,1.0,0.0
2661,30,64.3,4079.3671875,T10,187,1.0,0.0
2662,30,64.3,4079.3671875,T10,189,1.0,0.0
2663,30,64.35,4082.0,T10,189,1.0,0.0
2664,30,64.35,4082.0,T10,191,1.0,0.0
2665,30,64.417,4084.65625,T10,191,1.0,0.0
2666,30,64.417,4084.65625,T10,192,1.0,0.0
2667,30,64.467,4087.3359375,T10,192,1.0,0.0
2668,30,64.467,4087.3359375,T10,194,1.0,0.0
2669,30,64.5,4090.046875,T10,194,1.0,0.0
2670,30,64.5,4090.046875,T10,196,1.0,0.0
2671,30,64.55,4092.7734375,T10,196,1.0,0.0
2672,30,64.55,4092.7734375,T10,197,1.0,0.0
2673,30,64.617,4095.5234375,T10,197,1.0,0.0
2674,30,64.617,4095.5234375,T10,199,1.0,0.0
2675,30,64.667,4098.296875,T10,199,1.0,0.0
2676,30,64.667,4098.296875,T10,201,1.0,0.0
2677,30,64.7,4101.09375,T10,201,1.0,0.0
2678,30,64.7,4101.09375,T10,202,1.0,0.0
2679,30,64.767,4104.8671875,T10,202,1.0,0.0
2680,30,64.767,4104.8671875,T10,205,1.0,0.0
2681,30,64.817,4106.7734375,T10,205,1.0,0.0
2682,30,64.817,4106.7734375,T10,206,1.0,0.0
2683,30,64.867,4109.6484375,T10,206,1.0,0.0
2684,30,64.867,4109.6484375,T10,208,1.0,0.0
2685,30,64.9,4112.546875,T10,208,1.0,0.0
2686,30,64.9,4112.546875,T10,209,1.0,0.0
2687,30,64.95,4115.4609375,T10,209,1.0,0.0
2688,30,64.95,4115.4609375,T10,211,1.0,0.0
2689,30,65.0,4118.3984375,T10,211,1.0,0.0
2690,30,65.0,4118.3984375,T10,213,1.0,0.0
2691,30,65.067,4122.3515625,T10,213,1.0,0.0
2692,30,65.067,4122.3515625,T10,215,1.0,0.0
2693,30,65.117,4124.3359375,T10,215,1.0,0.0
2694,30,65.117,4124.3359375,T10,216,1.0,0.0
2695,30,65.167,4127.3359375,T10,216,1.0,0.0
2696,30,65.167,4127.3359375,T10,217,1.0,0.0
2697,30,65.217,4130.3515625,T10,217,1.0,0.0
2698,30,65.217,4130.3515625,T10,219,1.0,0.0
2699,30,65.25,4133.40625,T10,219,1.0,0.0
2700,30,65.25,4133.40625,T10,220,1.0,0.0
2701,30,65.3,4136.4765625,T10,220,1.0,0.0
2702,30,65.3,4136.4765625,T10,222,1.0,0.0
2703,30,65.367,4140.5859375,T10,222,1.0,0.0
2704,30,65.367,4140.5859375,T10,223,1.0,0.0
2705,30,65.417,4142.65625,T10,223,1.0,0.0
2706,30,65.417,4142.65625,T10,224,1.0,0.0
2707,30,65.467,4145.7734375,T10,224,1.0,0.0
2708,30,65.467,4145.7734375,T10,226,1.0,0.0
2709,30,65.5,4148.90625,T10,226,1.0,0.0
2710,30,65.5,4148.90625,T10,227,1.0,0.0
2711,30,65.55,4152.0546875,T10,227,1.0,0.0
2712,30,65.55,4152.0546875,T10,229,1.0,0.0
2713,30,65.6,4155.2265625,T10,229,1.0,0.0
2714,30,65.6,4155.2265625,T10,230,1.0,0.0
2715,30,65.65,4158.4140625,T10,230,1.0,0.0
2716,30,65.65,4158.4140625,T10,231,1.0,0.0
2717,30,65.701,4161.6171875,T10,231,1.0,0.0
2718,30,65.701,4161.6171875,T10,233,1.0,0.0
2719,30,65.751,4164.84375,T10,233,1.0,0.0
2720,30,65.751,4164.84375,T10,234,1.0,0.0
2721,30,65.801,4168.109375,T10,234,1.0,0.0
2722,30,65.801,4168.109375,T10,236,1.0,0.0
2723,30,65.851,4171.3984375,T10,236,1.0,0.0
2724,30,65.851,4171.3984375,T10,237,1.0,0.0
2725,30,65.901,4174.703125,T10,237,1.0,0.0
2726,30,65.901,4174.703125,T10,238,1.0,0.0
2727,30,65.967,4178.03125,T10,238,1.0,0.0
2728,30,65.967,4178.03125,T10,240,1.0,0.0
2729,30,66.017,4181.375,T10,240,1.0,0.0
2730,30,66.017,4181.375,T10,241,1.0,0.0
2731,30,66.067,4184.734375,T10,241,1.0,0.0
2732,30,66.067,4184.734375,T10,242,1.0,0.0
2733,30,66.117,4188.1171875,T10,242,1.0,0.0
2734,30,66.117,4188.1171875,T10,244,1.0,0.0
2735,30,66.167,4191.515625,T10,244,1.0,0.0
2736,30,66.167,4191.515625,T10,245,1.0,0.0
2737,30,66.201,4194.9296875,T10,245,1.0,0.0
2738,30,66.201,4194.9296875,T10,246,1.0,0.0
2739,30,66.251,4198.3671875,T10,246,1.0,0.0
2740,30,66.251,4198.3671875,T10,247,1.0,0.0
2741,30,66.301,4201.8203125,T10,247,1.0,0.0
2742,30,66.301,4201.8203125,T10,249,1.0,0.0
2743,30,66.351,4205.2890625,T10,249,1.0,0.0
2744,30,66.351,4205.2890625,T10,250,1.0,0.0
2745,30,66.401,4208.7734375,T10,250,1.0,0.0
2746,30,66.401,4208.7734375,T10,251,1.0,0.0
2747,30,66.451,4212.2734375,T10,251,1.0,0.0
2748,30,66.451,4212.2734375,T10,252,1.0,0.0
2749,30,66.501,4215.7890625,T10,252,1.0,0.0
2750,30,66.501,4215.7890625,T10,253,1.0,0.0
2751,30,66.551,4219.328125,T10,253,1.0,0.0
2752,30,66.551,4219.328125,T10,255,1.0,0.0
2753,30,66.617,4224.0625,T10,255,1.0,0.0
2754,30,66.617,4224.0625,T10,256,1.0,0.0
2755,30,66.667,4226.4453125,T10,256,1.0,0.0
2756,30,66.667,4226.4453125,T10,257,1.0,0.0
2757,30,66.717,4230.0234375,T10,257,1.0,0.0
2758,30,66.717,4230.0234375,T10,258,1.0,0.0
2759,30,66.767,4233.6171875,T10,258,1.0,0.0
2760,30,66.767,4233.6171875,T10,259,1.0,0.0
2761,30,66.801,4237.234375,T10,259,1.0,0.0
2762,30,66.801,4237.234375,T10,260,1.0,0.0
2763,30,66.851,4240.859375,T10,260,1.0,0.0
2764,30,66.851,4240.859375,T10,261,1.0,0.0
2765,30,66.901,4244.5,T10,261,1.0,0.0
2766,30,66.901,4244.5,T10,262,1.0,0.0
2767,30,66.951,4248.1640625,T10,262,1.0,0.0
2768,30,66.951,4248.1640625,T10,264,1.0,0.0
2769,30,67.001,4251.8359375,T10,264,1.0,0.0
2770,30,67.001,4251.8359375,T10,265,1.0,0.0
2771,30,67.051,4255.5234375,T10,265,1.0,0.0
2772,30,67.051,4255.5234375,T10,266,1.0,0.0
2773,30,67.101,4259.2265625,T10,266,1.0,0.0
2774,30,67.101,4259.2265625,T10,267,1.0,0.0
2775,30,67.151,4262.9453125,T10,267,1.0,0.0
2776,30,67.151,4262.9453125,T10,268,1.0,0.0
2777,30,67.201,4266.6796875,T10,268,1.0,0.0
2778,30,67.201,4266.6796875,T10,269,1.0,0.0
2779,30,67.251,4270.421875,T10,269,1.0,0.0
2780,30,67.251,4270.421875,T10,270,1.0,0.0
2781,30,67.301,4274.1796875,T10,270,1.0,0.0
2782,30,67.301,4274.1796875,T10,271,1.0,0.0
2783,30,67.351,4277.953125,T10,271,1.0,0.0
2784,30,67.351,4277.953125,T10,271,1.0,0.0
2785,30,67.401,4281.734375,T10,271,1.0,0.0
2786,30,67.401,4281.734375,T10,272,1.0,0.0
2787,30,67.451,4285.53125,T10,272,1.0,0.0
2788,30,67.451,4285.53125,T10,273,1.0,0.0
2789,30,67.501,4289.34375,T10,273,1.0,0.0
2790,30,67.501,4289.34375,T10,274,1.0,0.0
2791,30,67.551,4293.1640625,T10,274,1.0,0.0
2792,30,67.551,4293.1640625,T10,275,1.0,0.0
2793,30,67.601,4297.0078125,T10,275,1.0,0.0
2794,30,67.601,4297.0078125,T10,276,1.0,0.0
2795,30,67.651,4300.8515625,T10,276,1.0,0.0
2796,30,67.651,4300.8515625,T10,277,1.0,0.0
2797,30,67.701,4304.7109375,T10,277,1.0,0.0
2798,30,67.701,4304.7109375,T10,278,1.0,0.0
2799,30,67.751,4308.5859375,T10,278,1.0,0.0
2800,30,67.751,4308.5859375,T10,279,1.0,0.0
2801,30,67.801,4312.46875,T10,279,1.0,0.0
2802,30,67.801,4312.46875,T10,280,1.0,0.0
2803,30,67.851,4316.3671875,T10,280,1.0,0.0
2804,30,67.851,4316.3671875,T10,280,1.0,0.0
2805,30,67.901,4320.28125,T10,280,1.0,0.0
2806,30,67.901,4320.28125,T10,281,1.0,0.0
